"CustomerID","Recency","Frequency","Monetary","AvgTransactionValue","TotalQuantity","PurchaseFrequency","ProductVariety","Country","FirstPurchaseDate","LastPurchaseDate","Cluster","High_Value"
"12346",326.117361111111,12,77556.46,6463.03833333333,74285,0.897620370995642,27,"United Kingdom",2009-12-14 08:34:00,2011-01-18 10:01:00,"1","High_Value"
"12347",2.87361111111111,8,4921.53,615.19125,2967,0.595439101879355,126,"Iceland",2010-10-31 14:20:00,2011-12-07 15:52:00,"1","High_Value"
"12348",75.9840277777778,5,2019.4,403.88,2714,0.412171264793323,25,"Finland",2010-09-27 14:59:00,2011-09-25 13:13:00,"1","High_Value"
"12349",19.1243055555556,4,4428.69,1107.1725,1624,0.209843455325081,138,"Italy",2010-04-29 13:20:00,2011-11-21 09:51:00,"1","High_Value"
"12350",310.867361111111,1,334.4,334.4,197,30,17,"Norway",2011-02-02 16:01:00,2011-02-02 16:01:00,"2","Not_High_Value"
"12351",375.89375,1,300.93,300.93,261,30,21,"Unspecified",2010-11-29 15:23:00,2010-11-29 15:23:00,"2","Not_High_Value"
"12352",36.9256944444444,10,2849.84,284.984,724,0.839916241685899,70,"Norway",2010-11-12 10:20:00,2011-11-03 14:37:00,"1","High_Value"
"12353",204.79375,2,406.76,203.38,212,0.292382818448544,23,"Bahrain",2010-10-27 12:44:00,2011-05-19 17:47:00,"2","Not_High_Value"
"12354",232.985416666667,1,1079.4,1079.4,530,30,58,"Spain",2011-04-21 13:11:00,2011-04-21 13:11:00,"2","Not_High_Value"
"12355",214.959027777778,2,947.61,473.805,543,0.169454959107223,35,"Bahrain",2010-05-21 11:59:00,2011-05-09 13:49:00,"1","High_Value"
"12356",23.1736111111111,6,6371.73,1061.955,3416,0.44669784819856,104,"Portugal",2010-10-11 09:42:00,2011-11-17 08:40:00,"1","High_Value"
"12357",33.8631944444444,3,18287.66,6095.88666666667,6587,0.252630594032772,261,"Switzerland",2010-11-16 10:05:00,2011-11-06 16:07:00,"1","High_Value"
"12358",2.1,5,3887.07,777.414,1079,0.205169706692807,56,"Austria",2009-12-08 07:59:00,2011-12-08 10:26:00,"1","High_Value"
"12359",58.0020833333333,10,8873.39,887.339,2739,0.442498271491127,305,"Cyprus",2009-12-05 13:32:00,2011-10-13 12:47:00,"1","High_Value"
"12360",52.8944444444444,8,4252.89,531.61125,2459,0.397191159738424,160,"Austria",2010-02-22 09:32:00,2011-10-18 15:22:00,"1","High_Value"
"12361",287.957638888889,4,511.25,127.8125,235,0.303054749786915,18,"Belgium",2010-01-26 14:37:00,2011-02-25 13:51:00,"2","Not_High_Value"
"12362",3.88194444444444,11,5356.23,486.93,2230,0.448230000848921,201,"Belgium",2009-12-01 10:10:00,2011-12-06 15:40:00,"1","High_Value"
"12363",110.105555555556,2,552,276,408,0.4482048462149,23,"Unspecified",2011-04-11 13:29:00,2011-08-22 10:18:00,"2","Not_High_Value"
"12364",8.10277777777778,4,1313.1,328.275,1506,1.13431973637569,70,"Belgium",2011-08-19 15:24:00,2011-12-02 10:22:00,"1","High_Value"
"12365",291.948611111111,2,641.38,320.69,174,59.4631796283551,22,"Cyprus",2011-02-21 13:51:00,2011-02-21 14:04:00,"2","Not_High_Value"
"12366",634.098611111111,1,500.24,500.24,296,30,3,"Cyprus",2010-03-16 10:28:00,2010-03-16 10:28:00,"2","Not_High_Value"
"12367",4.83472222222222,1,168.9,168.9,173,30,11,"Denmark",2011-12-05 16:48:00,2011-12-05 16:48:00,"2","Not_High_Value"
"12368",628.870833333333,1,917.7,917.7,330,30,18,"Cyprus",2010-03-21 15:56:00,2010-03-21 15:56:00,"2","Not_High_Value"
"12369",413.984027777778,3,1791.15,597.05,1241,0.392651122206602,90,"Austria",2010-03-08 08:09:00,2010-10-22 13:13:00,"1","High_Value"
"12370",51.9159722222222,7,4316.56,616.651428571429,2604,0.339687496489671,168,"Austria",2010-02-09 09:41:00,2011-10-19 14:51:00,"1","High_Value"
"12371",45.1069444444444,5,4067.38,813.476,1436,0.249309493497754,134,"Switzerland",2010-03-04 18:23:00,2011-10-26 10:16:00,"1","High_Value"
"12372",72.0263888888889,3,1298.04,432.68,794,0.398271697510187,34,"Denmark",2011-02-16 12:46:00,2011-09-29 12:12:00,"1","High_Value"
"12373",311.986111111111,3,1127.65,375.883333333333,516,0.247904480261371,36,"Austria",2010-02-04 12:08:00,2011-02-01 13:10:00,"1","High_Value"
"12374",25.8840277777778,4,2989.22,747.305,1362,0.212740810778868,79,"Austria",2010-04-30 14:01:00,2011-11-14 15:37:00,"1","High_Value"
"12375",11.0930555555556,2,457.5,228.75,178,0.675353505350457,14,"Finland",2011-09-02 14:23:00,2011-11-29 10:36:00,"2","Not_High_Value"
"12376",390.024305555556,2,503.15,251.575,240,2.0584661568151,11,"Switzerland",2010-10-18 08:42:00,2010-11-15 12:15:00,"2","Not_High_Value"
"12377",315.878472222222,4,3426.32,856.58,2105,0.436351515488206,129,"Switzerland",2010-04-29 15:34:00,2011-01-28 15:45:00,"1","High_Value"
"12378",130.094444444444,2,5416.32,2708.16,3316,0.1382959822136,281,"Switzerland",2010-05-26 14:07:00,2011-08-02 10:34:00,"1","High_Value"
"12379",82.1118055555555,4,1620.22,405.055,815,0.26438188494492,58,"Belgium",2010-06-23 12:49:00,2011-09-19 10:09:00,"1","High_Value"
"12380",22.0576388888889,11,9676.3,879.663636363636,3355,0.514039820778372,156,"Belgium",2010-02-15 12:05:00,2011-11-18 11:27:00,"1","High_Value"
"12381",5.00416666666667,5,1845.31,369.062,808,1.29181194567213,70,"Norway",2011-08-12 09:57:00,2011-12-05 12:44:00,"1","High_Value"
"12383",185.2,5,1850.56,370.112,1532,0.888984006519216,84,"Belgium",2010-12-22 14:28:00,2011-06-08 08:02:00,"1","High_Value"
"12384",29.1743055555556,2,585.27,292.635,126,0.639072161898281,26,"Switzerland",2011-08-10 11:23:00,2011-11-11 08:39:00,"2","Not_High_Value"
"12385",379.9,1,1938.4,1938.4,612,30,65,"Belgium",2010-11-25 15:14:00,2010-11-25 15:14:00,"1","High_Value"
"12386",338.009027777778,2,401.9,200.95,354,1.99243612212896,10,"Australia",2010-12-08 09:53:00,2011-01-06 12:37:00,"2","Not_High_Value"
"12387",415.849305555556,1,143.94,143.94,134,30,9,"Australia",2010-10-20 16:27:00,2010-10-20 16:27:00,"2","Not_High_Value"
"12388",16.0138888888889,8,3901.11,487.63875,2001,0.422547609965081,83,"Australia",2010-05-06 12:54:00,2011-11-24 12:30:00,"1","High_Value"
"12389",403.040277777778,3,1433.33,477.776666666667,614,0.35423676463755,41,"Australia",2010-02-22 10:15:00,2010-11-02 11:52:00,"1","High_Value"
"12390",80.1368055555556,1,549.84,549.84,353,30,32,"Belgium",2011-09-21 09:33:00,2011-09-21 09:33:00,"2","Not_High_Value"
"12391",22.0298611111111,6,2724.84,454.14,1204,0.280338959219983,241,"Cyprus",2010-02-15 10:12:00,2011-11-18 12:07:00,"1","High_Value"
"12392",591.948611111111,1,234.75,234.75,73,30,7,"Australia",2010-04-27 14:04:00,2010-04-27 14:04:00,"2","Not_High_Value"
"12393",72.88125,6,2399.45,399.908333333333,1311,0.504091856738339,63,"Australia",2010-10-07 13:49:00,2011-09-28 15:41:00,"1","High_Value"
"12394",64.1958333333333,2,1272.48,636.24,819,0.387709953465831,26,"Belgium",2011-05-06 14:01:00,2011-10-07 08:08:00,"1","High_Value"
"12395",19.8951388888889,15,4721.17,314.744666666667,3205,0.770268583621095,145,"Belgium",2010-04-16 10:16:00,2011-11-20 15:21:00,"1","High_Value"
"12396",674.977777777778,1,931.43,931.43,591,30,65,"RSA",2010-02-03 13:22:00,2010-02-03 13:22:00,"2","Not_High_Value"
"12397",36.1236111111111,2,2409.9,1204.95,1263,0.595160190396153,110,"Belgium",2011-07-27 14:21:00,2011-11-04 09:52:00,"1","High_Value"
"12398",46.0993055555556,1,1635.66,1635.66,1394,30,85,"Switzerland",2011-10-25 10:27:00,2011-10-25 10:27:00,"1","High_Value"
"12399",119.982638888889,7,1962.3,280.328571428571,2198,0.399097279961991,67,"Belgium",2010-03-05 08:45:00,2011-08-12 13:15:00,"1","High_Value"
"12400",414.961805555556,1,205.25,205.25,91,30,11,"Australia",2010-10-21 13:45:00,2010-10-21 13:45:00,"2","Not_High_Value"
"12401",303.958333333333,1,84.3,84.3,11,30,5,"Belgium",2011-02-09 13:50:00,2011-02-09 13:50:00,"2","Not_High_Value"
"12402",323.959027777778,6,1256.9,209.483333333333,584,0.517171201225887,43,"Belgium",2010-02-07 12:41:00,2011-01-20 13:49:00,"1","High_Value"
"12403",50.0826388888889,2,1019.36,509.68,260,0.126858834308267,5,"Denmark",2010-07-06 11:39:00,2011-10-21 10:51:00,"2","Not_High_Value"
"12404",682.850694444444,1,63.24,63.24,1,30,1,"Finland",2010-01-26 16:25:00,2010-01-26 16:25:00,"2","Not_High_Value"
"12405",149.165277777778,1,1710.39,1710.39,857,30,54,"Finland",2011-07-14 08:52:00,2011-07-14 08:52:00,"1","High_Value"
"12406",22.7277777777778,5,6390.36,1278.072,3416,0.221821027401059,114,"Denmark",2010-01-11 14:04:00,2011-11-17 19:22:00,"1","High_Value"
"12407",50.1104166666667,5,1708.12,341.624,1416,0.69486890783336,57,"Belgium",2011-03-20 13:21:00,2011-10-21 10:11:00,"1","High_Value"
"12408",33.0159722222222,8,4340.77,542.59625,2229,0.513964486481663,104,"Belgium",2010-07-29 13:27:00,2011-11-07 12:27:00,"1","High_Value"
"12409",79.0916666666667,7,23419.29,3345.61285714286,13143,0.430501240680659,177,"Switzerland",2010-05-23 15:21:00,2011-09-22 10:38:00,"1","High_Value"
"12410",309.090972222222,3,1013.71,337.903333333333,341,0.461813115349941,36,"Switzerland",2010-07-25 13:26:00,2011-02-04 10:39:00,"1","High_Value"
"12411",410.142361111111,1,346.9,346.9,138,30,22,"Australia",2010-10-26 09:25:00,2010-10-26 09:25:00,"2","Not_High_Value"
"12412",75.1069444444445,6,2596.93,432.821666666667,1997,0.38637318999365,82,"Denmark",2010-06-18 13:22:00,2011-09-26 10:16:00,"1","High_Value"
"12413",67.1597222222222,4,999.45,249.8625,319,0.356278375469574,41,"Spain",2010-11-02 13:26:00,2011-10-04 09:00:00,"1","High_Value"
"12414",217.915972222222,6,952.41,158.735,495,0.728439784278403,21,"Austria",2010-09-02 12:22:00,2011-05-06 14:51:00,"1","High_Value"
"12415",24.9361111111111,28,144458.37,5159.2275,91447,1.66585871050196,498,"Australia",2010-06-30 08:30:00,2011-11-15 14:22:00,"1","High_Value"
"12416",657.104861111111,1,202.56,202.56,132,30,11,"Australia",2010-02-21 10:19:00,2010-02-21 10:19:00,"2","Not_High_Value"
"12417",3.91527777777778,20,6797.41,339.8705,2884,0.820589190636925,270,"Belgium",2009-12-06 10:30:00,2011-12-06 14:52:00,"1","High_Value"
"12418",113.070833333333,4,2021.2,505.3,1088,0.231281645633154,90,"Switzerland",2010-03-19 14:47:00,2011-08-19 11:08:00,"1","High_Value"
"12419",386.115277777778,2,503.01,251.505,231,2.07075064710958,23,"Spain",2010-10-22 10:40:00,2010-11-19 10:04:00,"2","Not_High_Value"
"12420",64.1631944444444,1,600.39,600.39,345,30,29,"Cyprus",2011-10-07 08:55:00,2011-10-07 08:55:00,"2","Not_High_Value"
"12421",16.1548611111111,6,1098.6,183.1,652,0.36674920410329,44,"Spain",2010-07-22 13:57:00,2011-11-24 09:07:00,"1","High_Value"
"12422",96.1263888888889,17,5231.8,307.752941176471,2596,0.813555717045676,137,"Australia",2009-12-18 12:44:00,2011-09-05 09:48:00,"1","High_Value"
"12423",1.11111111111111,10,2622.39,262.239,1793,0.643739410710214,128,"Denmark",2010-08-31 09:31:00,2011-12-09 10:10:00,"1","High_Value"
"12424",163.030555555556,4,3340.03,835.0075,2025,0.310182717006737,78,"Australia",2010-06-09 15:15:00,2011-06-30 12:06:00,"1","High_Value"
"12425",78.8048611111111,2,1741.41,870.705,1147,0.161664243574127,87,"Portugal",2010-09-17 14:10:00,2011-09-22 17:31:00,"1","High_Value"
"12426",195.016666666667,2,1345.21,672.605,584,0.127889162725638,73,"Germany",2010-02-15 08:41:00,2011-05-29 12:26:00,"1","High_Value"
"12427",22.1625,3,825.8,275.266666666667,533,0.256465056636033,26,"Germany",2010-12-03 10:44:00,2011-11-18 08:56:00,"1","High_Value"
"12428",26.1861111111111,9,7956.46,884.051111111111,3536,1.04266953436545,258,"Finland",2011-03-01 09:33:00,2011-11-14 08:22:00,"1","High_Value"
"12429",9.81111111111111,8,6204.41,775.55125,2890,0.44596195387081,124,"Denmark",2010-06-11 13:28:00,2011-11-30 17:22:00,"1","High_Value"
"12430",43.9034722222222,1,256.4,256.4,117,30,11,"Norway",2011-10-27 15:09:00,2011-10-27 15:09:00,"2","Not_High_Value"
"12431",36.0381944444444,27,10432.22,386.378518518518,4600,1.2289136062356,244,"Belgium",2010-01-15 09:04:00,2011-11-04 11:55:00,"1","High_Value"
"12432",43.0465277777778,5,5059.32,1011.864,1801,1.14566979250647,107,"Norway",2011-06-20 13:27:00,2011-10-28 11:43:00,"1","High_Value"
"12433",1.11666666666667,10,16794.14,1679.414,13534,0.628895109903788,285,"Norway",2010-08-20 09:23:00,2011-12-09 10:02:00,"1","High_Value"
"12434",85.0083333333333,3,1103.43,367.81,532,0.302055656551531,62,"Australia",2010-11-23 13:38:00,2011-09-16 12:38:00,"1","High_Value"
"12435",80.1555555555556,6,13925.93,2320.98833333333,4958,0.273225195748144,88,"Denmark",2009-12-02 13:58:00,2011-09-21 09:06:00,"1","High_Value"
"12436",100.028472222222,1,509.01,509.01,211,30,16,"Norway",2011-09-01 12:09:00,2011-09-01 12:09:00,"2","Not_High_Value"
"12437",2.05208333333333,39,12683.4,325.215384615385,8000,1.58794937940096,273,"France",2009-12-02 16:24:00,2011-12-08 11:35:00,"1","High_Value"
"12438",14.9736111111111,2,2906.85,1453.425,1180,0.472443528234516,84,"Norway",2011-07-22 13:29:00,2011-11-25 13:28:00,"1","High_Value"
"12439",683.027083333333,2,1142.88,571.44,478,1.35911028613676,69,"Cyprus",2009-12-14 08:40:00,2010-01-26 12:11:00,"1","High_Value"
"12440",462.985416666667,2,859.2,429.6,331,0.234331774737733,21,"Austria",2009-12-22 12:03:00,2010-09-03 13:11:00,"2","Not_High_Value"
"12441",367.086805555556,1,173.55,173.55,121,30,11,"France",2010-12-08 10:45:00,2010-12-08 10:45:00,"2","Not_High_Value"
"12442",3.93611111111111,1,172.06,172.06,182,30,12,"Spain",2011-12-06 14:22:00,2011-12-06 14:22:00,"2","Not_High_Value"
"12443",732.880555555556,1,485.31,485.31,182,30,21,"Norway",2009-12-07 15:42:00,2009-12-07 15:42:00,"2","Not_High_Value"
"12444",21.9770833333333,5,5005.46,1001.092,1153,0.993546547195761,138,"Norway",2011-06-21 14:00:00,2011-11-18 13:23:00,"1","High_Value"
"12445",22.7548611111111,2,434.98,217.49,206,0.150277857496934,24,"Spain",2010-10-15 12:28:00,2011-11-17 18:43:00,"2","Not_High_Value"
"12446",58,1,1002.31,1002.31,351,30,57,"RSA",2011-10-13 12:50:00,2011-10-13 12:50:00,"2","Not_High_Value"
"12447",243.975694444444,1,476.49,476.49,190,30,26,"Belgium",2011-04-10 13:25:00,2011-04-10 13:25:00,"2","Not_High_Value"
"12448",44.9611111111111,1,449.45,449.45,243,30,22,"Spain",2011-10-26 13:46:00,2011-10-26 13:46:00,"2","Not_High_Value"
"12449",22.9611111111111,6,4835.89,805.981666666667,2282,0.431475756955299,125,"Denmark",2010-09-27 09:37:00,2011-11-17 13:46:00,"1","High_Value"
"12450",156.922916666667,5,688.2,137.64,442,0.470127326150833,31,"Spain",2010-08-22 13:11:00,2011-07-06 14:41:00,"1","High_Value"
"12451",11.1736111111111,8,12669.88,1583.735,9359,0.461697540017795,352,"Switzerland",2010-06-28 12:58:00,2011-11-29 08:40:00,"1","High_Value"
"12452",17.0986111111111,2,430.57,215.285,185,54.5799115603285,21,"Switzerland",2011-11-23 08:05:00,2011-11-23 10:28:00,"2","Not_High_Value"
"12453",134.945833333333,1,707.09,707.09,473,30,43,"Austria",2011-07-28 14:08:00,2011-07-28 14:08:00,"2","Not_High_Value"
"12454",56.8173611111111,5,16679.78,3335.956,7703,0.409851618534401,24,"Spain",2010-10-14 17:33:00,2011-10-14 17:13:00,"1","High_Value"
"12455",73.8881944444445,10,5879.95,587.995,3302,0.462161589664698,199,"Cyprus",2009-12-18 12:33:00,2011-09-27 15:31:00,"1","High_Value"
"12456",44.9229166666667,3,3181.04,1060.34666666667,1633,0.426078923230178,105,"Switzerland",2011-03-30 09:12:00,2011-10-26 14:41:00,"1","High_Value"
"12457",66.9840277777778,8,2995.91,374.48875,1094,0.648997021674548,63,"Switzerland",2010-09-30 17:59:00,2011-10-04 13:13:00,"1","High_Value"
"12458",71.8923611111111,4,1777.49,444.3725,986,0.287629916174522,71,"Switzerland",2010-08-09 10:33:00,2011-09-29 15:25:00,"1","High_Value"
"12459",605.914583333333,1,454.36,454.36,258,30,23,"Spain",2010-04-13 14:53:00,2010-04-13 14:53:00,"2","Not_High_Value"
"12460",456.957638888889,1,326.65,326.65,170,30,18,"Belgium",2010-09-09 13:51:00,2010-09-09 13:51:00,"2","Not_High_Value"
"12461",94.8284722222222,2,826.88,413.44,287,0.97921436181064,35,"Switzerland",2011-07-08 10:23:00,2011-09-06 16:57:00,"1","High_Value"
"12462",19.1520833333333,2,1189.59,594.795,536,0.209959976379503,51,"Spain",2011-02-09 14:44:00,2011-11-21 09:11:00,"1","High_Value"
"12463",53.9625,4,1344.78,336.195,776,0.634787687763806,65,"Belgium",2011-04-12 12:47:00,2011-10-17 13:44:00,"1","High_Value"
"12464",10.9701388888889,8,1212.05,151.50625,112,0.799994444483024,6,"Belgium",2011-02-03 13:30:00,2011-11-29 13:33:00,"1","High_Value"
"12465",17.8444444444444,2,742.19,371.095,479,0.391842065878447,46,"Belgium",2011-06-23 13:37:00,2011-11-22 16:34:00,"1","High_Value"
"12466",682.85,1,56.73,56.73,1,30,1,"France",2010-01-26 16:26:00,2010-01-26 16:26:00,"2","Not_High_Value"
"12467",423.88125,1,132.8,132.8,129,30,9,"USA",2010-10-12 15:41:00,2010-10-12 15:41:00,"2","Not_High_Value"
"12468",188.051388888889,5,3670.74,734.148,2201,0.302382522290212,127,"Germany",2010-01-26 10:09:00,2011-06-05 11:36:00,"1","High_Value"
"12469",523.006944444444,2,3070.54,1535.27,2552,3.97606994937874,76,"Thailand",2010-06-21 10:30:00,2010-07-05 12:40:00,"1","High_Value"
"12470",690.075694444444,1,211.95,211.95,95,30,23,"Unspecified",2010-01-19 11:01:00,2010-01-19 11:01:00,"2","Not_High_Value"
"12471",2.87986111111111,79,39918.19,505.293544303797,16858,3.24120416889059,255,"Germany",2009-12-07 10:41:00,2011-12-07 15:43:00,"1","High_Value"
"12472",32.9506944444444,19,16249.29,855.225789473684,10378,0.821167883211679,397,"Germany",2009-12-14 10:49:00,2011-11-07 14:01:00,"1","High_Value"
"12473",29.9611111111111,5,3928.05,785.61,2414,0.919418893206942,140,"Germany",2011-06-01 10:15:00,2011-11-10 13:46:00,"1","High_Value"
"12474",17.9243055555556,31,12372.75,399.120967741935,7940,1.43031385306815,369,"Germany",2010-02-11 09:41:00,2011-11-22 14:39:00,"1","High_Value"
"12475",54.1111111111111,2,1149.64,574.82,771,0.168040749881846,54,"Germany",2010-10-26 08:49:00,2011-10-17 10:10:00,"1","High_Value"
"12476",16.0069444444444,23,14083.91,612.343913043478,5631,1.41640151903931,358,"Germany",2010-07-26 09:04:00,2011-11-24 12:40:00,"1","High_Value"
"12477",23.1243055555556,9,20276.37,2252.93,6119,0.44863436530007,295,"Germany",2010-03-26 14:01:00,2011-11-17 09:51:00,"1","High_Value"
"12478",4.12083333333333,1,680.99,680.99,236,30,36,"Greece",2011-12-06 09:56:00,2011-12-06 09:56:00,"2","Not_High_Value"
"12479",11.975,1,527.2,527.2,385,30,31,"Germany",2011-11-28 13:26:00,2011-11-28 13:26:00,"2","Not_High_Value"
"12480",28.9152777777778,7,5464.85,780.692857142857,2952,0.437442408479208,177,"Germany",2010-07-20 13:21:00,2011-11-11 14:52:00,"1","High_Value"
"12481",23.18125,15,12185.51,812.367333333333,7158,0.768173891808397,248,"Germany",2010-04-11 13:10:00,2011-11-17 08:29:00,"1","High_Value"
"12482",576.832638888889,29,23691.4,816.944827586207,27042,11.1155473927973,42,"Sweden",2010-02-24 10:24:00,2010-05-12 16:51:00,"1","High_Value"
"12483",17.825,19,5097.18,268.272631578947,2160,0.86213597127894,68,"Sweden",2010-01-31 13:28:00,2011-11-22 17:02:00,"1","High_Value"
"12484",33.0506944444444,12,6354.1,529.508333333333,3266,0.554026093945042,329,"Spain",2010-01-27 16:41:00,2011-11-07 11:37:00,"1","High_Value"
"12485",529.894444444444,1,708.1,708.1,414,30,34,"Sweden",2010-06-28 15:22:00,2010-06-28 15:22:00,"2","Not_High_Value"
"12486",432.025,1,1037.28,1037.28,523,30,49,"Sweden",2010-10-04 12:14:00,2010-10-04 12:14:00,"2","Not_High_Value"
"12487",731.051388888889,1,285.3,285.3,174,30,2,"Sweden",2009-12-09 11:36:00,2009-12-09 11:36:00,"2","Not_High_Value"
"12488",10.1666666666667,3,1298.66,432.886666666667,529,1.34473312857973,46,"France",2011-09-25 10:34:00,2011-11-30 08:50:00,"1","High_Value"
"12489",336.984027777778,1,334.93,334.93,105,30,15,"France",2011-01-07 13:13:00,2011-01-07 13:13:00,"2","Not_High_Value"
"12490",5.86319444444444,21,9823.64,467.792380952381,5906,0.858152305007307,195,"France",2009-12-01 12:52:00,2011-12-04 16:07:00,"1","High_Value"
"12491",39.0222222222222,1,460.4,460.4,260,30,25,"France",2011-11-01 12:18:00,2011-11-01 12:18:00,"2","Not_High_Value"
"12492",63.8993055555556,3,715.21,238.403333333333,444,0.263920481736336,38,"Germany",2010-11-01 14:58:00,2011-10-07 15:15:00,"1","High_Value"
"12493",166.10625,2,433.74,216.87,207,1.82880365760732,20,"France",2011-05-26 14:53:00,2011-06-27 10:17:00,"2","Not_High_Value"
"12494",16.1361111111111,9,1815.27,201.696666666667,979,0.480580256161143,83,"France",2010-05-12 13:52:00,2011-11-24 09:34:00,"1","High_Value"
"12495",641.08125,1,357.4,357.4,130,30,17,"Sweden",2010-03-09 10:53:00,2010-03-09 10:53:00,"2","Not_High_Value"
"12496",620.947222222222,2,45.34,22.67,30,59.6273291925466,10,"Spain",2010-03-29 13:57:00,2010-03-29 14:06:00,"2","Not_High_Value"
"12497",82.0145833333333,3,6248.5,2082.83333333333,5685,0.159541073209164,41,"Germany",2010-03-05 09:39:00,2011-09-19 12:29:00,"1","High_Value"
"12498",21.9979166666667,3,403.7,134.566666666667,159,2.42319989529383,21,"Germany",2011-10-13 09:30:00,2011-11-18 12:53:00,"2","Not_High_Value"
"12499",560.901388888889,1,393.72,393.72,302,30,27,"Germany",2010-05-28 15:12:00,2010-05-28 15:12:00,"2","Not_High_Value"
"12500",23.8541666666667,19,5955.21,313.432105263158,3377,0.875505991904129,88,"Germany",2010-02-04 15:05:00,2011-11-16 16:20:00,"1","High_Value"
"12501",337.015277777778,1,2169.39,2169.39,1783,30,149,"Germany",2011-01-07 12:28:00,2011-01-07 12:28:00,"1","High_Value"
"12502",96.0402777777778,5,3723.87,744.774,820,0.697514458893471,102,"Spain",2011-02-03 10:41:00,2011-09-05 11:52:00,"1","High_Value"
"12503",584.952083333333,1,1126,1126,561,30,2,"Spain",2010-05-04 13:59:00,2010-05-04 13:59:00,"2","Not_High_Value"
"12504",18.8666666666667,4,779.05,194.7625,458,0.207169900898935,11,"Germany",2010-04-22 10:24:00,2011-11-21 16:02:00,"1","High_Value"
"12505",409.147222222222,1,955.2,955.2,324,30,42,"Italy",2010-10-27 09:18:00,2010-10-27 09:18:00,"2","Not_High_Value"
"12506",233.163888888889,1,73.5,73.5,23,30,23,"France",2011-04-21 08:54:00,2011-04-21 08:54:00,"2","Not_High_Value"
"12507",134.820138888889,4,1844.06,461.015,1256,0.265884604850548,46,"Spain",2010-05-04 09:23:00,2011-07-28 17:09:00,"1","High_Value"
"12508",26.8840277777778,2,397.88,198.94,271,15.1313485113835,57,"France",2011-11-10 16:27:00,2011-11-13 15:37:00,"2","Not_High_Value"
"12509",284.920138888889,1,176.5,176.5,55,30,7,"France",2011-02-28 14:45:00,2011-02-28 14:45:00,"2","Not_High_Value"
"12510",143.107638888889,9,5178.02,575.335555555556,2049,0.45465814104693,94,"Spain",2009-12-04 13:47:00,2011-07-20 10:15:00,"1","High_Value"
"12511",429.090972222222,1,3084.02,3084.02,1753,30,190,"Greece",2010-10-07 10:39:00,2010-10-07 10:39:00,"1","High_Value"
"12512",66.9131944444444,2,132.18,66.09,96,59.9167822468793,31,"Israel",2011-10-04 14:53:00,2011-10-04 14:55:00,"2","Not_High_Value"
"12513",113.082638888889,1,612.29,612.29,462,30,35,"France",2011-08-19 10:51:00,2011-08-19 10:51:00,"2","Not_High_Value"
"12514",267.841666666667,2,1597.76,798.88,840,0.159923000037019,76,"Italy",2010-03-08 12:18:00,2011-03-17 16:38:00,"1","High_Value"
"12515",353.879861111111,1,383.7,383.7,131,30,16,"Italy",2010-12-21 15:43:00,2010-12-21 15:43:00,"2","Not_High_Value"
"12516",78.1506944444444,4,2648.62,662.155,1952,0.229537246004684,49,"Germany",2010-04-19 14:14:00,2011-09-23 09:13:00,"1","High_Value"
"12517",28.9486111111111,5,2481.6,496.32,1361,0.920516000357979,232,"Germany",2011-06-02 15:13:00,2011-11-11 14:04:00,"1","High_Value"
"12518",1.10902777777778,5,2056.89,411.378,1318,1.35291722777238,84,"Germany",2011-08-21 13:18:00,2011-12-09 10:13:00,"1","High_Value"
"12519",64.1416666666667,2,716.54,358.27,387,0.144911736341146,34,"Germany",2010-08-20 08:21:00,2011-10-07 09:26:00,"1","High_Value"
"12520",79.89375,5,2634.26,526.852,1439,0.768606686878176,121,"Germany",2011-03-11 11:35:00,2011-09-21 15:23:00,"1","High_Value"
"12521",143.082638888889,1,599.68,599.68,309,30,38,"Germany",2011-07-20 10:51:00,2011-07-20 10:51:00,"2","Not_High_Value"
"12522",39.8888888888889,2,192.72,96.36,194,4.60333528690926,11,"Germany",2011-10-19 14:41:00,2011-10-31 15:30:00,"2","Not_High_Value"
"12523",19.9965277777778,23,4352.35,189.232608695652,2263,0.96643449284074,176,"France",2009-12-07 13:46:00,2011-11-20 12:55:00,"1","High_Value"
"12524",9.88819444444444,17,11126.11,654.477058823529,7178,0.771517717383311,157,"Germany",2010-02-08 14:41:00,2011-11-30 15:31:00,"1","High_Value"
"12525",498.8625,3,973.73,324.576666666667,509,0.599647429520606,56,"France",2010-03-02 14:01:00,2010-07-29 16:08:00,"1","High_Value"
"12526",1.02847222222222,3,1316.66,438.886666666667,632,0.948269554401112,64,"Germany",2011-09-06 14:19:00,2011-12-09 12:09:00,"1","High_Value"
"12527",82.0381944444444,5,735.51,147.102,526,0.334190470001764,26,"Germany",2010-06-28 15:37:00,2011-09-19 11:55:00,"1","High_Value"
"12528",9.92361111111111,6,1933.48,322.246666666667,756,0.591652495463313,50,"Germany",2011-01-31 09:05:00,2011-11-30 14:40:00,"1","High_Value"
"12529",528.986111111111,1,316.48,316.48,192,30,21,"France",2010-06-29 13:10:00,2010-06-29 13:10:00,"2","Not_High_Value"
"12530",60.0111111111111,9,3759.26,417.695555555556,2713,0.462396397874975,94,"Germany",2010-03-07 14:37:00,2011-10-11 12:34:00,"1","High_Value"
"12531",15.0680555555556,2,1933.2,966.6,1119,0.0891700681676273,126,"Germany",2010-01-22 14:17:00,2011-11-25 11:12:00,"1","High_Value"
"12532",30.9604166666667,1,349.83,349.83,153,30,16,"France",2011-11-09 13:47:00,2011-11-09 13:47:00,"2","Not_High_Value"
"12533",628.079166666667,2,1367.89,683.945,704,0.535893714413308,63,"Germany",2009-12-01 11:50:00,2010-03-22 10:56:00,"1","High_Value"
"12534",131.1,1,1089.18,1089.18,651,30,63,"Germany",2011-08-01 10:26:00,2011-08-01 10:26:00,"2","Not_High_Value"
"12535",92.1680555555556,2,716.35,358.175,219,0.626082419692611,28,"France",2011-06-06 12:47:00,2011-09-09 08:48:00,"2","Not_High_Value"
"12536",43.9375,3,12601.83,4200.61,2803,5.30104712041885,260,"France",2011-10-11 14:52:00,2011-10-27 14:20:00,"1","High_Value"
"12537",409.176388888889,1,732.94,732.94,449,30,43,"Sweden",2010-10-27 08:36:00,2010-10-27 08:36:00,"2","Not_High_Value"
"12538",29.8152777777778,2,640.45,320.225,336,0.171342220388931,33,"Spain",2010-11-26 13:02:00,2011-11-10 17:16:00,"1","High_Value"
"12539",22.9722222222222,7,11214.75,1602.10714285714,4535,0.302149216150595,276,"Spain",2009-12-23 13:00:00,2011-11-17 13:30:00,"1","High_Value"
"12540",20.0548611111111,33,22254.49,674.378484848485,11019,1.38699304849514,354,"Spain",2009-12-07 16:56:00,2011-11-20 11:31:00,"1","High_Value"
"12541",30.0902777777778,3,981.18,327.06,680,0.357075944763437,46,"Spain",2011-03-04 09:32:00,2011-11-10 10:40:00,"1","High_Value"
"12542",484.734722222222,2,481.88,240.94,522,0.381885204600302,39,"Spain",2010-03-09 16:26:00,2010-08-12 19:12:00,"2","Not_High_Value"
"12543",448.874305555556,1,980.25,980.25,688,30,43,"Spain",2010-09-17 15:51:00,2010-09-17 15:51:00,"2","Not_High_Value"
"12544",36.8576388888889,1,372.7,372.7,136,30,19,"Spain",2011-11-03 16:15:00,2011-11-03 16:15:00,"2","Not_High_Value"
"12545",75.9659722222222,2,1000.39,500.195,523,0.324208709356648,42,"Spain",2011-03-25 12:04:00,2011-09-25 13:39:00,"1","High_Value"
"12546",47.0284722222222,2,1161.5,580.75,633,1.8691184424013,59,"Spain",2011-09-23 09:44:00,2011-10-24 12:09:00,"1","High_Value"
"12547",198.008333333333,3,383.58,127.86,309,0.296104715056331,13,"Spain",2010-07-27 13:55:00,2011-05-26 12:38:00,"2","Not_High_Value"
"12548",166.885416666667,1,95.2,95.2,49,30,5,"Spain",2011-06-26 15:35:00,2011-06-26 15:35:00,"2","Not_High_Value"
"12549",576.03125,6,1575.68,262.613333333333,1366,1.46361295568505,38,"USA",2010-01-11 12:29:00,2010-05-13 12:05:00,"1","High_Value"
"12550",79.9270833333333,1,964.83,964.83,569,30,57,"Spain",2011-09-21 14:35:00,2011-09-21 14:35:00,"2","Not_High_Value"
"12551",358.060416666667,1,168,168,100,30,10,"Spain",2010-12-17 11:23:00,2010-12-17 11:23:00,"2","Not_High_Value"
"12552",39.1166666666667,2,437.82,218.91,88,31.4067611777535,20,"Italy",2011-10-31 12:11:00,2011-11-01 10:02:00,"2","Not_High_Value"
"12553",8.84166666666667,12,4608.75,384.0625,2325,0.865120330828423,109,"France",2010-10-12 13:35:00,2011-12-01 16:38:00,"1","High_Value"
"12554",449.014583333333,1,468.5,468.5,240,30,26,"Spain",2010-09-17 12:29:00,2010-09-17 12:29:00,"2","Not_High_Value"
"12555",682.85,1,129.23,129.23,1,30,1,"Spain",2010-01-26 16:26:00,2010-01-26 16:26:00,"2","Not_High_Value"
"12556",50.9888888888889,2,599.56,299.78,355,0.588351458280843,100,"Spain",2011-07-11 13:35:00,2011-10-20 13:06:00,"1","High_Value"
"12557",16.8270833333333,8,18096.14,2262.0175,6382,0.339335860023958,15,"Spain",2009-12-17 10:39:00,2011-11-23 16:59:00,"1","High_Value"
"12558",8.08958333333333,1,269.96,269.96,196,30,11,"USA",2011-12-02 10:41:00,2011-12-02 10:41:00,"2","Not_High_Value"
"12559",311.125694444444,2,561.71,280.855,283,6.00959866453363,21,"Germany",2011-01-24 10:12:00,2011-02-02 09:49:00,"2","Not_High_Value"
"12560",5.95555555555556,3,2134.01,711.336666666667,1110,0.647873664635396,91,"Germany",2011-07-19 15:55:00,2011-12-04 13:54:00,"1","High_Value"
"12561",303.049305555556,1,238.85,238.85,177,30,16,"Germany",2011-02-10 11:39:00,2011-02-10 11:39:00,"2","Not_High_Value"
"12562",8.8125,9,4966.92,551.88,2327,0.630588403206789,113,"France",2010-09-30 13:13:00,2011-12-01 17:20:00,"1","High_Value"
"12563",409.123611111111,1,249.24,249.24,113,30,13,"Italy",2010-10-27 09:52:00,2010-10-27 09:52:00,"2","Not_High_Value"
"12564",261.913194444444,1,456.9,456.9,133,30,21,"France",2011-03-23 14:55:00,2011-03-23 14:55:00,"2","Not_High_Value"
"12565",289.094444444444,1,145.92,145.92,80,30,9,"Saudi Arabia",2011-02-24 10:34:00,2011-02-24 10:34:00,"2","Not_High_Value"
"12566",86.9305555555556,1,351.65,351.65,265,30,19,"Germany",2011-09-14 14:30:00,2011-09-14 14:30:00,"2","Not_High_Value"
"12567",23.075,15,11767.48,784.498666666667,5308,0.697650382415765,365,"France",2010-02-11 10:30:00,2011-11-17 11:02:00,"1","High_Value"
"12568",645.149305555556,1,70,70,48,30,5,"Germany",2010-03-05 09:15:00,2010-03-05 09:15:00,"2","Not_High_Value"
"12569",2.85138888888889,32,4124.69,128.8965625,1801,3.82304056726134,92,"Germany",2011-04-01 13:47:00,2011-12-07 16:24:00,"1","High_Value"
"12570",682.806944444444,1,77.52,77.52,1,30,1,"Spain",2010-01-26 17:28:00,2010-01-26 17:28:00,"2","Not_High_Value"
"12571",40.1048611111111,2,519.61,259.805,523,0.723715070696241,31,"France",2011-08-10 12:35:00,2011-10-31 10:19:00,"1","High_Value"
"12572",9.14583333333333,2,1020.42,510.21,452,1.36234626300851,53,"Germany",2011-10-19 08:20:00,2011-12-01 09:20:00,"1","High_Value"
"12573",227.873611111111,5,717.41,143.482,479,0.627784704723208,107,"France",2010-08-31 17:25:00,2011-04-26 15:52:00,"1","High_Value"
"12574",316.145833333333,1,218.45,218.45,61,30,11,"France",2011-01-28 09:20:00,2011-01-28 09:20:00,"2","Not_High_Value"
"12575",457.986805555556,2,622.82,311.41,315,0.85515766969535,34,"France",2010-07-01 09:15:00,2010-09-08 13:09:00,"2","Not_High_Value"
"12576",36.1104166666667,8,2142.72,267.84,1494,0.487952955461586,114,"Poland",2010-07-01 13:46:00,2011-11-04 10:11:00,"1","High_Value"
"12577",35.9763888888889,8,1617.1,202.1375,1191,0.342004506621884,259,"France",2009-12-03 19:31:00,2011-11-04 13:24:00,"1","High_Value"
"12578",21.9722222222222,4,4642.45,1160.6125,2380,0.283626945216339,149,"Italy",2010-09-22 11:19:00,2011-11-18 13:30:00,"1","High_Value"
"12579",78.8159722222222,1,440.42,440.42,285,30,29,"France",2011-09-22 17:15:00,2011-09-22 17:15:00,"2","Not_High_Value"
"12580",247.101388888889,2,1052.9,526.45,569,0.181299692168231,52,"Germany",2010-05-12 11:45:00,2011-04-07 10:24:00,"1","High_Value"
"12581",40.1625,1,197.71,197.71,161,30,15,"Germany",2011-10-31 08:56:00,2011-10-31 08:56:00,"2","Not_High_Value"
"12582",239.170138888889,4,1980.4,495.1,985,0.35299164504729,88,"Finland",2010-05-11 09:55:00,2011-04-15 08:45:00,"1","High_Value"
"12583",3.19652777777778,27,13591.58,503.391851851852,8535,1.10679888029606,141,"France",2009-12-06 11:57:00,2011-12-07 08:07:00,"1","High_Value"
"12584",4.13541666666667,9,2338.15,259.794444444444,416,0.972048602430121,44,"Italy",2011-03-04 15:15:00,2011-12-06 09:35:00,"1","High_Value"
"12585",234.965972222222,2,2040.1,1020.05,1279,0.508351916027795,77,"Germany",2010-12-23 12:58:00,2011-04-19 13:39:00,"1","High_Value"
"12586",17.8513888888889,4,2062.67,515.6675,687,0.169699755172749,82,"Italy",2009-12-16 13:15:00,2011-11-22 16:24:00,"1","High_Value"
"12587",8.00208333333333,1,144,144,51,30,4,"Finland",2011-12-02 12:47:00,2011-12-02 12:47:00,"2","Not_High_Value"
"12588",39.9090277777778,4,958.78,239.695,438,0.214626657674207,31,"Finland",2010-04-21 12:22:00,2011-10-31 15:01:00,"1","High_Value"
"12589",29.1048611111111,8,4695.66,586.9575,1764,0.362586069602677,121,"France",2010-01-19 12:26:00,2011-11-11 10:19:00,"1","High_Value"
"12590",211.915277777778,2,9864.26,4932.13,4283,59.7510373443983,68,"Germany",2011-05-12 14:46:00,2011-05-12 14:52:00,"1","High_Value"
"12591",317.927083333333,3,1338.95,446.316666666667,653,0.976543368019712,63,"Italy",2010-10-27 10:42:00,2011-01-26 14:35:00,"1","High_Value"
"12592",92.9069444444444,5,2582.66,516.532,1875,0.350434311412802,42,"Germany",2010-07-08 14:06:00,2011-09-08 15:04:00,"1","High_Value"
"12593",109.004861111111,3,418.1,139.366666666667,206,0.809827911568792,14,"France",2011-05-05 09:29:00,2011-08-23 12:43:00,"2","Not_High_Value"
"12594",38.0208333333333,15,5090.11,339.340666666667,2768,0.737781350299268,78,"Italy",2010-03-03 13:51:00,2011-11-02 12:20:00,"1","High_Value"
"12595",505.152777777778,1,299.02,299.02,271,30,19,"Germany",2010-07-23 09:10:00,2010-07-23 09:10:00,"2","Not_High_Value"
"12596",51.9916666666667,2,618.27,309.135,474,0.312522607248788,25,"Spain",2011-04-11 13:22:00,2011-10-19 13:02:00,"1","High_Value"
"12597",19.9701388888889,4,3811.22,952.805,2236,0.480036002700203,184,"Spain",2011-03-16 14:00:00,2011-11-20 13:33:00,"1","High_Value"
"12598",10.0222222222222,11,4534.09,412.19,2906,0.515546683446525,130,"France",2010-03-01 09:58:00,2011-11-30 12:18:00,"1","High_Value"
"12599",29.9694444444444,13,2296.72,176.670769230769,2189,0.710227991278967,47,"France",2010-05-11 10:42:00,2011-11-10 13:34:00,"1","High_Value"
"12600",29.0979166666667,21,4967.42,236.54380952381,1383,0.893782536561144,53,"Germany",2009-12-07 13:37:00,2011-11-11 10:29:00,"1","High_Value"
"12601",190.10625,6,681.26,113.543333333333,290,0.833440514469453,24,"Germany",2010-10-31 10:57:00,2011-06-03 10:17:00,"2","Not_High_Value"
"12602",59.0611111111111,1,153.12,153.12,162,30,12,"France",2011-10-12 11:22:00,2011-10-12 11:22:00,"2","Not_High_Value"
"12603",22.0888888888889,1,739.2,739.2,63,30,2,"Germany",2011-11-18 10:42:00,2011-11-18 10:42:00,"2","Not_High_Value"
"12604",79.9458333333333,2,254.18,127.09,201,0.327717131564773,15,"France",2011-03-23 12:06:00,2011-09-21 14:08:00,"2","Not_High_Value"
"12605",376.938888888889,4,1232.95,308.2375,929,1.44581942317829,63,"Germany",2010-09-07 14:21:00,2010-11-28 14:18:00,"1","High_Value"
"12606",682.852083333333,1,21,21,1,30,1,"Spain",2010-01-26 16:23:00,2010-01-26 16:23:00,"2","Not_High_Value"
"12607",60.8638888888889,1,1579.51,1579.51,1228,30,101,"USA",2011-10-10 16:06:00,2011-10-10 16:06:00,"1","High_Value"
"12608",405.084027777778,1,415.79,415.79,323,30,16,"United Kingdom",2010-10-31 10:49:00,2010-10-31 10:49:00,"2","Not_High_Value"
"12609",78.8444444444444,9,3435.86,381.762222222222,1553,0.420477059775226,129,"Germany",2009-12-20 13:30:00,2011-09-22 16:34:00,"1","High_Value"
"12610",23.1361111111111,5,2099.54,419.908,1049,1.43101323687244,85,"Italy",2011-08-05 13:52:00,2011-11-17 09:34:00,"1","High_Value"
"12611",52.9847222222222,1,1193.32,1193.32,846,30,65,"Italy",2011-10-18 13:12:00,2011-10-18 13:12:00,"1","High_Value"
"12612",74.8854166666667,1,704.04,704.04,262,30,19,"Germany",2011-09-26 15:35:00,2011-09-26 15:35:00,"2","Not_High_Value"
"12613",57.9104166666667,10,6817.37,681.737,4157,0.448379761050952,218,"Germany",2009-12-14 13:10:00,2011-10-13 14:59:00,"1","High_Value"
"12614",278.102777777778,1,315.6,315.6,76,30,20,"Germany",2011-03-07 10:22:00,2011-03-07 10:22:00,"2","Not_High_Value"
"12615",2.90833333333333,8,5740.98,717.6225,3317,0.380930126436617,198,"France",2010-03-18 14:09:00,2011-12-07 15:02:00,"1","High_Value"
"12616",95.8979166666667,3,1131.1,377.033333333333,498,0.305964176694312,32,"France",2010-11-16 11:38:00,2011-09-05 15:17:00,"1","High_Value"
"12617",29.9243055555556,1,352.98,352.98,210,30,39,"France",2011-11-10 14:39:00,2011-11-10 14:39:00,"2","Not_High_Value"
"12618",22.0694444444444,1,177.31,177.31,96,30,11,"Italy",2011-11-18 11:10:00,2011-11-18 11:10:00,"2","Not_High_Value"
"12619",16.9152777777778,10,3781.38,378.138,3518,0.550374560464761,55,"Germany",2010-05-28 12:52:00,2011-11-23 14:52:00,"1","High_Value"
"12620",15.1041666666667,3,1339.41,446.47,1181,0.471392718146437,89,"France",2011-05-19 12:10:00,2011-11-25 10:20:00,"1","High_Value"
"12621",2.05902777777778,35,24311.2,694.605714285714,13706,1.5719151165837,344,"Germany",2010-02-09 12:01:00,2011-12-08 11:25:00,"1","High_Value"
"12622",232.840972222222,1,180.1,180.1,69,30,11,"Germany",2011-04-21 16:39:00,2011-04-21 16:39:00,"2","Not_High_Value"
"12623",276.958333333333,7,3747.84,535.405714285714,1971,0.498709523142002,112,"Germany",2010-01-12 11:45:00,2011-03-08 13:50:00,"1","High_Value"
"12624",106.906944444444,2,641.13,320.565,355,0.8321294423577,36,"France",2011-06-15 12:34:00,2011-08-25 15:04:00,"2","Not_High_Value"
"12625",212.122222222222,4,5164.88,1291.22,3309,0.310936209493271,144,"Germany",2010-04-22 11:33:00,2011-05-12 09:54:00,"1","High_Value"
"12626",23.8638888888889,9,6620.48,735.608888888889,3453,0.88753952039081,232,"Germany",2011-01-17 11:01:00,2011-11-16 16:06:00,"1","High_Value"
"12627",11.0298611111111,7,4478.53,639.79,2752,1.60400577102605,162,"Germany",2011-07-22 13:59:00,2011-11-29 12:07:00,"1","High_Value"
"12628",4.98263888888889,3,786.46,262.153333333333,448,1.47160684478863,34,"Germany",2011-10-06 09:28:00,2011-12-05 13:15:00,"1","High_Value"
"12629",386.147222222222,2,1558.22,779.11,722,1.55066585304569,40,"Sweden",2010-10-12 16:40:00,2010-11-19 09:18:00,"1","High_Value"
"12630",10.0847222222222,2,1270.88,635.44,548,1.71404765211181,60,"Finland",2011-10-27 10:41:00,2011-11-30 10:48:00,"1","High_Value"
"12631",57.95625,6,3481.57,580.261666666667,1607,0.28259212863175,131,"Finland",2010-01-15 14:50:00,2011-10-13 13:53:00,"1","High_Value"
"12632",521.132638888889,2,804.88,402.44,694,1.33267522211254,32,"Germany",2010-05-24 09:07:00,2010-07-07 09:39:00,"2","Not_High_Value"
"12633",59.0486111111111,7,5678.16,811.165714285714,3238,0.448720612064412,220,"Germany",2010-07-02 11:44:00,2011-10-12 11:40:00,"1","High_Value"
"12634",536.114583333333,2,490,245,337,4.35835351089588,20,"USA",2010-06-09 15:41:00,2010-06-22 10:05:00,"2","Not_High_Value"
"12635",90.0736111111111,4,2930.41,732.6025,1949,0.326078341831247,159,"Germany",2010-09-09 10:50:00,2011-09-11 11:04:00,"1","High_Value"
"12636",739.121527777778,1,141,141,1,30,1,"USA",2009-12-01 09:55:00,2009-12-01 09:55:00,"2","Not_High_Value"
"12637",67.9611111111111,12,8283.81,690.3175,4257,0.754705993681667,295,"France",2010-06-14 13:36:00,2011-10-03 13:46:00,"1","High_Value"
"12638",33.9854166666667,2,921.49,460.745,663,0.0988285838801886,47,"Sweden",2010-03-10 10:30:00,2011-11-06 13:11:00,"1","High_Value"
"12639",239.001388888889,3,1312.37,437.456666666667,631,0.230677633347157,58,"Sweden",2010-03-22 09:05:00,2011-04-15 12:48:00,"1","High_Value"
"12640",24.0402777777778,3,1174.58,391.526666666667,311,1.52558533742981,47,"France",2011-09-19 12:01:00,2011-11-16 11:52:00,"1","High_Value"
"12641",115.975,1,185.9,185.9,72,30,10,"Sweden",2011-08-16 13:26:00,2011-08-16 13:26:00,"2","Not_High_Value"
"12642",25.9076388888889,3,1013.26,337.753333333333,552,1.081261471717,39,"Germany",2011-08-24 09:23:00,2011-11-14 15:03:00,"1","High_Value"
"12643",128.995833333333,12,8304.82,692.068333333333,4665,0.743887039375502,14,"France",2010-04-07 14:16:00,2011-08-03 12:56:00,"1","High_Value"
"12644",130.095138888889,4,1918.49,479.6225,1032,0.212052900326547,106,"Germany",2010-01-14 13:02:00,2011-08-02 10:33:00,"1","High_Value"
"12645",34.0083333333333,8,3539.3,442.4125,2125,0.377313584053261,111,"Germany",2010-02-09 10:49:00,2011-11-06 12:38:00,"1","High_Value"
"12646",5.10833333333333,2,1346.97,673.485,897,1.30746648103871,43,"USA",2011-10-21 12:52:00,2011-12-05 10:14:00,"1","High_Value"
"12647",22.9958333333333,36,16955.55,470.9875,6633,1.60258854322311,240,"Germany",2010-01-13 15:06:00,2011-11-17 12:56:00,"1","High_Value"
"12648",155.038194444444,4,1112,278,518,0.219089990452849,38,"Germany",2010-01-07 18:38:00,2011-07-08 11:55:00,"1","High_Value"
"12649",107.922916666667,8,2294.65,286.83125,1959,0.406857718700739,94,"Germany",2010-01-12 17:24:00,2011-08-24 14:41:00,"1","High_Value"
"12650",3.84444444444444,1,314.44,314.44,254,30,20,"France",2011-12-06 16:34:00,2011-12-06 16:34:00,"2","Not_High_Value"
"12651",335.002777777778,4,377.75,94.4375,265,0.90983282874819,30,"France",2010-08-31 15:21:00,2011-01-09 12:46:00,"2","Not_High_Value"
"12652",331.909722222222,2,1017.03,508.515,536,0.576984720589807,51,"Germany",2010-10-01 15:16:00,2011-01-12 15:00:00,"1","High_Value"
"12653",149.089583333333,3,4160.83,1386.94333333333,1681,0.237447440019787,76,"Israel",2010-07-01 09:56:00,2011-07-14 10:41:00,"1","High_Value"
"12654",11.1111111111111,5,601.98,120.396,264,0.524712501275343,31,"Germany",2011-02-17 13:16:00,2011-11-29 10:10:00,"1","High_Value"
"12655",424.147916666667,1,261.35,261.35,80,30,16,"France",2010-10-12 09:17:00,2010-10-12 09:17:00,"2","Not_High_Value"
"12656",17.9638888888889,8,6407.83,800.97875,2860,0.439402839335708,174,"France",2010-05-26 09:00:00,2011-11-22 13:42:00,"1","High_Value"
"12657",11.8770833333333,4,1643.18,410.795,1044,1.76026566972608,35,"France",2011-09-22 11:40:00,2011-11-28 15:47:00,"1","High_Value"
"12658",19.1027777777778,1,686.05,686.05,320,30,36,"Germany",2011-11-21 10:22:00,2011-11-21 10:22:00,"2","Not_High_Value"
"12659",30.0395833333333,1,91.68,91.68,105,30,5,"France",2011-11-10 11:53:00,2011-11-10 11:53:00,"2","Not_High_Value"
"12660",11.975,1,245.1,245.1,127,30,13,"France",2011-11-28 13:26:00,2011-11-28 13:26:00,"2","Not_High_Value"
"12661",436.836111111111,1,162,162,216,30,11,"Sweden",2010-09-29 16:46:00,2010-09-29 16:46:00,"2","Not_High_Value"
"12662",1.03541666666667,20,6726.54,336.327,3424,0.970733071999407,163,"Germany",2010-04-01 09:50:00,2011-12-09 11:59:00,"1","High_Value"
"12663",625.131944444444,2,239.4,119.7,181,1.33928571428571,9,"Germany",2010-02-09 14:28:00,2010-03-25 09:40:00,"2","Not_High_Value"
"12664",8.82152777777778,11,6070.04,551.821818181818,1495,0.458793985859645,10,"Finland",2009-12-13 10:28:00,2011-12-01 17:07:00,"1","High_Value"
"12665",325.177777777778,3,313.6,104.533333333333,165,0.260323033566807,13,"Germany",2010-02-08 15:11:00,2011-01-19 08:34:00,"2","Not_High_Value"
"12666",394.840277777778,1,1248.42,1248.42,370,30,31,"Israel",2010-11-10 16:40:00,2010-11-10 16:40:00,"2","Not_High_Value"
"12667",58.8263888888889,1,620.13,620.13,395,30,33,"Finland",2011-10-12 17:00:00,2011-10-12 17:00:00,"2","Not_High_Value"
"12668",12.0791666666667,10,11383.03,1138.303,5049,0.449910486559445,263,"Germany",2010-01-31 15:45:00,2011-11-28 10:56:00,"1","High_Value"
"12669",151.122222222222,3,2744.03,914.676666666667,1115,0.84123614978677,98,"France",2011-03-28 10:15:00,2011-07-12 09:54:00,"1","High_Value"
"12670",10.89375,7,3760.29,537.184285714286,1627,0.319530003486934,71,"France",2010-02-11 10:13:00,2011-11-29 15:23:00,"1","High_Value"
"12671",606.847222222222,1,2622.481,2622.481,1460,30,45,"Germany",2010-04-12 16:30:00,2010-04-12 16:30:00,"1","High_Value"
"12672",330.145833333333,2,437.05,218.525,138,0.224740728794646,22,"France",2010-04-23 09:57:00,2011-01-14 09:20:00,"2","Not_High_Value"
"12673",5.95486111111111,3,1230.02,410.006666666667,700,0.226625328528037,68,"Germany",2010-11-03 10:46:00,2011-12-04 13:55:00,"1","High_Value"
"12674",39.0263888888889,4,1970.6,492.65,1133,0.705357944665322,52,"France",2011-05-16 09:10:00,2011-11-01 12:12:00,"1","High_Value"
"12675",554.125694444444,2,957.25,478.625,336,2.33355840648211,111,"Italy",2010-05-10 16:44:00,2010-06-04 09:49:00,"1","High_Value"
"12676",25.0173611111111,11,2843.09,258.462727272727,1867,0.7174606242149,67,"Sweden",2010-08-13 13:29:00,2011-11-15 12:25:00,"1","High_Value"
"12677",555.930555555556,2,395.1,197.55,176,0.535598053497815,13,"France",2010-02-11 13:55:00,2010-06-02 14:30:00,"2","Not_High_Value"
"12678",42.9902777777778,21,34281.18,1632.43714285714,22372,0.954768474959429,199,"France",2010-01-07 16:46:00,2011-10-28 13:04:00,"1","High_Value"
"12679",59.0138888888889,4,1113.02,278.255,554,0.530966925185285,43,"France",2011-03-01 12:26:00,2011-10-12 12:30:00,"1","High_Value"
"12680",1,4,880.81,220.2025,444,1.05374849072482,33,"France",2011-08-18 15:44:00,2011-12-09 12:50:00,"1","High_Value"
"12681",15.0534722222222,45,29834.76,662.994666666667,17011,1.89362576733729,459,"France",2009-12-13 13:31:00,2011-11-25 11:33:00,"1","High_Value"
"12682",4.11805555555556,52,22950.22,441.350384615385,10522,2.11950122278917,327,"France",2009-12-01 09:28:00,2011-12-06 10:00:00,"1","High_Value"
"12683",4.84652777777778,21,11633.7,553.985714285714,7019,0.871293975278762,236,"France",2009-12-13 15:01:00,2011-12-05 16:31:00,"1","High_Value"
"12684",8.12291666666667,7,2283.63,326.232857142857,1985,1.01511255530416,61,"France",2011-05-10 12:55:00,2011-12-02 09:53:00,"1","High_Value"
"12685",28.9611111111111,6,2863.08,477.18,1523,2.72160272160272,117,"France",2011-09-07 10:28:00,2011-11-11 13:46:00,"1","High_Value"
"12686",372.124305555556,1,89.14,89.14,107,30,7,"France",2010-12-03 09:51:00,2010-12-03 09:51:00,"2","Not_High_Value"
"12687",481.026388888889,2,2138.91,1069.455,1403,59.9167822468793,126,"Sweden",2010-08-16 12:10:00,2010-08-16 12:12:00,"1","High_Value"
"12688",114.167361111111,1,4873.81,4873.81,3028,30,171,"Israel",2011-08-18 08:49:00,2011-08-18 08:49:00,"1","High_Value"
"12689",26.1798611111111,2,1247.61,623.805,628,0.582889756926876,57,"France",2011-08-04 10:04:00,2011-11-14 08:31:00,"1","High_Value"
"12690",206.153472222222,1,389.01,389.01,106,30,16,"France",2011-05-18 09:09:00,2011-05-18 09:09:00,"2","Not_High_Value"
"12691",28.8340277777778,7,1170.4,167.2,445,0.534078405677056,24,"France",2010-10-15 12:00:00,2011-11-11 16:49:00,"1","High_Value"
"12692",637.95,1,110.95,110.95,36,30,13,"France",2010-03-12 14:02:00,2010-03-12 14:02:00,"2","Not_High_Value"
"12693",127.790972222222,7,1703.02,243.288571428571,536,0.530084578640607,63,"Germany",2010-07-05 13:56:00,2011-08-04 17:51:00,"1","High_Value"
"12694",70.9888888888889,3,1843.35,614.45,1355,0.255880210153469,69,"France",2010-10-14 19:39:00,2011-09-30 13:06:00,"1","High_Value"
"12695",7.97777777777778,7,1407.12,201.017142857143,454,0.31866464339909,46,"France",2010-02-12 13:22:00,2011-12-02 13:22:00,"1","High_Value"
"12696",435.088194444444,2,851.91,425.955,564,0.799696411547468,43,"Finland",2010-07-19 10:02:00,2010-10-01 10:43:00,"1","High_Value"
"12697",29.16875,3,957.59,319.196666666667,508,0.63509798444598,37,"Sweden",2011-06-23 15:44:00,2011-11-11 08:47:00,"1","High_Value"
"12698",590.874305555556,1,339.75,339.75,111,30,16,"Germany",2010-04-28 15:51:00,2010-04-28 15:51:00,"2","Not_High_Value"
"12699",418.029861111111,1,638.11,638.11,373,30,41,"Germany",2010-10-18 12:07:00,2010-10-18 12:07:00,"2","Not_High_Value"
"12700",8.08541666666667,4,4939.99,1234.9975,2967,0.574779551419153,193,"France",2011-05-08 16:10:00,2011-12-02 10:47:00,"1","High_Value"
"12701",80.0854166666667,6,2446.41,407.735,1727,0.324387643233664,118,"Germany",2010-03-16 13:23:00,2011-09-21 10:47:00,"1","High_Value"
"12702",20.0930555555556,1,219,219,53,30,12,"Germany",2011-11-20 10:36:00,2011-11-20 10:36:00,"2","Not_High_Value"
"12703",71.7902777777778,4,1006.53,251.6325,595,0.195363066657471,56,"Germany",2010-01-24 12:05:00,2011-09-29 17:52:00,"1","High_Value"
"12704",7.98263888888889,8,2340.84,292.605,1006,1.4712956853062,64,"Finland",2011-06-23 10:20:00,2011-12-02 13:15:00,"1","High_Value"
"12705",15.98125,14,11762.1,840.15,7188,0.809025557609629,320,"Germany",2010-06-24 09:51:00,2011-11-24 13:17:00,"1","High_Value"
"12707",292.175,1,603.42,603.42,256,30,33,"France",2011-02-21 08:38:00,2011-02-21 08:38:00,"2","Not_High_Value"
"12708",30.1236111111111,18,5117.66,284.314444444444,2432,0.779246547955831,130,"Germany",2009-12-18 10:25:00,2011-11-10 09:52:00,"1","High_Value"
"12709",15.8833333333333,34,30291.76,890.934117647059,13772,1.42443041694265,189,"Germany",2009-12-09 13:49:00,2011-11-24 15:38:00,"1","High_Value"
"12710",97.0347222222222,3,1149.02,383.006666666667,851,0.849752483362292,75,"Germany",2011-05-22 14:05:00,2011-09-04 12:00:00,"1","High_Value"
"12711",612.035416666667,2,1339.05,669.525,770,0.908813598544215,56,"Germany",2010-02-01 11:30:00,2010-04-07 11:59:00,"1","High_Value"
"12712",29.1881944444444,21,6723.03,320.144285714286,2205,0.896289468302355,126,"Germany",2009-12-09 10:46:00,2011-11-11 08:19:00,"1","High_Value"
"12713",1.02361111111111,1,848.55,848.55,508,30,38,"Germany",2011-12-09 12:16:00,2011-12-09 12:16:00,"1","High_Value"
"12714",9.87986111111111,12,14093.71,1174.47583333333,8774,0.495023505022331,436,"France",2009-12-04 10:00:00,2011-11-30 15:43:00,"1","High_Value"
"12715",106.894444444444,1,343.36,343.36,192,30,20,"Sweden",2011-08-25 15:22:00,2011-08-25 15:22:00,"2","Not_High_Value"
"12716",4.16319444444444,2,1053.49,526.745,708,0.458679067989616,60,"France",2011-07-29 13:28:00,2011-12-06 08:55:00,"1","High_Value"
"12717",151.91875,3,1308.91,436.303333333333,600,0.204541257834041,60,"Greece",2010-04-28 14:34:00,2011-07-11 14:47:00,"1","High_Value"
"12718",71.8416666666667,1,238.25,238.25,203,30,19,"France",2011-09-29 16:38:00,2011-09-29 16:38:00,"2","Not_High_Value"
"12719",5.96180555555556,2,644.95,322.475,374,0.984334947308459,34,"France",2011-10-05 14:50:00,2011-12-04 13:45:00,"1","High_Value"
"12720",3.19930555555556,30,7787.28,259.576,6018,1.78243067981301,262,"Germany",2010-07-21 09:46:00,2011-12-07 08:03:00,"1","High_Value"
"12721",32.0256944444444,8,4013.08,501.635,2655,0.544161132157467,183,"France",2010-08-25 11:07:00,2011-11-08 12:13:00,"1","High_Value"
"12722",85.9166666666667,4,997.63,249.4075,566,1.81484009872394,50,"France",2011-07-12 11:55:00,2011-09-15 14:50:00,"1","High_Value"
"12723",4.10486111111111,5,725.07,145.014,434,2.3897241860002,53,"France",2011-10-05 15:52:00,2011-12-06 10:19:00,"1","High_Value"
"12724",5.86666666666667,7,2317.52,331.074285714286,1379,0.395417136311689,94,"France",2010-06-22 14:00:00,2011-12-04 16:02:00,"1","High_Value"
"12725",371.878472222222,4,2266.76,566.69,1142,0.560554845490583,92,"Italy",2010-05-04 13:59:00,2010-12-03 15:45:00,"1","High_Value"
"12726",28.96875,11,4014.6,364.963636363636,4618,0.552873148654466,63,"France",2010-03-25 16:25:00,2011-11-11 13:35:00,"1","High_Value"
"12727",11.0444444444444,10,5679.53,567.953,2832,0.465060199459152,132,"France",2010-02-23 09:54:00,2011-11-29 11:46:00,"1","High_Value"
"12728",71.8881944444445,5,1070.17,214.034,543,0.478981366294347,48,"France",2010-11-21 11:34:00,2011-09-29 15:31:00,"1","High_Value"
"12729",114.048611111111,1,453.01,453.01,233,30,26,"France",2011-08-18 11:40:00,2011-08-18 11:40:00,"2","Not_High_Value"
"12730",522.021527777778,1,829.25,829.25,234,30,47,"Germany",2010-07-06 12:19:00,2010-07-06 12:19:00,"2","Not_High_Value"
"12731",24.0354166666667,17,25775.71,1516.21823529412,11641,0.815858584512018,137,"France",2010-03-02 09:23:00,2011-11-16 11:59:00,"1","High_Value"
"12732",180.053472222222,1,236.26,236.26,111,30,12,"France",2011-06-13 11:33:00,2011-06-13 11:33:00,"2","Not_High_Value"
"12733",234.854861111111,4,2424.87,606.2175,896,0.263087379113785,117,"USA",2010-01-19 13:23:00,2011-04-19 16:19:00,"1","High_Value"
"12734",353.002083333333,3,639.65,213.216666666667,265,2.1965729394417,17,"France",2010-11-12 13:26:00,2010-12-22 12:47:00,"2","Not_High_Value"
"12735",315.967361111111,2,779.57,389.785,368,2.61256085392035,38,"France",2011-01-06 14:26:00,2011-01-28 13:37:00,"2","Not_High_Value"
"12736",333.203472222222,1,234,234,173,30,4,"France",2011-01-11 07:57:00,2011-01-11 07:57:00,"2","Not_High_Value"
"12737",499.014583333333,2,3710.5,1855.25,2,59.9167822468793,2,"France",2010-07-29 12:27:00,2010-07-29 12:29:00,"2","Not_High_Value"
"12738",372.765972222222,1,155.35,155.35,148,30,11,"Germany",2010-12-02 18:27:00,2010-12-02 18:27:00,"2","Not_High_Value"
"12739",78.9930555555556,4,2726.73,681.6825,951,0.378621056852318,85,"United Arab Emirates",2010-11-10 14:27:00,2011-09-22 13:00:00,"1","High_Value"
"12740",64.0875,1,427.6,427.6,342,30,27,"France",2011-10-07 10:44:00,2011-10-07 10:44:00,"2","Not_High_Value"
"12741",529.926388888889,2,406.07,203.035,214,12.1827411167513,16,"USA",2010-06-24 16:24:00,2010-06-28 14:36:00,"2","Not_High_Value"
"12742",626.004861111111,1,1201.52,1201.52,1359,30,67,"United Arab Emirates",2010-03-24 12:43:00,2010-03-24 12:43:00,"2","Not_High_Value"
"12743",134.853472222222,2,540.13,270.065,315,59.3814432989691,114,"Unspecified",2011-07-28 16:06:00,2011-07-28 16:21:00,"2","Not_High_Value"
"12744",52.0638888888889,11,25317.06,2301.55090909091,6994,0.610217287178374,245,"Singapore",2010-04-27 16:19:00,2011-10-19 11:18:00,"1","High_Value"
"12745",487.108333333333,3,925.41,308.47,468,0.457446207714463,21,"EIRE",2010-01-26 16:22:00,2010-08-10 10:14:00,"2","Not_High_Value"
"12746",541.089583333333,1,254.55,254.55,97,30,17,"United Kingdom",2010-06-17 10:41:00,2010-06-17 10:41:00,"2","Not_High_Value"
"12747",2.92777777777778,26,8898.48,342.249230769231,2640,1.06695949790588,85,"United Kingdom",2009-12-07 13:23:00,2011-12-07 14:34:00,"1","High_Value"
"12748",1.02083333333333,336,53539.64,159.344166666667,37109,13.6996722128417,2286,"United Kingdom",2009-12-04 17:31:00,2011-12-09 12:20:00,"1","High_Value"
"12749",4.12083333333333,9,6897.36,766.373333333333,2360,0.520446395226029,260,"United Kingdom",2010-07-06 15:05:00,2011-12-06 09:56:00,"1","High_Value"
"12750",129.150694444444,1,275.88,275.88,137,30,15,"Poland",2011-08-03 09:13:00,2011-08-03 09:13:00,"2","Not_High_Value"
"12751",445.000694444444,1,268.27,268.27,189,30,61,"Brazil",2010-09-21 12:49:00,2010-09-21 12:49:00,"2","Not_High_Value"
"12752",81.9708333333333,1,4366.78,4366.78,2262,30,53,"Norway",2011-09-19 13:32:00,2011-09-19 13:32:00,"1","High_Value"
"12753",23.0819444444444,6,21429.39,3571.565,11421,0.527915142528942,132,"Japan",2010-12-12 11:44:00,2011-11-17 10:52:00,"1","High_Value"
"12754",236.159722222222,3,3010.74,1003.58,6481,1.21725572701913,49,"Japan",2011-02-04 10:31:00,2011-04-18 09:00:00,"1","High_Value"
"12755",281.005555555556,11,5236.26,476.023636363636,2293,0.797041286134803,34,"Japan",2010-01-15 11:57:00,2011-03-04 12:42:00,"1","High_Value"
"12756",87.1381944444445,1,112.08,112.08,144,30,4,"Japan",2011-09-14 09:31:00,2011-09-14 09:31:00,"2","Not_High_Value"
"12757",16.0138888888889,13,7834.65,602.665384615385,2395,1.98242783870888,237,"Portugal",2011-05-12 19:01:00,2011-11-24 12:30:00,"1","High_Value"
"12758",117.102777777778,7,9903.24,1414.74857142857,6155,0.337175618991551,187,"Portugal",2009-12-01 14:40:00,2011-08-15 10:22:00,"1","High_Value"
"12759",52.9173611111111,8,5020.74,627.5925,3202,0.350791005296376,206,"Netherlands",2009-12-04 10:47:00,2011-10-18 14:49:00,"1","High_Value"
"12760",456.166666666667,1,347.8,347.8,198,30,21,"Netherlands",2010-09-10 08:50:00,2010-09-10 08:50:00,"2","Not_High_Value"
"12761",458.022916666667,2,782.95,391.475,281,7.44186046511628,27,"Netherlands",2010-09-01 10:47:00,2010-09-08 12:17:00,"2","Not_High_Value"
"12762",8.10208333333333,2,1898.52,949.26,1227,3.1858407079646,62,"Portugal",2011-11-14 14:23:00,2011-12-02 10:23:00,"1","High_Value"
"12763",138.943055555556,2,494.08,247.04,316,0.258693478169744,16,"Japan",2010-12-05 15:46:00,2011-07-24 14:12:00,"2","Not_High_Value"
"12764",317.104861111111,1,1693.88,1693.88,386,30,45,"Lebanon",2011-01-27 10:19:00,2011-01-27 10:19:00,"2","Not_High_Value"
"12765",472.957638888889,6,1404.58,234.096666666667,1009,1.05775195063824,49,"Netherlands",2010-03-08 09:43:00,2010-08-24 13:51:00,"1","High_Value"
"12766",4.16944444444444,9,8918.99,990.998888888889,5022,0.666715824383485,253,"Portugal",2010-10-28 09:29:00,2011-12-06 08:46:00,"1","High_Value"
"12767",376.133333333333,1,949.82,949.82,598,30,43,"Korea",2010-11-29 09:38:00,2010-11-29 09:38:00,"2","Not_High_Value"
"12768",451.029166666667,1,168.69,168.69,102,30,10,"Korea",2010-09-15 12:08:00,2010-09-15 12:08:00,"2","Not_High_Value"
"12769",239.100694444444,1,1143.6,1143.6,356,30,32,"Brazil",2011-04-15 10:25:00,2011-04-15 10:25:00,"2","Not_High_Value"
"12770",211.136805555556,2,3246.45,1623.225,1843,0.243003796934327,19,"Japan",2010-09-09 11:43:00,2011-05-13 09:33:00,"1","High_Value"
"12771",486.040972222222,1,282.3,282.3,104,30,15,"Portugal",2010-08-11 11:51:00,2010-08-11 11:51:00,"2","Not_High_Value"
"12772",60.1465277777778,1,892.47,892.47,556,30,55,"Portugal",2011-10-11 09:19:00,2011-10-11 09:19:00,"2","Not_High_Value"
"12773",564.805555555556,1,124.25,124.25,109,30,6,"Portugal",2010-05-24 17:30:00,2010-05-24 17:30:00,"2","Not_High_Value"
"12774",536.091666666667,1,98.7,98.7,53,30,6,"Netherlands",2010-06-22 10:38:00,2010-06-22 10:38:00,"2","Not_High_Value"
"12775",17.8451388888889,7,1686.12,240.874285714286,1083,0.53422936883556,55,"Netherlands",2010-10-26 14:24:00,2011-11-22 16:33:00,"1","High_Value"
"12776",668.027083333333,1,55.5,55.5,46,30,4,"Portugal",2010-02-10 12:11:00,2010-02-10 12:11:00,"2","Not_High_Value"
"12777",458.052083333333,1,519.45,519.45,458,30,26,"United Kingdom",2010-09-08 11:35:00,2010-09-08 11:35:00,"2","Not_High_Value"
"12778",20.0555555555556,9,1775.68,197.297777777778,1735,0.462277644809542,77,"Netherlands",2010-04-16 09:57:00,2011-11-20 11:30:00,"1","High_Value"
"12779",38.0465277777778,14,6474.11,462.436428571429,3501,0.599846467868343,142,"Poland",2009-12-03 07:25:00,2011-11-02 11:43:00,"1","High_Value"
"12780",599.131944444444,1,337.4,337.4,285,30,20,"Netherlands",2010-04-20 09:40:00,2010-04-20 09:40:00,"2","Not_High_Value"
"12781",64.0923611111111,2,826.74,413.37,671,0.270173924463874,25,"Czech Republic",2011-02-28 08:43:00,2011-10-07 10:37:00,"1","High_Value"
"12782",5.14861111111111,11,4618.24,419.84,2017,0.639754437690583,142,"Portugal",2010-07-08 13:31:00,2011-12-05 09:16:00,"1","High_Value"
"12783",2.87083333333333,6,2225.91,370.985,624,2.43195316238354,76,"Portugal",2011-09-25 15:35:00,2011-12-07 15:56:00,"1","High_Value"
"12784",9.88333333333333,3,1763.15,587.716666666667,862,0.172709730380921,121,"Portugal",2010-06-28 13:06:00,2011-11-30 15:38:00,"1","High_Value"
"12785",364.959722222222,3,1100.4,366.8,453,0.244568909554794,42,"Portugal",2009-12-08 13:56:00,2010-12-10 13:48:00,"1","High_Value"
"12786",610.026388888889,1,728.5,728.5,324,30,18,"Netherlands",2010-04-09 12:12:00,2010-04-09 12:12:00,"2","Not_High_Value"
"12787",10.1708333333333,4,862.18,215.545,510,0.29648592120818,30,"Netherlands",2010-10-22 14:57:00,2011-11-30 08:44:00,"1","High_Value"
"12788",463.936805555556,4,444.9,111.225,194,1.81672904663779,20,"Netherlands",2010-06-29 13:05:00,2010-09-02 14:21:00,"2","Not_High_Value"
"12789",65.9694444444444,3,273.35,91.1166666666667,36,0.143070360590298,5,"Netherlands",2010-01-15 12:06:00,2011-10-05 13:34:00,"2","Not_High_Value"
"12790",192.941666666667,2,591.85,295.925,306,0.273911802935675,36,"Netherlands",2010-10-25 13:04:00,2011-05-31 14:14:00,"2","Not_High_Value"
"12791",374.057638888889,6,863.51,143.918333333333,353,0.714998979361025,17,"Netherlands",2010-03-25 17:29:00,2010-12-01 11:27:00,"2","Not_High_Value"
"12792",257.051388888889,2,827.01,413.505,394,0.215028608262176,39,"Portugal",2010-06-23 10:49:00,2011-03-28 11:36:00,"1","High_Value"
"12793",335.026388888889,3,885.53,295.176666666667,461,1.32424617082367,34,"Portugal",2010-11-03 13:05:00,2011-01-09 12:12:00,"2","Not_High_Value"
"12794",53.9138888888889,2,860.41,430.205,592,1.30095011518829,43,"Portugal",2011-09-02 12:01:00,2011-10-17 14:54:00,"1","High_Value"
"12795",19.0993055555556,1,430.48,430.48,68,30,14,"Portugal",2011-11-21 10:27:00,2011-11-21 10:27:00,"2","Not_High_Value"
"12796",628.875694444444,1,381,381,182,30,7,"Netherlands",2010-03-21 15:49:00,2010-03-21 15:49:00,"2","Not_High_Value"
"12797",366.079861111111,2,552.08,276.04,215,1.00136760853944,27,"Portugal",2010-10-11 12:53:00,2010-12-09 10:55:00,"2","Not_High_Value"
"12798",10.8736111111111,4,8510.93,2127.7325,8455,0.291161528935019,27,"Japan",2010-10-14 12:27:00,2011-11-29 15:52:00,"1","High_Value"
"12799",529.870138888889,1,219.35,219.35,137,30,15,"Japan",2010-06-28 15:57:00,2010-06-28 15:57:00,"2","Not_High_Value"
"12800",470.94375,3,584.25,194.75,284,0.434507106001629,31,"Portugal",2010-02-01 11:02:00,2010-08-26 14:11:00,"2","Not_High_Value"
"12801",501.133333333333,1,1071.82,1071.82,505,30,50,"Sweden",2010-07-27 09:38:00,2010-07-27 09:38:00,"2","Not_High_Value"
"12802",187.134722222222,7,2416.42,345.202857142857,1972,0.55555351428015,108,"Netherlands",2010-05-25 09:34:00,2011-06-06 09:36:00,"1","High_Value"
"12803",393.911805555556,1,1092.81,1092.81,872,30,55,"Netherlands",2010-11-11 14:57:00,2010-11-11 14:57:00,"2","Not_High_Value"
"12804",466.036111111111,2,325.37,162.685,270,1.67033986776476,60,"Netherlands",2010-07-27 13:52:00,2010-08-31 11:58:00,"2","Not_High_Value"
"12805",382.015972222222,4,1434.95,358.7375,593,0.407969572269402,44,"Netherlands",2010-02-03 09:06:00,2010-11-23 12:27:00,"1","High_Value"
"12806",435.969444444444,4,2878.96,719.74,2087,0.778623890415897,58,"Netherlands",2010-04-30 10:44:00,2010-09-30 13:34:00,"1","High_Value"
"12807",383.936805555556,1,330.35,330.35,145,30,16,"Sweden",2010-11-21 14:21:00,2010-11-21 14:21:00,"2","Not_High_Value"
"12808",37.1145833333333,5,776.7,155.34,322,0.35129891146129,46,"Portugal",2010-09-03 10:24:00,2011-11-03 10:05:00,"1","High_Value"
"12809",178.082638888889,3,1755.94,585.313333333333,518,0.191141421053874,75,"Portugal",2010-03-02 14:19:00,2011-06-15 10:51:00,"1","High_Value"
"12810",535.08125,2,534.99,267.495,389,0.41945616343255,32,"Japan",2010-02-01 09:52:00,2010-06-23 10:53:00,"2","Not_High_Value"
"12811",261.130555555556,5,1033.9,206.78,435,0.893440656513431,47,"Portugal",2010-10-08 12:20:00,2011-03-24 09:42:00,"1","High_Value"
"12812",45.1222222222222,1,229.64,229.64,164,30,15,"Japan",2011-10-26 09:54:00,2011-10-26 09:54:00,"2","Not_High_Value"
"12813",502.125,3,1687.8,562.6,1141,0.467030393011842,37,"Netherlands",2010-01-15 16:52:00,2010-07-26 09:50:00,"1","High_Value"
"12814",102.027083333333,1,125.92,125.92,49,30,2,"Poland",2011-08-30 12:11:00,2011-08-30 12:11:00,"2","Not_High_Value"
"12815",148.103472222222,2,1063.46,531.73,379,1.15682782813609,38,"Poland",2011-05-25 13:34:00,2011-07-15 10:21:00,"1","High_Value"
"12816",96.00625,2,572.2,286.1,128,0.73197387259927,27,"Poland",2011-06-16 13:24:00,2011-09-05 12:41:00,"2","Not_High_Value"
"12817",281.848611111111,3,690.98,230.326666666667,219,0.583229453087381,16,"Austria",2010-10-01 08:57:00,2011-03-03 16:28:00,"2","Not_High_Value"
"12818",262.030555555556,1,1542.08,1542.08,929,30,14,"Austria",2011-03-23 12:06:00,2011-03-23 12:06:00,"2","Not_High_Value"
"12819",458.895833333333,1,540.52,540.52,344,30,19,"United Kingdom",2010-09-07 15:20:00,2010-09-07 15:20:00,"2","Not_High_Value"
"12820",3.90138888888889,11,2689.52,244.501818181818,1964,0.450779045224939,131,"United Kingdom",2009-12-05 13:37:00,2011-12-06 15:12:00,"1","High_Value"
"12821",214.874305555556,2,220.8,110.4,162,0.150744036974162,13,"United Kingdom",2010-04-07 15:14:00,2011-05-09 15:51:00,"2","Not_High_Value"
"12822",71.1152777777778,2,948.88,474.44,550,3.36212934858744,41,"United Kingdom",2011-09-13 13:46:00,2011-09-30 10:04:00,"1","High_Value"
"12823",75.21875,18,6501.5,361.194444444444,930,0.89141292846801,1,"United Kingdom",2010-01-29 12:52:00,2011-09-26 07:35:00,"1","High_Value"
"12824",60.0006944444444,1,397.12,397.12,232,30,25,"United Kingdom",2011-10-11 12:49:00,2011-10-11 12:49:00,"2","Not_High_Value"
"12825",521.954166666667,2,518.63,259.315,139,0.495245301188245,20,"United Kingdom",2010-03-08 10:17:00,2010-07-06 13:56:00,"2","Not_High_Value"
"12826",3.10069444444444,12,2800.75,233.395833333333,1915,0.500008680706262,93,"United Kingdom",2009-12-18 10:43:00,2011-12-07 10:25:00,"1","High_Value"
"12827",6.02291666666667,3,430.15,143.383333333333,197,2.25811510114474,19,"United Kingdom",2011-10-26 15:44:00,2011-12-04 12:17:00,"2","Not_High_Value"
"12828",3.17013888888889,6,1018.71,169.785,494,1.39874479922724,46,"United Kingdom",2011-08-01 16:16:00,2011-12-07 08:45:00,"1","High_Value"
"12829",337.067361111111,3,385.3,128.433333333333,550,0.418917215364177,17,"United Kingdom",2010-06-07 15:04:00,2011-01-07 11:13:00,"2","Not_High_Value"
"12830",38.0388888888889,6,6814.64,1135.77333333333,9848,1.33291508323006,13,"United Kingdom",2011-06-21 10:53:00,2011-11-02 11:54:00,"1","High_Value"
"12831",262.991666666667,3,451.11,150.37,303,0.445814299080852,16,"United Kingdom",2010-09-02 15:58:00,2011-03-22 13:02:00,"2","Not_High_Value"
"12832",32.9722222222222,2,383.03,191.515,195,0.89568949430864,27,"United Kingdom",2011-09-02 13:48:00,2011-11-07 13:30:00,"2","Not_High_Value"
"12833",145.961111111111,1,417.38,417.38,156,30,24,"United Kingdom",2011-07-17 13:46:00,2011-07-17 13:46:00,"2","Not_High_Value"
"12834",283.125694444444,1,312.38,312.38,110,30,18,"United Kingdom",2011-03-02 09:49:00,2011-03-02 09:49:00,"2","Not_High_Value"
"12835",428.077083333333,41,5996.83,146.264146341463,2349,3.96839977953335,138,"United Kingdom",2009-12-03 12:13:00,2010-10-08 10:59:00,"1","High_Value"
"12836",59.9027777777778,15,6559.73,437.315333333333,2231,0.661730240765646,280,"United Kingdom",2009-12-01 14:19:00,2011-10-11 15:10:00,"1","High_Value"
"12837",173.863194444444,2,662.66,331.33,194,0.151118433825343,83,"United Kingdom",2010-05-19 15:10:00,2011-06-19 16:07:00,"1","High_Value"
"12838",34.0208333333333,10,2975.91,297.591,1606,0.53562063180917,230,"United Kingdom",2010-04-26 09:59:00,2011-11-06 12:20:00,"1","High_Value"
"12839",3.01180555555556,26,9669.12,371.889230769231,6578,1.06683383436151,156,"United Kingdom",2009-12-07 09:18:00,2011-12-07 12:33:00,"1","High_Value"
"12840",144.139583333333,7,4041.97,577.424285714286,2258,0.394902828308682,109,"United Kingdom",2010-02-03 14:51:00,2011-07-19 09:29:00,"1","High_Value"
"12841",5.06736111111111,40,6958.2,173.955,5008,2.32641109353438,307,"United Kingdom",2010-07-08 15:38:00,2011-12-05 11:13:00,"1","High_Value"
"12842",70.8868055555556,4,1917.99,479.4975,887,0.179558958308654,45,"United Kingdom",2009-12-02 08:15:00,2011-09-30 15:33:00,"1","High_Value"
"12843",66.0284722222222,30,6583.36,219.445333333333,3028,1.35947668539444,130,"United Kingdom",2009-12-13 11:41:00,2011-10-05 12:09:00,"1","High_Value"
"12844",29.9715277777778,4,648.6,162.15,223,0.212363278849699,88,"United Kingdom",2010-04-25 11:51:00,2011-11-10 13:31:00,"1","High_Value"
"12845",267.969444444444,4,354.09,88.5225,204,5.00521376433785,26,"United Kingdom",2011-02-22 14:10:00,2011-03-17 13:34:00,"2","Not_High_Value"
"12846",682.847916666667,1,15.58,15.58,1,30,1,"United Kingdom",2010-01-26 16:29:00,2010-01-26 16:29:00,"2","Not_High_Value"
"12847",22.9819444444444,2,1609,804.5,1497,0.163924473316738,100,"United Kingdom",2010-11-17 12:44:00,2011-11-17 13:16:00,"1","High_Value"
"12848",676.003472222222,1,208,208,58,30,16,"United Kingdom",2010-02-02 12:45:00,2010-02-02 12:45:00,"2","Not_High_Value"
"12849",31.9645833333333,6,3042.47,507.078333333333,1855,0.320856806509234,123,"United Kingdom",2010-04-27 13:44:00,2011-11-08 13:41:00,"1","High_Value"
"12850",446.016666666667,1,330,330,200,30,2,"United Kingdom",2010-09-20 12:26:00,2010-09-20 12:26:00,"2","Not_High_Value"
"12851",97.00625,2,280.76,140.38,157,0.157111476411458,71,"United Kingdom",2010-08-19 15:13:00,2011-09-04 12:41:00,"2","Not_High_Value"
"12852",295.16875,1,311.55,311.55,149,30,17,"United Kingdom",2011-02-18 08:47:00,2011-02-18 08:47:00,"2","Not_High_Value"
"12853",135.05625,11,3907.5,355.227272727273,1668,0.612266985512773,111,"United Kingdom",2010-02-05 11:57:00,2011-07-28 11:29:00,"1","High_Value"
"12854",79.0243055555556,7,2970.97,424.424285714286,1630,0.322594410070408,188,"United Kingdom",2009-12-11 12:55:00,2011-09-22 12:15:00,"1","High_Value"
"12855",373.134027777778,4,612.84,153.21,240,3.91650234582172,65,"United Kingdom",2010-11-02 18:16:00,2010-12-02 09:37:00,"2","Not_High_Value"
"12856",8.08194444444444,6,2170.78,361.796666666667,1076,3.16197818820602,155,"United Kingdom",2011-10-07 12:38:00,2011-12-02 10:52:00,"1","High_Value"
"12857",211.104166666667,6,3688,614.666666666667,1420,0.379923282466804,71,"United Kingdom",2010-01-25 15:37:00,2011-05-13 10:20:00,"1","High_Value"
"12858",383.996527777778,1,147.27,147.27,51,30,36,"United Kingdom",2010-11-21 12:55:00,2010-11-21 12:55:00,"2","Not_High_Value"
"12859",459.020833333333,1,575.1,575.1,292,30,21,"United Kingdom",2010-09-07 12:20:00,2010-09-07 12:20:00,"2","Not_High_Value"
"12860",693.894444444444,1,54.22,54.22,26,30,16,"United Kingdom",2010-01-15 15:22:00,2010-01-15 15:22:00,"2","Not_High_Value"
"12861",620.049305555556,1,68.25,68.25,27,30,4,"United Kingdom",2010-03-30 11:39:00,2010-03-30 11:39:00,"2","Not_High_Value"
"12862",426.04375,2,984.62,492.31,611,0.846834661413155,119,"United Kingdom",2010-08-01 15:20:00,2010-10-10 11:47:00,"1","High_Value"
"12863",52.9409722222222,6,2792.55,465.425,895,0.334563421840331,24,"United Kingdom",2010-04-29 13:54:00,2011-10-18 14:15:00,"1","High_Value"
"12864",138.990972222222,2,299.57,149.785,447,0.16180350986271,5,"United Kingdom",2010-07-19 17:22:00,2011-07-24 13:03:00,"2","Not_High_Value"
"12865",26.9298611111111,4,3323.47,830.8675,1973,0.266021728186757,156,"Austria",2010-08-20 12:20:00,2011-11-13 14:31:00,"1","High_Value"
"12866",283.94375,3,1227.35,409.116666666667,553,0.408892142077399,58,"Belgium",2010-07-25 11:37:00,2011-03-01 14:11:00,"1","High_Value"
"12867",26.8888888888889,13,7829.26,602.250769230769,7876,0.558769830806963,365,"United Kingdom",2009-12-16 16:25:00,2011-11-13 15:30:00,"1","High_Value"
"12868",186.088888888889,8,2043.76,255.47,1170,1.15370363570205,86,"United Kingdom",2010-11-12 10:05:00,2011-06-07 10:42:00,"1","High_Value"
"12869",682.027777777778,1,337.67,337.67,144,30,35,"United Kingdom",2010-01-27 12:10:00,2010-01-27 12:10:00,"2","Not_High_Value"
"12870",375.963888888889,3,1676.95,558.983333333333,906,0.360050006945409,85,"United Kingdom",2010-03-25 14:32:00,2010-11-29 13:42:00,"1","High_Value"
"12871",84.9048611111111,3,744.02,248.006666666667,484,0.252674430166519,13,"United Kingdom",2010-09-26 10:34:00,2011-09-16 15:07:00,"2","Not_High_Value"
"12872",327.081944444444,12,3283.96,273.663333333333,1642,0.876728638618341,217,"United Kingdom",2009-12-03 20:03:00,2011-01-17 10:52:00,"1","High_Value"
"12873",282.911111111111,3,2027.3,675.766666666667,786,0.224879751799385,33,"United Kingdom",2010-01-27 09:50:00,2011-03-02 14:58:00,"1","High_Value"
"12874",385.89375,2,948.42,474.21,623,0.352722165975375,44,"Belgium",2010-06-03 12:51:00,2010-11-19 15:23:00,"1","High_Value"
"12875",143.888888888889,5,1356.99,271.398,5187,0.270211778481385,2,"United Kingdom",2010-01-11 12:37:00,2011-07-19 15:30:00,"1","High_Value"
"12876",58.0166666666667,4,4081.79,1020.4475,3047,0.224736636753804,117,"Belgium",2010-04-28 13:26:00,2011-10-13 12:26:00,"1","High_Value"
"12877",4.09722222222222,20,2942.14,147.107,2237,0.872086861466378,149,"United Kingdom",2010-01-18 10:23:00,2011-12-06 10:30:00,"1","High_Value"
"12878",236.988194444444,2,854.99,427.495,547,1.93787148143995,38,"United Kingdom",2011-03-18 14:02:00,2011-04-17 13:07:00,"1","High_Value"
"12879",45.0180555555556,3,573.22,191.073333333333,370,1.87464741874358,7,"United Kingdom",2011-09-09 12:11:00,2011-10-26 12:24:00,"2","Not_High_Value"
"12880",382.083333333333,2,640.13,320.065,279,0.309352543744383,32,"United Kingdom",2010-05-14 11:57:00,2010-11-23 10:50:00,"2","Not_High_Value"
"12881",276.045833333333,1,298,298,21,30,7,"United Kingdom",2011-03-09 11:44:00,2011-03-09 11:44:00,"2","Not_High_Value"
"12882",9.85555555555556,2,1463.04,731.52,246,2.38042759532731,12,"United Kingdom",2011-11-06 11:22:00,2011-11-30 16:18:00,"1","High_Value"
"12883",25.1375,4,703.47,175.8675,196,1.8248252265191,39,"United Kingdom",2011-09-11 15:18:00,2011-11-15 09:32:00,"1","High_Value"
"12884",88.9861111111111,1,309.05,309.05,43,30,7,"United Kingdom",2011-09-12 13:10:00,2011-09-12 13:10:00,"2","Not_High_Value"
"12885",63.9652777777778,3,1175.22,391.74,655,1.47348075720539,66,"United Kingdom",2011-08-08 11:45:00,2011-10-07 13:40:00,"1","High_Value"
"12886",68.1118055555555,2,1378.4,689.2,770,0.39228506047728,75,"United Kingdom",2011-05-04 11:21:00,2011-10-03 10:09:00,"1","High_Value"
"12887",384.063888888889,1,222.4,222.4,100,30,13,"United Kingdom",2010-11-21 11:18:00,2010-11-21 11:18:00,"2","Not_High_Value"
"12888",214.866666666667,2,354.12,177.06,76,1.42642518697066,4,"United Kingdom",2011-03-29 14:31:00,2011-05-09 16:02:00,"2","Not_High_Value"
"12889",381.8625,4,385.46,96.365,124,0.983069361004915,25,"United Kingdom",2010-07-25 14:32:00,2010-11-23 16:08:00,"2","Not_High_Value"
"12890",24.8083333333333,2,706.02,353.01,457,0.164771979609468,124,"United Kingdom",2010-11-17 14:05:00,2011-11-15 17:26:00,"1","High_Value"
"12891",186.013194444444,11,840.5,76.4090909090909,2325,0.694859763203725,2,"United Kingdom",2010-02-18 14:32:00,2011-06-07 12:31:00,"2","Not_High_Value"
"12892",397.124305555556,1,263.38,263.38,140,30,18,"United Kingdom",2010-11-08 09:51:00,2010-11-08 09:51:00,"2","Not_High_Value"
"12893",31.0111111111111,1,176.55,176.55,90,30,27,"United Kingdom",2011-11-09 12:34:00,2011-11-09 12:34:00,"2","Not_High_Value"
"12894",575.91875,1,157.35,157.35,33,30,21,"United Kingdom",2010-05-13 14:47:00,2010-05-13 14:47:00,"2","Not_High_Value"
"12895",42.9576388888889,2,372.8,186.4,210,1.32686282941213,22,"United Kingdom",2011-09-14 08:35:00,2011-10-28 13:51:00,"2","Not_High_Value"
"12897",205.025694444444,4,514.25,128.5625,249,0.352930363653074,10,"United Kingdom",2010-06-14 11:58:00,2011-05-19 12:13:00,"2","Not_High_Value"
"12898",464.195833333333,2,296.21,148.105,235,0.304856533950574,27,"United Kingdom",2010-02-18 12:36:00,2010-09-02 08:08:00,"2","Not_High_Value"
"12899",414.122916666667,1,366.4,366.4,108,30,17,"United Kingdom",2010-10-22 09:53:00,2010-10-22 09:53:00,"2","Not_High_Value"
"12900",422.897916666667,1,340.33,340.33,139,30,13,"United Kingdom",2010-10-13 15:17:00,2010-10-13 15:17:00,"2","Not_High_Value"
"12901",9.11319444444444,28,17654.54,630.519285714286,23075,3.19420311286924,30,"United Kingdom",2011-03-14 10:41:00,2011-12-01 10:07:00,"1","High_Value"
"12902",265.030555555556,1,138.68,138.68,66,30,10,"United Kingdom",2011-03-20 12:06:00,2011-03-20 12:06:00,"2","Not_High_Value"
"12903",429.007638888889,1,833.53,833.53,493,30,41,"United Kingdom",2010-10-07 12:39:00,2010-10-07 12:39:00,"2","Not_High_Value"
"12904",18.9277777777778,2,496.06,248.03,294,0.386965011913506,59,"United Kingdom",2011-06-20 13:18:00,2011-11-21 14:34:00,"1","High_Value"
"12905",577.114583333333,2,1018.42,509.21,532,0.561626115614376,52,"United Kingdom",2010-01-26 14:06:00,2010-05-12 10:05:00,"1","High_Value"
"12906",12.1215277777778,5,2919.81,583.962,1749,2.21284268327665,55,"United Kingdom",2011-09-22 15:03:00,2011-11-28 09:55:00,"1","High_Value"
"12907",396.029166666667,2,508.91,254.455,177,0.60060477564214,23,"United Kingdom",2010-08-02 14:33:00,2010-11-09 12:08:00,"2","Not_High_Value"
"12908",176.882638888889,5,1776,355.2,3000,0.329680393174395,1,"United Kingdom",2010-03-19 15:59:00,2011-06-16 15:39:00,"1","High_Value"
"12909",40.0048611111111,8,3103.19,387.89875,1948,0.390231123867895,120,"United Kingdom",2010-02-24 12:14:00,2011-10-31 12:43:00,"1","High_Value"
"12910",23.9319444444444,13,5796.52,445.886153846154,3632,0.651026270579316,75,"United Kingdom",2010-03-28 13:10:00,2011-11-16 14:28:00,"1","High_Value"
"12911",552.025694444444,1,1651.72,1651.72,807,30,220,"United Kingdom",2010-06-06 12:13:00,2010-06-06 12:13:00,"1","High_Value"
"12912",3.16319444444444,5,1662.3,332.46,670,3.85714285714286,17,"United Kingdom",2011-10-30 11:35:00,2011-12-07 08:55:00,"1","High_Value"
"12913",5.02708333333333,13,6283.24,483.326153846154,3086,0.530615754261413,52,"United Kingdom",2009-12-01 12:18:00,2011-12-05 12:11:00,"1","High_Value"
"12914",401.015277777778,1,223.98,223.98,336,30,9,"United Kingdom",2010-11-04 12:28:00,2010-11-04 12:28:00,"2","Not_High_Value"
"12915",149.052777777778,4,975.1,243.775,411,0.271698967606816,46,"United Kingdom",2010-04-29 19:36:00,2011-07-14 11:34:00,"1","High_Value"
"12916",139.09375,7,4479.73,639.961428571429,1681,0.383937107445257,82,"United Kingdom",2010-01-24 11:26:00,2011-07-24 10:35:00,"1","High_Value"
"12917",128.838888888889,6,4359.2,726.533333333333,1104,0.298459341823458,45,"United Kingdom",2009-12-09 14:22:00,2011-08-03 16:42:00,"1","High_Value"
"12918",626.894444444444,1,10953.5,10953.5,1,30,1,"United Kingdom",2010-03-23 15:22:00,2010-03-23 15:22:00,"2","Not_High_Value"
"12919",8.96041666666667,6,1335.19,222.531666666667,673,1.10985035003961,34,"United Kingdom",2011-06-23 09:22:00,2011-12-01 13:47:00,"1","High_Value"
"12920",17.90625,4,486.64,121.66,420,0.169261254942909,59,"United Kingdom",2009-12-14 15:58:00,2011-11-22 15:05:00,"1","High_Value"
"12921",9.85277777777778,74,35233.24,476.124864864865,21328,3.04063597686423,322,"United Kingdom",2009-12-01 13:43:00,2011-11-30 16:22:00,"1","High_Value"
"12922",161.885416666667,1,405.38,405.38,370,30,28,"United Kingdom",2011-07-01 15:35:00,2011-07-01 15:35:00,"2","Not_High_Value"
"12923",64.8541666666667,3,770.42,256.806666666667,230,0.175760986756898,54,"United Kingdom",2010-05-13 14:55:00,2011-10-06 16:20:00,"1","High_Value"
"12924",88.9548611111111,12,2469.4,205.783333333333,1423,0.559830236664345,56,"United Kingdom",2009-12-09 12:40:00,2011-09-12 13:55:00,"1","High_Value"
"12925",5.06875,3,729.33,243.11,649,0.152794332462076,46,"United Kingdom",2010-04-26 10:32:00,2011-12-05 11:11:00,"1","High_Value"
"12926",411.870138888889,4,1523.97,380.9925,754,0.380883526346648,202,"United Kingdom",2009-12-14 14:35:00,2010-10-24 15:57:00,"1","High_Value"
"12927",395.116666666667,1,197.31,197.31,145,30,11,"United Kingdom",2010-11-10 10:02:00,2010-11-10 10:02:00,"2","Not_High_Value"
"12928",35.9347222222222,12,4304.89,358.740833333333,2899,0.698795440575428,94,"United Kingdom",2010-06-08 10:16:00,2011-11-04 14:24:00,"1","High_Value"
"12929",312.029166666667,1,117.85,117.85,37,30,8,"United Kingdom",2011-02-01 12:08:00,2011-02-01 12:08:00,"2","Not_High_Value"
"12930",78.8972222222222,2,415.8,207.9,252,0.637765458799909,20,"United Kingdom",2011-06-21 13:25:00,2011-09-22 15:18:00,"2","Not_High_Value"
"12931",22.0076388888889,57,92347.34,1620.12877192982,62906,2.38149352062385,37,"United Kingdom",2009-12-01 11:46:00,2011-11-18 12:39:00,"1","High_Value"
"12932",539.936111111111,8,1698.56,212.32,1609,1.85710600980139,69,"United Kingdom",2010-02-10 08:46:00,2010-06-18 14:22:00,"1","High_Value"
"12933",24.8416666666667,8,1636.63,204.57875,949,0.339943677155805,227,"United Kingdom",2009-12-10 16:39:00,2011-11-15 16:38:00,"1","High_Value"
"12934",737.082638888889,1,181.65,181.65,31,30,2,"United Kingdom",2009-12-03 10:51:00,2009-12-03 10:51:00,"2","Not_High_Value"
"12935",2.80902777777778,15,4243.86,282.924,3201,0.742501082814079,113,"United Kingdom",2010-04-11 15:59:00,2011-12-07 17:25:00,"1","High_Value"
"12936",17.8041666666667,4,1063.9,265.975,559,1.93070468486386,56,"United Kingdom",2011-09-22 13:51:00,2011-11-22 17:32:00,"1","High_Value"
"12937",15.90625,9,3097.61,344.178888888889,1983,0.373974887509354,128,"United Kingdom",2009-12-03 15:43:00,2011-11-24 15:05:00,"1","High_Value"
"12938",26.0618055555556,1,114.14,114.14,140,30,9,"United Kingdom",2011-11-14 11:21:00,2011-11-14 11:21:00,"2","Not_High_Value"
"12939",64.9284722222222,20,25264.8,1263.24,10328,0.947673921198281,24,"United Kingdom",2010-01-12 11:27:00,2011-10-06 14:33:00,"1","High_Value"
"12940",55.0284722222222,2,899.69,449.845,404,1.76064230839769,87,"United Kingdom",2011-09-13 10:16:00,2011-10-16 12:09:00,"1","High_Value"
"12941",724.984722222222,1,377.49,377.49,381,30,27,"United Kingdom",2009-12-15 13:12:00,2009-12-15 13:12:00,"2","Not_High_Value"
"12942",131.924305555556,3,675.6,225.2,198,0.382633855419908,68,"United Kingdom",2010-12-09 09:34:00,2011-07-31 14:39:00,"1","High_Value"
"12943",558.956944444444,2,496.5,248.25,222,1.24695117551126,22,"United Kingdom",2010-04-13 11:03:00,2010-05-30 13:52:00,"2","Not_High_Value"
"12944",36.0736111111111,2,604.51,302.255,289,0.187490641743142,29,"United Kingdom",2010-12-20 10:41:00,2011-11-04 11:04:00,"1","High_Value"
"12945",288.940972222222,2,900.11,450.055,446,0.16262090695035,47,"United Kingdom",2010-02-21 15:18:00,2011-02-24 14:15:00,"1","High_Value"
"12946",437.108333333333,1,324.45,324.45,149,30,20,"United Kingdom",2010-09-29 10:14:00,2010-09-29 10:14:00,"2","Not_High_Value"
"12947",144.113888888889,6,1603.99,267.331666666667,1165,0.780100221208975,83,"United Kingdom",2010-12-01 16:21:00,2011-07-19 10:06:00,"1","High_Value"
"12948",16.8194444444444,9,2317.43,257.492222222222,1304,0.373859814108592,89,"United Kingdom",2009-12-02 12:28:00,2011-11-23 17:10:00,"1","High_Value"
"12949",31.0590277777778,22,15526.7,705.759090909091,8233,0.933770481495054,347,"United Kingdom",2009-12-03 15:56:00,2011-11-09 11:25:00,"1","High_Value"
"12950",2.98125,3,1843,614.333333333333,1380,3.91670948049201,13,"United Kingdom",2011-11-15 13:48:00,2011-12-07 13:17:00,"1","High_Value"
"12951",9.025,15,3213.72,214.248,1662,0.651249081668444,110,"United Kingdom",2010-01-10 12:43:00,2011-12-01 12:14:00,"1","High_Value"
"12952",6.09375,4,1387.79,346.9475,653,1.62714928718055,64,"United Kingdom",2011-09-22 16:37:00,2011-12-04 10:35:00,"1","High_Value"
"12953",10.1430555555556,2,828.81,414.405,364,0.116771432085384,45,"United Kingdom",2010-07-05 13:37:00,2011-11-30 09:24:00,"1","High_Value"
"12954",639.106944444444,1,162.45,162.45,83,30,10,"United Kingdom",2010-03-11 10:16:00,2010-03-11 10:16:00,"2","Not_High_Value"
"12955",1.84791666666667,11,4757.16,432.469090909091,3664,1.23452299922583,81,"United Kingdom",2011-03-17 09:03:00,2011-12-08 16:29:00,"1","High_Value"
"12956",306.8625,4,521.89,130.4725,340,0.286479272528329,42,"United Kingdom",2009-12-15 19:03:00,2011-02-06 16:08:00,"2","Not_High_Value"
"12957",10.1229166666667,13,8706.97,669.766923076923,4686,0.541733547351525,402,"United Kingdom",2009-12-11 12:01:00,2011-11-30 09:53:00,"1","High_Value"
"12958",400.856944444444,2,467.34,233.67,118,0.326094340904459,45,"United Kingdom",2010-05-05 16:22:00,2010-11-04 16:16:00,"2","Not_High_Value"
"12959",484.8125,1,150.95,150.95,109,30,8,"United Kingdom",2010-08-12 17:20:00,2010-08-12 17:20:00,"2","Not_High_Value"
"12960",414.138194444444,4,1322.07,330.5175,1379,0.482251848213463,49,"United Kingdom",2010-02-16 13:32:00,2010-10-22 09:31:00,"1","High_Value"
"12961",379.8375,1,211.99,211.99,180,30,37,"United Kingdom",2010-11-25 16:44:00,2010-11-25 16:44:00,"2","Not_High_Value"
"12962",7.87152777777778,2,266.39,133.195,129,0.56024951853557,15,"United Kingdom",2011-08-18 13:38:00,2011-12-02 15:55:00,"2","Not_High_Value"
"12963",8.99652777777778,12,3235.79,269.649166666667,1637,0.703229919828533,129,"United Kingdom",2010-07-08 14:45:00,2011-12-01 12:55:00,"1","High_Value"
"12964",437.79375,1,132.24,132.24,56,30,26,"United Kingdom",2010-09-28 17:47:00,2010-09-28 17:47:00,"2","Not_High_Value"
"12965",89.8881944444445,1,769.81,769.81,282,30,108,"United Kingdom",2011-09-11 15:31:00,2011-09-11 15:31:00,"2","Not_High_Value"
"12966",10.0083333333333,1,160.18,160.18,75,30,10,"United Kingdom",2011-11-30 12:38:00,2011-11-30 12:38:00,"2","Not_High_Value"
"12967",358.736111111111,3,2938.52,979.506666666667,912,3.41709072692277,47,"United Kingdom",2010-11-21 11:03:00,2010-12-16 19:10:00,"1","High_Value"
"12968",112.879166666667,1,135.95,135.95,73,30,5,"United Kingdom",2011-08-19 15:44:00,2011-08-19 15:44:00,"2","Not_High_Value"
"12969",603.083333333333,1,122.45,122.45,55,30,5,"United Kingdom",2010-04-16 10:50:00,2010-04-16 10:50:00,"2","Not_High_Value"
"12970",7.93055555555556,10,1453.6,145.36,954,0.411518321614905,280,"United Kingdom",2009-12-04 14:19:00,2011-12-02 14:30:00,"1","High_Value"
"12971",4.02083333333333,116,15704.6,135.384482758621,14306,4.82181826579273,102,"United Kingdom",2009-12-15 19:04:00,2011-12-06 12:20:00,"1","High_Value"
"12972",414.172916666667,4,1161.2,290.3,844,0.482397246315719,69,"United Kingdom",2010-02-16 14:30:00,2010-10-22 08:41:00,"1","High_Value"
"12973",414.108333333333,1,385.55,385.55,31,30,6,"United Kingdom",2010-10-22 10:14:00,2010-10-22 10:14:00,"2","Not_High_Value"
"12974",198.136805555556,2,408.95,204.475,104,0.1626420294111,27,"United Kingdom",2010-05-23 11:45:00,2011-05-26 09:33:00,"2","Not_High_Value"
"12975",437.127777777778,6,2100.09,350.015,911,0.604100049409418,92,"United Kingdom",2009-12-06 10:38:00,2010-09-29 09:46:00,"1","High_Value"
"12976",212.121527777778,8,3156.38,394.5475,2684,0.527755253501189,106,"United Kingdom",2010-02-12 15:46:00,2011-05-12 09:55:00,"1","High_Value"
"12977",156.840277777778,4,513.88,128.47,128,0.337068788951634,54,"United Kingdom",2010-07-16 16:25:00,2011-07-06 16:40:00,"2","Not_High_Value"
"12978",385.93125,5,2502.82,500.564,1394,0.434660994608996,126,"United Kingdom",2009-12-10 12:10:00,2010-11-19 14:29:00,"1","High_Value"
"12979",729.878472222222,1,517.7,517.7,520,30,56,"United Arab Emirates",2009-12-10 15:45:00,2009-12-10 15:45:00,"2","Not_High_Value"
"12980",158.136111111111,21,16245.78,773.608571428572,1910,1.0844825277815,7,"United Kingdom",2009-12-02 11:26:00,2011-07-05 09:34:00,"1","High_Value"
"12981",30.0347222222222,2,372.22,186.11,242,0.571935445434446,12,"United Kingdom",2011-07-29 14:14:00,2011-11-10 12:00:00,"2","Not_High_Value"
"12982",243.040972222222,8,2744.81,343.10125,1729,0.657683151246192,139,"United Kingdom",2010-04-12 13:50:00,2011-04-11 11:51:00,"1","High_Value"
"12983",598.994444444444,1,490.08,490.08,638,30,30,"United Kingdom",2010-04-20 12:58:00,2010-04-20 12:58:00,"2","Not_High_Value"
"12984",19.0090277777778,1,97.5,97.5,26,30,4,"United Kingdom",2011-11-21 12:37:00,2011-11-21 12:37:00,"2","Not_High_Value"
"12985",1.08611111111111,2,1239.38,619.69,1533,2.07482829835262,73,"United Kingdom",2011-11-11 12:44:00,2011-12-09 10:46:00,"1","High_Value"
"12986",429.036805555556,10,2729.84,272.984,1164,1.15362430301865,61,"United Kingdom",2010-01-21 10:45:00,2010-10-07 11:57:00,"1","High_Value"
"12987",74.0326388888889,5,1312.21,262.442,585,0.24347190942845,61,"United Kingdom",2010-01-20 09:57:00,2011-09-27 12:03:00,"1","High_Value"
"12988",292.929861111111,1,505.82,505.82,126,30,75,"United Kingdom",2011-02-20 14:31:00,2011-02-20 14:31:00,"2","Not_High_Value"
"12989",3.89027777777778,33,13551.75,410.659090909091,6935,1.36160328404653,50,"United Kingdom",2009-12-10 13:27:00,2011-12-06 15:28:00,"1","High_Value"
"12990",31.9923611111111,7,955.5,136.5,480,0.356500775129827,9,"United Kingdom",2010-03-30 11:36:00,2011-11-08 13:01:00,"1","High_Value"
"12991",23.8861111111111,3,764.82,254.94,483,0.245180110898596,45,"United Kingdom",2010-11-15 13:43:00,2011-11-16 15:34:00,"1","High_Value"
"12992",725.836111111111,1,93.35,93.35,21,30,6,"United Kingdom",2009-12-14 16:46:00,2009-12-14 16:46:00,"2","Not_High_Value"
"12993",23.8756944444444,8,1259.63,157.45375,751,0.376637161969237,57,"United Kingdom",2010-02-18 10:35:00,2011-11-16 15:49:00,"1","High_Value"
"12994",4.87986111111111,3,974.42,324.806666666667,459,0.339238597813796,52,"United Kingdom",2011-03-16 08:31:00,2011-12-05 15:43:00,"1","High_Value"
"12995",85.8791666666667,1,211.32,211.32,108,30,3,"United Kingdom",2011-09-15 15:44:00,2011-09-15 15:44:00,"2","Not_High_Value"
"12996",376.140972222222,1,355.5,355.5,122,30,22,"United Kingdom",2010-11-29 09:27:00,2010-11-29 09:27:00,"2","Not_High_Value"
"12997",22.8770833333333,8,2110.91,263.86375,1186,0.405957329843854,65,"United Kingdom",2010-04-06 11:06:00,2011-11-17 15:47:00,"1","High_Value"
"12998",493.197916666667,3,920.08,306.693333333333,1124,0.556103840377601,58,"United Kingdom",2010-02-24 11:55:00,2010-08-04 08:05:00,"1","High_Value"
"12999",196.976388888889,3,455.88,151.96,342,1.79556097425808,25,"United Kingdom",2011-04-08 10:26:00,2011-05-27 13:24:00,"2","Not_High_Value"
"13000",107.088194444444,4,1032.5,258.125,548,0.193630801640483,57,"United Kingdom",2009-12-14 17:03:00,2011-08-25 10:43:00,"1","High_Value"
"13001",4.91597222222222,33,24042.65,728.565151515152,13448,1.35072908672295,300,"United Kingdom",2009-12-03 16:21:00,2011-12-05 14:51:00,"1","High_Value"
"13002",318.897222222222,3,414.13,138.043333333333,201,0.768318709983401,19,"United Kingdom",2010-10-01 11:58:00,2011-01-25 15:18:00,"2","Not_High_Value"
"13003",106.083333333333,3,149.05,49.6833333333333,103,0.817423224658934,4,"United Kingdom",2011-05-09 08:23:00,2011-08-26 10:50:00,"2","Not_High_Value"
"13004",12.0576388888889,36,11650.85,323.634722222222,8768,1.51245352599481,417,"United Kingdom",2009-12-15 09:44:00,2011-11-28 11:27:00,"1","High_Value"
"13005",174.08125,4,999.68,249.92,462,0.421174755838072,41,"United Kingdom",2010-09-08 12:52:00,2011-06-19 10:53:00,"1","High_Value"
"13006",56.9590277777778,1,81.57,81.57,55,30,4,"United Kingdom",2011-10-14 13:49:00,2011-10-14 13:49:00,"2","Not_High_Value"
"13007",580.091666666667,1,175.25,175.25,59,30,11,"United Kingdom",2010-05-09 10:38:00,2010-05-09 10:38:00,"2","Not_High_Value"
"13008",323.934722222222,3,612.13,204.043333333333,379,0.224478943840426,31,"United Kingdom",2009-12-16 16:07:00,2011-01-20 14:24:00,"2","Not_High_Value"
"13009",673.019444444444,1,234,234,120,30,4,"United Kingdom",2010-02-05 12:22:00,2010-02-05 12:22:00,"2","Not_High_Value"
"13010",374.903472222222,2,330.12,165.06,323,0.218060123012157,10,"United Kingdom",2010-03-01 11:28:00,2010-11-30 15:09:00,"2","Not_High_Value"
"13011",372.811111111111,1,50.55,50.55,13,30,3,"United Kingdom",2010-12-02 17:22:00,2010-12-02 17:22:00,"2","Not_High_Value"
"13012",9.98958333333333,11,2957.83,268.893636363636,1559,0.565114860308887,95,"United Kingdom",2010-04-26 14:14:00,2011-11-30 13:05:00,"1","High_Value"
"13013",1.90902777777778,29,11097.43,382.67,5661,1.19969318191612,289,"United Kingdom",2009-12-14 10:34:00,2011-12-08 15:01:00,"1","High_Value"
"13014",11.0159722222222,11,5381.08,489.189090909091,1979,0.780075249683177,140,"United Kingdom",2010-10-03 11:35:00,2011-11-29 12:27:00,"1","High_Value"
"13015",53.9798611111111,11,6579.78,598.161818181818,3527,0.599059053708569,260,"United Kingdom",2010-04-15 16:35:00,2011-10-17 13:19:00,"1","High_Value"
"13016",73.9458333333333,3,789.89,263.296666666667,527,1.76595628713141,39,"United Kingdom",2011-08-08 15:00:00,2011-09-27 14:08:00,"1","High_Value"
"13017",7.87291666666667,1,204,204,48,30,1,"United Kingdom",2011-12-02 15:53:00,2011-12-02 15:53:00,"2","Not_High_Value"
"13018",16.9736111111111,35,9763.16,278.947428571429,6746,1.65866951010011,401,"United Kingdom",2010-03-01 12:34:00,2011-11-23 13:28:00,"1","High_Value"
"13019",379.9125,6,1229.95,204.991666666667,397,0.507085899412313,46,"United Kingdom",2009-12-06 15:40:00,2010-11-25 14:56:00,"1","High_Value"
"13020",563.068055555556,2,618.96,309.48,278,0.612084416642462,38,"United Kingdom",2010-02-18 10:35:00,2010-05-26 11:12:00,"2","Not_High_Value"
"13021",4.84236111111111,17,4887.24,287.484705882353,2546,0.69749220022509,166,"United Kingdom",2009-12-05 12:02:00,2011-12-05 16:37:00,"1","High_Value"
"13022",430.083333333333,1,65.3,65.3,35,30,5,"Belgium",2010-10-06 10:50:00,2010-10-06 10:50:00,"2","Not_High_Value"
"13023",64.8493055555556,3,1449.03,483.01,585,0.19343399065069,69,"United Kingdom",2010-06-29 09:51:00,2011-10-06 16:27:00,"1","High_Value"
"13024",471.130555555556,2,555.87,277.935,181,0.531898520657239,26,"United Kingdom",2010-05-06 14:25:00,2010-08-26 09:42:00,"2","Not_High_Value"
"13025",732.116666666667,1,323.39,323.39,241,30,13,"United Kingdom",2009-12-08 10:02:00,2009-12-08 10:02:00,"2","Not_High_Value"
"13026",1.82777777777778,9,1733.08,192.564444444444,2466,0.371785603635237,52,"United Kingdom",2009-12-13 11:34:00,2011-12-08 16:58:00,"1","High_Value"
"13027",114.132638888889,19,17239.2,907.326315789474,42840,0.989657309453591,7,"United Kingdom",2010-01-20 10:41:00,2011-08-18 09:39:00,"1","High_Value"
"13028",23.0694444444444,2,661.32,330.66,798,2.51301590995026,40,"United Kingdom",2011-10-25 14:09:00,2011-11-17 11:10:00,"1","High_Value"
"13029",31.1506944444444,5,1927.3,385.46,194,0.303760299372651,13,"United Kingdom",2010-07-04 13:46:00,2011-11-09 09:13:00,"1","High_Value"
"13030",11.9305555555556,2,752.44,376.22,348,0.167598090468053,76,"United Kingdom",2010-12-06 14:31:00,2011-11-28 14:30:00,"1","High_Value"
"13031",407.886111111111,5,3292.84,658.568,2309,1.01333758684913,275,"United Kingdom",2010-06-03 14:57:00,2010-10-28 15:34:00,"1","High_Value"
"13032",52.8722222222222,9,2815.96,312.884444444444,1274,0.660020065424828,147,"United Kingdom",2010-09-05 14:01:00,2011-10-18 15:54:00,"1","High_Value"
"13033",357.935416666667,2,220.55,110.275,98,0.819687683813066,12,"United Kingdom",2010-10-06 09:37:00,2010-12-17 14:23:00,"2","Not_High_Value"
"13034",55.0201388888889,3,756.82,252.273333333333,406,0.258714134854743,42,"United Kingdom",2010-11-03 15:22:00,2011-10-16 12:21:00,"1","High_Value"
"13035",74.1618055555556,3,1364.2,454.733333333333,926,0.250892449221382,27,"United Kingdom",2010-10-04 15:41:00,2011-09-27 08:57:00,"1","High_Value"
"13036",685.052083333333,1,307.1,307.1,38,30,6,"United Kingdom",2010-01-24 11:35:00,2010-01-24 11:35:00,"2","Not_High_Value"
"13037",138.877777777778,12,3914.95,326.245833333333,2130,0.601056022038721,181,"United Kingdom",2009-12-03 17:04:00,2011-07-24 15:46:00,"1","High_Value"
"13038",80.9256944444444,3,908.46,302.82,360,0.426296157413803,24,"United Kingdom",2011-02-22 11:43:00,2011-09-20 14:37:00,"1","High_Value"
"13039",584.836805555556,4,1010.73,252.6825,290,0.863300726411607,37,"United Kingdom",2009-12-17 16:43:00,2010-05-04 16:45:00,"2","Not_High_Value"
"13040",9.09166666666667,2,676.99,338.495,355,2.31977446637133,38,"United Kingdom",2011-11-06 13:53:00,2011-12-01 10:38:00,"1","High_Value"
"13041",451.045833333333,4,799.13,199.7825,335,0.856373989622412,23,"United Kingdom",2010-04-29 08:43:00,2010-09-15 11:44:00,"2","Not_High_Value"
"13042",598.963194444444,3,1488.59,496.196666666667,812,0.667075009908329,164,"United Kingdom",2009-12-07 15:42:00,2010-04-20 13:43:00,"1","High_Value"
"13043",273.915277777778,1,516.42,516.42,254,30,13,"United Kingdom",2011-03-11 14:52:00,2011-03-11 14:52:00,"2","Not_High_Value"
"13044",291.895833333333,11,4848.05,440.731818181818,2548,0.804831700071473,356,"United Kingdom",2010-01-08 14:46:00,2011-02-21 15:20:00,"1","High_Value"
"13045",99.9069444444444,3,808.92,269.64,405,0.231908124299892,41,"United Kingdom",2010-08-10 13:02:00,2011-09-01 15:04:00,"1","High_Value"
"13046",31.1763888888889,3,949.25,316.416666666667,505,0.210866456125622,50,"United Kingdom",2010-09-09 13:09:00,2011-11-09 08:36:00,"1","High_Value"
"13047",32.0305555555556,24,8428.53,351.18875,3328,1.03893709360154,190,"United Kingdom",2009-12-16 11:43:00,2011-11-08 12:06:00,"1","High_Value"
"13048",14.9770833333333,9,4049.13,449.903333333333,2661,0.404179851717556,125,"United Kingdom",2010-01-27 12:55:00,2011-11-25 13:23:00,"1","High_Value"
"13049",64.8881944444445,4,1408.24,352.06,620,0.35503542135801,19,"United Kingdom",2010-11-03 15:39:00,2011-10-06 15:31:00,"1","High_Value"
"13050",15.1472222222222,35,11986.52,342.472,7015,1.47729537700344,513,"United Kingdom",2009-12-15 15:06:00,2011-11-25 09:18:00,"1","High_Value"
"13051",579.15,2,155.8,77.9,72,1.43134039063665,4,"United Kingdom",2010-03-30 11:11:00,2010-05-10 09:14:00,"2","Not_High_Value"
"13052",212.943055555556,7,3119.33,445.618571428571,1424,0.473965590474295,161,"United Kingdom",2010-02-23 12:31:00,2011-05-11 14:12:00,"1","High_Value"
"13053",622.056944444444,1,127.65,127.65,47,30,17,"United Kingdom",2010-03-28 11:28:00,2010-03-28 11:28:00,"2","Not_High_Value"
"13055",78.9333333333333,4,2321.11,580.2775,1821,0.340661095438335,145,"United Kingdom",2010-10-06 08:17:00,2011-09-22 14:26:00,"1","High_Value"
"13056",551.944444444444,1,209.48,209.48,158,30,18,"United Kingdom",2010-06-06 14:10:00,2010-06-06 14:10:00,"2","Not_High_Value"
"13057",530.879166666667,3,709.59,236.53,456,0.881093208239853,34,"United Kingdom",2010-03-18 12:14:00,2010-06-27 15:44:00,"2","Not_High_Value"
"13058",25.0048611111111,3,271.4,90.4666666666667,52,0.702964819214372,5,"United Kingdom",2011-07-11 12:01:00,2011-11-15 12:43:00,"2","Not_High_Value"
"13059",250.090277777778,10,2291.77,229.177,860,0.810967585700689,155,"United Kingdom",2010-03-31 12:23:00,2011-04-04 10:40:00,"1","High_Value"
"13060",254.050694444444,1,307.53,307.53,123,30,15,"United Kingdom",2011-03-31 11:37:00,2011-03-31 11:37:00,"2","Not_High_Value"
"13061",72.8652777777778,1,248.61,248.61,107,30,10,"United Kingdom",2011-09-28 16:04:00,2011-09-28 16:04:00,"2","Not_High_Value"
"13062",191.901388888889,1,346.98,346.98,343,30,11,"United Kingdom",2011-06-01 15:12:00,2011-06-01 15:12:00,"2","Not_High_Value"
"13063",481.015972222222,1,188.4,188.4,116,30,12,"United Kingdom",2010-08-16 12:27:00,2010-08-16 12:27:00,"2","Not_High_Value"
"13064",13.0131944444444,6,1666.84,277.806666666667,668,0.31029170053499,58,"United Kingdom",2010-04-27 10:08:00,2011-11-27 12:31:00,"1","High_Value"
"13065",373.831944444444,5,1055.05,211.01,381,0.856096516955467,49,"United Kingdom",2010-06-10 11:44:00,2010-12-01 16:52:00,"1","High_Value"
"13066",24.9951388888889,2,470.8,235.4,322,6.79726221383054,48,"United Kingdom",2011-11-07 17:06:00,2011-11-15 12:57:00,"2","Not_High_Value"
"13067",82.9666666666667,3,508.51,169.503333333333,131,0.246577688143913,24,"United Kingdom",2010-09-19 13:43:00,2011-09-18 13:38:00,"2","Not_High_Value"
"13068",10.9097222222222,2,344,172,200,0.193375111906893,1,"United Kingdom",2011-01-24 08:20:00,2011-11-29 15:00:00,"2","Not_High_Value"
"13069",1.17430555555556,38,9284.45,244.327631578947,15171,2.09651959356945,573,"United Kingdom",2010-06-14 14:27:00,2011-12-09 08:39:00,"1","High_Value"
"13070",192.961805555556,4,751.7,187.925,372,0.221828260252817,12,"United Kingdom",2009-12-07 14:44:00,2011-05-31 13:45:00,"2","Not_High_Value"
"13071",612.967361111111,1,129.22,129.22,30,30,12,"United Kingdom",2010-04-06 13:37:00,2010-04-06 13:37:00,"2","Not_High_Value"
"13072",267.193055555556,1,177.15,177.15,69,30,7,"United Kingdom",2011-03-18 08:12:00,2011-03-18 08:12:00,"2","Not_High_Value"
"13073",411.947222222222,2,418.08,209.04,261,2.20638933578488,25,"United Kingdom",2010-09-28 09:27:00,2010-10-24 14:06:00,"2","Not_High_Value"
"13074",511.83125,4,1378.74,344.685,826,0.562816950952196,26,"United Kingdom",2009-12-16 11:46:00,2010-07-16 16:53:00,"1","High_Value"
"13075",130.104861111111,1,919.61,919.61,485,30,22,"United Kingdom",2011-08-02 10:19:00,2011-08-02 10:19:00,"2","Not_High_Value"
"13076",458.099305555556,1,135.4,135.4,44,30,9,"United Kingdom",2010-09-08 10:27:00,2010-09-08 10:27:00,"2","Not_High_Value"
"13077",1.72638888888889,11,2740.65,249.15,2468,0.453086220820418,208,"United Kingdom",2009-12-11 11:17:00,2011-12-08 19:24:00,"1","High_Value"
"13078",3.88472222222222,57,29018.06,509.088771929825,12032,2.32251492600662,153,"United Kingdom",2009-12-01 09:06:00,2011-12-06 15:36:00,"1","High_Value"
"13079",4.83125,6,419.18,69.8633333333333,158,0.434667408999896,11,"United Kingdom",2010-10-18 14:15:00,2011-12-05 16:53:00,"2","Not_High_Value"
"13080",179.910416666667,4,280.73,70.1825,193,0.278372039075186,17,"United Kingdom",2010-04-09 13:07:00,2011-06-13 14:59:00,"2","Not_High_Value"
"13081",12.0805555555556,28,56838.37,2029.94178571429,40077,1.16525505367726,738,"United Kingdom",2009-12-08 13:58:00,2011-11-28 10:54:00,"1","High_Value"
"13082",126.856944444444,21,7335.75,349.321428571429,8466,1.0641405059594,99,"United Kingdom",2009-12-22 15:37:00,2011-08-05 16:16:00,"1","High_Value"
"13083",4.90902777777778,3,395.43,131.81,307,0.213241016646291,19,"United Kingdom",2010-10-10 13:38:00,2011-12-05 15:01:00,"1","High_Value"
"13084",492.167361111111,1,122.4,122.4,144,30,2,"United Kingdom",2010-08-05 08:49:00,2010-08-05 08:49:00,"2","Not_High_Value"
"13085",158.027083333333,8,2433.28,304.16,944,0.412240292194392,50,"United Kingdom",2009-12-01 07:45:00,2011-07-05 12:11:00,"1","High_Value"
"13086",383.098611111111,1,439.33,439.33,155,30,47,"United Kingdom",2010-11-22 10:28:00,2010-11-22 10:28:00,"2","Not_High_Value"
"13087",726.898611111111,1,313.64,313.64,86,30,15,"United Kingdom",2009-12-13 15:16:00,2009-12-13 15:16:00,"2","Not_High_Value"
"13088",417.885416666667,1,236.11,236.11,76,30,19,"United Kingdom",2010-10-18 15:35:00,2010-10-18 15:35:00,"2","Not_High_Value"
"13089",3.15833333333333,203,113416.91,558.703990147783,58932,8.27759623498496,857,"United Kingdom",2009-12-02 15:44:00,2011-12-07 09:02:00,"1","High_Value"
"13090",9.00763888888889,24,13091.74,545.489166666667,3247,1.47860599171992,163,"United Kingdom",2010-08-02 13:58:00,2011-12-01 12:39:00,"1","High_Value"
"13091",28.8722222222222,3,2321.82,773.94,1339,0.128174190307025,41,"United Kingdom",2009-12-10 11:50:00,2011-11-11 15:54:00,"1","High_Value"
"13092",71.0638888888889,12,2140.28,178.356666666667,664,0.601899047225389,52,"United Kingdom",2010-02-10 08:44:00,2011-09-30 11:18:00,"1","High_Value"
"13093",276.025,55,54144.25,984.440909090909,25971,3.57862584382371,199,"United Kingdom",2009-12-04 10:32:00,2011-03-09 12:14:00,"1","High_Value"
"13094",21.9465277777778,13,2209.44,169.956923076923,1896,1.05692648188018,5,"United Kingdom",2010-11-15 14:15:00,2011-11-18 14:07:00,"1","High_Value"
"13095",71.0326388888889,1,74.4,74.4,144,30,6,"United Kingdom",2011-09-30 12:03:00,2011-09-30 12:03:00,"2","Not_High_Value"
"13096",394.945833333333,1,419.7,419.7,6,30,1,"United Kingdom",2010-11-10 14:08:00,2010-11-10 14:08:00,"2","Not_High_Value"
"13097",33.0881944444444,28,13324.1,475.860714285714,5345,1.18831490344941,390,"United Kingdom",2009-12-01 13:31:00,2011-11-07 10:43:00,"1","High_Value"
"13098",1.94166666666667,28,28882.44,1031.51571428571,15968,2.64967974274273,156,"United Kingdom",2011-01-26 13:46:00,2011-12-08 14:14:00,"1","High_Value"
"13099",99.7986111111111,1,207.36,207.36,288,30,1,"United Kingdom",2011-09-01 17:40:00,2011-09-01 17:40:00,"2","Not_High_Value"
"13101",234.925694444444,4,695.4,173.85,478,0.267887040964393,48,"United Kingdom",2010-01-27 15:49:00,2011-04-19 14:37:00,"1","High_Value"
"13102",1.99861111111111,37,11380.1,307.57027027027,6366,1.90726200987996,212,"United Kingdom",2010-05-06 13:12:00,2011-12-08 12:52:00,"1","High_Value"
"13103",40.1333333333333,3,709.64,236.546666666667,426,0.16704109133513,27,"United Kingdom",2010-05-11 14:41:00,2011-10-31 09:38:00,"1","High_Value"
"13104",3.98611111111111,9,1709.1,189.9,834,0.414797871387055,15,"United Kingdom",2010-02-24 15:06:00,2011-12-06 13:10:00,"1","High_Value"
"13105",436.964583333333,1,72,72,100,30,1,"United Kingdom",2010-09-29 13:41:00,2010-09-29 13:41:00,"2","Not_High_Value"
"13106",133.901388888889,2,603.46,301.73,231,0.213458773303818,15,"United Kingdom",2010-10-22 13:10:00,2011-07-29 15:12:00,"2","Not_High_Value"
"13107",44.9152777777778,9,5253.07,583.674444444444,4316,0.428457135552465,142,"United Kingdom",2010-02-04 10:50:00,2011-10-26 14:52:00,"1","High_Value"
"13108",373.09375,2,748.46,374.23,745,0.941525183619205,27,"United Kingdom",2010-09-30 17:09:00,2010-12-02 10:35:00,"2","Not_High_Value"
"13109",60.1069444444444,3,1134.03,378.01,757,0.182597705975425,57,"United Kingdom",2010-06-06 12:59:00,2011-10-11 10:16:00,"1","High_Value"
"13110",31.9305555555556,12,2957.47,246.455833333333,763,0.50846659656942,167,"United Kingdom",2009-12-01 14:14:00,2011-11-08 14:30:00,"1","High_Value"
"13111",719.159722222222,1,321.88,321.88,180,30,12,"United Kingdom",2009-12-21 09:00:00,2009-12-21 09:00:00,"2","Not_High_Value"
"13112",541.824305555556,1,20.6,20.6,11,30,2,"United Kingdom",2010-06-16 17:03:00,2010-06-16 17:03:00,"2","Not_High_Value"
"13113",1.00069444444444,37,18230.07,492.704594594595,4435,1.78497246157351,166,"United Kingdom",2010-03-28 16:13:00,2011-12-09 12:49:00,"1","High_Value"
"13114",731.120833333333,1,234.38,234.38,74,30,16,"United Kingdom",2009-12-09 09:56:00,2009-12-09 09:56:00,"2","Not_High_Value"
"13115",12.0083333333333,10,5494.7,549.47,3934,0.509368489191837,178,"United Kingdom",2010-04-19 13:29:00,2011-11-28 12:38:00,"1","High_Value"
"13116",138.928472222222,1,501.14,501.14,291,30,30,"United Kingdom",2011-07-24 14:33:00,2011-07-24 14:33:00,"2","Not_High_Value"
"13117",22.0333333333333,18,2255.66,125.314444444444,1852,0.895633785296679,122,"United Kingdom",2010-03-26 13:50:00,2011-11-18 12:02:00,"1","High_Value"
"13118",20.0027777777778,9,2415.41,268.378888888889,834,0.641520641520641,111,"United Kingdom",2010-09-26 15:46:00,2011-11-20 12:46:00,"1","High_Value"
"13119",669.175,1,134.9,134.9,110,30,11,"United Kingdom",2010-02-09 08:38:00,2010-02-09 08:38:00,"2","Not_High_Value"
"13120",239.104861111111,1,30.6,30.6,12,30,1,"United Kingdom",2011-04-15 10:19:00,2011-04-15 10:19:00,"2","Not_High_Value"
"13121",269.835416666667,1,283.73,283.73,252,30,50,"United Kingdom",2011-03-15 16:47:00,2011-03-15 16:47:00,"2","Not_High_Value"
"13122",94.8729166666667,2,922.39,461.195,585,0.407968609082023,54,"United Kingdom",2011-04-13 14:12:00,2011-09-06 15:53:00,"1","High_Value"
"13123",473.105555555556,2,506.75,253.375,268,1.03628185907046,36,"United Kingdom",2010-06-28 12:43:00,2010-08-24 10:18:00,"2","Not_High_Value"
"13124",90.0034722222222,4,4641.66,1160.415,2738,0.404215253979579,216,"United Kingdom",2010-11-19 15:50:00,2011-09-11 12:45:00,"1","High_Value"
"13125",524.036111111111,1,148.62,148.62,53,30,20,"United Kingdom",2010-07-04 11:58:00,2010-07-04 11:58:00,"2","Not_High_Value"
"13126",5.11805555555556,13,3774.81,290.37,3289,0.60568411243982,183,"United Kingdom",2010-03-02 12:24:00,2011-12-05 10:00:00,"1","High_Value"
"13127",78.1,1,259.17,259.17,127,30,15,"United Kingdom",2011-09-23 10:26:00,2011-09-23 10:26:00,"2","Not_High_Value"
"13128",631.904166666667,1,263.5,263.5,31,30,1,"United Kingdom",2010-03-18 15:08:00,2010-03-18 15:08:00,"2","Not_High_Value"
"13129",452.960416666667,2,233.25,116.625,296,0.768457659228163,10,"United Kingdom",2010-06-28 11:54:00,2010-09-13 13:47:00,"2","Not_High_Value"
"13130",94.8888888888889,1,64,64,32,30,2,"United Kingdom",2011-09-06 15:30:00,2011-09-06 15:30:00,"2","Not_High_Value"
"13131",23.9784722222222,7,3313.77,473.395714285714,1523,0.325002633123185,107,"United Kingdom",2010-02-09 09:47:00,2011-11-16 13:21:00,"1","High_Value"
"13132",262.004166666667,1,77.3,77.3,20,30,3,"United Kingdom",2011-03-23 12:44:00,2011-03-23 12:44:00,"2","Not_High_Value"
"13133",274.096527777778,3,200.45,66.8166666666667,55,0.4818184184013,12,"United Kingdom",2010-09-06 15:30:00,2011-03-11 10:31:00,"2","Not_High_Value"
"13134",86.09375,6,2475.23,412.538333333333,1364,0.542356993099177,110,"United Kingdom",2010-10-19 13:21:00,2011-09-15 10:35:00,"1","High_Value"
"13135",197.081944444444,2,3371.45,1685.725,4423,0.202891199594218,18,"United Kingdom",2010-08-05 17:28:00,2011-05-27 10:52:00,"1","High_Value"
"13136",56.9645833333333,13,6274.56,482.658461538462,3109,0.577094407753781,204,"United Kingdom",2009-12-08 18:30:00,2011-10-14 13:41:00,"1","High_Value"
"13137",11.0284722222222,16,7586.94,474.18375,4238,0.973920296910424,628,"United Kingdom",2010-07-25 15:40:00,2011-11-29 12:09:00,"1","High_Value"
"13138",22.8326388888889,7,1274.01,182.001428571429,593,0.559682846387047,41,"United Kingdom",2010-11-08 11:45:00,2011-11-17 16:51:00,"1","High_Value"
"13139",16.9555555555556,8,8202.98,1025.3725,4614,0.568456581167902,214,"United Kingdom",2010-09-28 09:12:00,2011-11-23 13:54:00,"1","High_Value"
"13140",108.886805555556,5,1054.92,210.984,572,0.390774819628474,89,"United Kingdom",2010-08-05 19:05:00,2011-08-23 15:33:00,"1","High_Value"
"13141",85.1222222222222,17,7656.08,450.357647058824,5159,0.78843965387671,285,"United Kingdom",2009-12-09 13:34:00,2011-09-16 09:54:00,"1","High_Value"
"13142",19.8631944444444,1,307.09,307.09,258,30,23,"United Kingdom",2011-11-20 16:07:00,2011-11-20 16:07:00,"2","Not_High_Value"
"13143",585.019444444444,1,405.1,405.1,198,30,23,"United Kingdom",2010-05-04 12:22:00,2010-05-04 12:22:00,"2","Not_High_Value"
"13144",333.065972222222,2,135.35,67.675,29,0.600746761599488,6,"United Kingdom",2010-10-04 14:14:00,2011-01-11 11:15:00,"2","Not_High_Value"
"13145",40.0034722222222,7,1128.52,161.217142857143,265,0.374287998772177,5,"United Kingdom",2010-04-19 11:11:00,2011-10-31 12:45:00,"1","High_Value"
"13146",26.8895833333333,1,228.91,228.91,154,30,16,"United Kingdom",2011-11-13 15:29:00,2011-11-13 15:29:00,"2","Not_High_Value"
"13147",10.9520833333333,4,712.8,178.2,144,1.33239777625279,1,"United Kingdom",2011-09-01 12:28:00,2011-11-29 13:59:00,"2","Not_High_Value"
"13148",29.89375,26,8497.82,326.839230769231,4487,1.10795782421231,451,"United Kingdom",2009-12-07 15:26:00,2011-11-10 15:23:00,"1","High_Value"
"13149",14.9868055555556,4,1676.06,419.015,1280,0.434835125015098,76,"United Kingdom",2011-02-23 13:57:00,2011-11-25 13:09:00,"1","High_Value"
"13150",484.99375,3,449.97,149.99,171,0.611563072160667,7,"United Kingdom",2010-03-19 09:03:00,2010-08-12 12:59:00,"2","Not_High_Value"
"13151",296.014583333333,3,2465.21,821.736666666667,813,0.270200961965462,131,"United Kingdom",2010-03-22 10:26:00,2011-02-17 12:29:00,"1","High_Value"
"13152",417.9625,7,2146.38,306.625714285714,977,0.754975121272872,114,"United Kingdom",2010-01-14 10:01:00,2010-10-18 13:44:00,"1","High_Value"
"13153",6.025,1,486.22,486.22,418,30,15,"United Kingdom",2011-12-04 12:14:00,2011-12-04 12:14:00,"2","Not_High_Value"
"13154",399.868055555556,3,1624.84,541.613333333333,976,0.266823686366874,78,"United Kingdom",2009-12-04 08:46:00,2010-11-05 16:00:00,"1","High_Value"
"13155",33.88125,6,1370.48,228.413333333333,741,0.391936866712735,79,"United Kingdom",2010-08-05 09:30:00,2011-11-06 15:41:00,"1","High_Value"
"13156",385.986805555556,3,1586.54,528.846666666667,914,0.308245568969946,94,"United Kingdom",2010-02-01 13:45:00,2010-11-19 13:09:00,"1","High_Value"
"13157",49.9583333333333,9,5687.36,631.928888888889,4762,0.455252795273239,173,"United Kingdom",2010-03-08 11:59:00,2011-10-21 13:50:00,"1","High_Value"
"13158",95.0361111111111,5,1508.18,301.636,992,0.50885070414572,70,"United Kingdom",2010-11-16 17:12:00,2011-09-06 11:58:00,"1","High_Value"
"13159",9.0625,4,1429.35,357.3375,1058,1.11128260534033,114,"United Kingdom",2011-08-16 11:44:00,2011-12-01 11:20:00,"1","High_Value"
"13160",22.9881944444444,1,91.8,91.8,56,30,4,"United Kingdom",2011-11-17 13:07:00,2011-11-17 13:07:00,"2","Not_High_Value"
"13161",313.949305555556,2,472.13,236.065,105,0.319055831077663,30,"United Kingdom",2010-07-27 12:44:00,2011-01-30 14:03:00,"2","Not_High_Value"
"13162",122.86875,16,9275.49,579.718125,5755,0.781652870131633,186,"United Kingdom",2009-12-04 13:59:00,2011-08-09 15:59:00,"1","High_Value"
"13163",610.853472222222,1,17.65,17.65,3,30,2,"United Kingdom",2010-04-08 16:21:00,2010-04-08 16:21:00,"2","Not_High_Value"
"13164",569.956944444444,2,372.2,186.1,120,0.605550883095038,7,"United Kingdom",2010-02-10 11:52:00,2010-05-19 13:52:00,"2","Not_High_Value"
"13165",46.90625,3,1451.16,483.72,1736,0.244620149829842,47,"United Kingdom",2010-10-22 17:04:00,2011-10-24 15:05:00,"1","High_Value"
"13166",283.898611111111,2,875.93,437.965,522,0.454433089461255,55,"United Kingdom",2010-10-21 14:29:00,2011-03-01 15:16:00,"1","High_Value"
"13167",19.0180555555556,5,1125.15,225.03,1007,0.402170229721125,64,"United Kingdom",2010-11-14 12:58:00,2011-11-21 12:24:00,"1","High_Value"
"13168",36.9958333333333,5,1840.73,368.146,898,0.295908246524448,127,"United Kingdom",2010-06-15 15:00:00,2011-11-03 12:56:00,"1","High_Value"
"13169",64.0270833333333,3,840.08,280.026666666667,296,0.180056767897657,16,"United Kingdom",2010-05-26 15:58:00,2011-10-07 12:11:00,"1","High_Value"
"13170",27.0215277777778,1,108.81,108.81,141,30,29,"United Kingdom",2011-11-13 12:19:00,2011-11-13 12:19:00,"2","Not_High_Value"
"13171",22.0993055555556,3,468.41,156.136666666667,229,0.322764618422986,37,"United Kingdom",2011-02-13 14:16:00,2011-11-18 10:27:00,"1","High_Value"
"13172",400.902777777778,1,69.6,69.6,48,30,1,"United Kingdom",2010-11-04 15:10:00,2010-11-04 15:10:00,"2","Not_High_Value"
"13173",4.87430555555556,11,2399.82,218.165454545455,1481,0.454467640698954,160,"United Kingdom",2009-12-10 12:52:00,2011-12-05 15:51:00,"1","High_Value"
"13174",16.9270833333333,12,7995.36,666.28,3794,0.50003134841594,602,"United Kingdom",2009-12-04 15:40:00,2011-11-23 14:35:00,"1","High_Value"
"13175",582.984027777778,2,831.45,415.725,423,0.38950149218743,40,"United Kingdom",2009-12-04 12:11:00,2010-05-06 13:13:00,"2","Not_High_Value"
"13176",46.8798611111111,1,481.49,481.49,448,30,66,"United Kingdom",2011-10-24 15:43:00,2011-10-24 15:43:00,"2","Not_High_Value"
"13177",65.1208333333333,2,512.2,256.1,180,0.16349980414086,23,"United Kingdom",2010-10-05 10:35:00,2011-10-06 09:56:00,"2","Not_High_Value"
"13178",26.8583333333333,21,14059.19,669.485238095238,8778,0.902458483129637,194,"United Kingdom",2009-12-16 14:00:00,2011-11-13 16:14:00,"1","High_Value"
"13179",619.048611111111,1,572.31,572.31,368,30,34,"United Kingdom",2010-03-31 11:40:00,2010-03-31 11:40:00,"2","Not_High_Value"
"13180",607.967361111111,1,86.1,86.1,42,30,4,"United Kingdom",2010-04-11 13:37:00,2010-04-11 13:37:00,"2","Not_High_Value"
"13181",381.90625,1,359.69,359.69,171,30,19,"United Kingdom",2010-11-23 15:05:00,2010-11-23 15:05:00,"2","Not_High_Value"
"13182",45.9611111111111,1,121.18,121.18,201,30,11,"United Kingdom",2011-10-25 13:46:00,2011-10-25 13:46:00,"2","Not_High_Value"
"13183",8.09722222222222,15,7036.18,469.078666666667,4027,0.715517679249325,64,"United Kingdom",2010-03-14 12:32:00,2011-12-02 10:30:00,"1","High_Value"
"13184",15.0333333333333,10,1668.95,166.895,1662,1.08391020606839,138,"United Kingdom",2011-02-22 17:25:00,2011-11-25 12:02:00,"1","High_Value"
"13185",268.0375,1,71.4,71.4,12,30,1,"United Kingdom",2011-03-17 11:56:00,2011-03-17 11:56:00,"2","Not_High_Value"
"13186",40.0486111111111,3,1575.89,525.296666666667,820,0.99883623247605,69,"United Kingdom",2011-08-03 09:09:00,2011-10-31 11:40:00,"1","High_Value"
"13187",337.745138888889,4,341.36,85.34,296,0.416567225705669,51,"United Kingdom",2010-03-25 17:18:00,2011-01-06 18:57:00,"2","Not_High_Value"
"13188",11.8902777777778,1,114.6,114.6,25,30,2,"United Kingdom",2011-11-28 15:28:00,2011-11-28 15:28:00,"2","Not_High_Value"
"13189",19.0909722222222,2,260.68,130.34,842,0.612909404328673,29,"United Kingdom",2011-08-16 13:12:00,2011-11-21 10:39:00,"2","Not_High_Value"
"13190",544.877083333333,3,570.66,190.22,308,0.47581634076674,16,"United Kingdom",2009-12-07 12:13:00,2010-06-13 15:47:00,"2","Not_High_Value"
"13191",658.825,1,164.69,164.69,115,30,58,"United Kingdom",2010-02-19 17:02:00,2010-02-19 17:02:00,"2","Not_High_Value"
"13192",95.9423611111111,6,2558.58,426.43,1629,0.303934260145213,135,"United Kingdom",2010-01-22 08:37:00,2011-09-05 14:13:00,"1","High_Value"
"13193",61.9305555555556,1,112.08,112.08,46,30,22,"United Kingdom",2011-10-09 14:30:00,2011-10-09 14:30:00,"2","Not_High_Value"
"13194",136.159027777778,2,472.78,236.39,326,0.209146782794772,10,"United Kingdom",2010-10-14 11:54:00,2011-07-27 09:01:00,"2","Not_High_Value"
"13195",414.988194444444,1,136.73,136.73,70,30,43,"United Kingdom",2010-10-21 13:07:00,2010-10-21 13:07:00,"2","Not_High_Value"
"13196",11.9555555555556,7,3068.84,438.405714285714,2006,0.345940009609445,141,"United Kingdom",2010-04-01 12:54:00,2011-11-28 13:54:00,"1","High_Value"
"13197",610.15,1,373.01,373.01,204,30,19,"United Kingdom",2010-04-09 09:14:00,2010-04-09 09:14:00,"2","Not_High_Value"
"13198",10.8979166666667,8,4974.23,621.77875,3449,0.564604401169724,265,"United Kingdom",2010-10-01 13:27:00,2011-11-29 15:17:00,"1","High_Value"
"13199",4.01388888888889,67,15964.21,238.271791044776,11567,2.74553958902277,61,"United Kingdom",2009-12-05 10:11:00,2011-12-06 12:30:00,"1","High_Value"
"13200",19.8854166666667,4,870.09,217.5225,516,1.1107897020538,42,"United Kingdom",2011-08-05 14:50:00,2011-11-20 15:35:00,"1","High_Value"
"13201",502.930555555556,4,1233.06,308.265,1036,0.850188684815178,65,"United Kingdom",2010-03-07 11:01:00,2010-07-25 14:30:00,"1","High_Value"
"13202",394.851388888889,7,1580.3,225.757142857143,572,0.622714243352772,55,"United Kingdom",2009-12-09 10:48:00,2010-11-10 16:24:00,"1","High_Value"
"13203",10.0868055555556,10,2648.25,264.825,2413,0.420253903399971,158,"United Kingdom",2009-12-17 14:15:00,2011-11-30 10:45:00,"1","High_Value"
"13204",731.9125,1,966.66,966.66,428,30,57,"United Kingdom",2009-12-08 14:56:00,2009-12-08 14:56:00,"2","Not_High_Value"
"13205",443.85,1,2803.2,2803.2,256,30,1,"United Kingdom",2010-09-22 16:26:00,2010-09-22 16:26:00,"2","Not_High_Value"
"13206",400.833333333333,13,8308.19,639.091538461538,7086,1.17072682623796,393,"United Kingdom",2009-12-07 13:48:00,2010-11-04 16:50:00,"1","High_Value"
"13207",15.9152777777778,4,535.86,133.965,178,0.200693367711364,10,"United Kingdom",2010-04-06 16:37:00,2011-11-24 14:52:00,"2","Not_High_Value"
"13208",59.1222222222222,9,1976.3,219.588888888889,1343,0.397729423282107,198,"United Kingdom",2009-12-03 13:25:00,2011-10-12 09:54:00,"1","High_Value"
"13209",30.9555555555556,13,8509.51,654.577692307692,5781,0.595442574144051,284,"United Kingdom",2010-01-24 14:30:00,2011-11-09 13:54:00,"1","High_Value"
"13210",94.1888888888889,1,353.48,353.48,316,30,22,"United Kingdom",2011-09-07 08:18:00,2011-09-07 08:18:00,"2","Not_High_Value"
"13211",10.9215277777778,10,2618.77,261.877,1845,0.414380936942156,98,"United Kingdom",2009-12-06 15:24:00,2011-11-29 14:43:00,"1","High_Value"
"13212",20.0069444444444,3,786.83,262.276666666667,309,2.0973588814086,128,"United Kingdom",2011-10-09 14:48:00,2011-11-20 12:40:00,"1","High_Value"
"13213",57.0472222222222,11,3851.52,350.138181818182,2962,0.643438605233084,181,"United Kingdom",2010-05-20 14:50:00,2011-10-14 11:42:00,"1","High_Value"
"13214",418.118055555556,7,3264.23,466.318571428571,2966,0.913733192325125,207,"United Kingdom",2010-03-03 14:10:00,2010-10-18 10:00:00,"1","High_Value"
"13215",402.766666666667,1,81.6,81.6,96,30,1,"United Kingdom",2010-11-02 18:26:00,2010-11-02 18:26:00,"2","Not_High_Value"
"13216",268.022222222222,1,333.74,333.74,297,30,5,"United Kingdom",2011-03-17 12:18:00,2011-03-17 12:18:00,"2","Not_High_Value"
"13217",122.8875,4,666.48,166.62,512,0.224671476473854,3,"United Kingdom",2010-02-22 12:49:00,2011-08-09 15:32:00,"2","Not_High_Value"
"13218",127.827083333333,1,62.64,62.64,88,30,5,"United Kingdom",2011-08-04 16:59:00,2011-08-04 16:59:00,"2","Not_High_Value"
"13219",618.938888888889,1,76.23,76.23,11,30,11,"United Kingdom",2010-03-31 14:18:00,2010-03-31 14:18:00,"2","Not_High_Value"
"13220",78.9666666666667,5,1336.09,267.218,396,0.30112797520713,46,"United Kingdom",2010-05-13 10:35:00,2011-09-22 13:38:00,"1","High_Value"
"13221",240.827777777778,2,847.41,423.705,244,0.499381552937913,62,"United Kingdom",2010-12-15 13:24:00,2011-04-13 16:58:00,"1","High_Value"
"13222",577.955555555556,1,88.5,88.5,30,30,1,"United Kingdom",2010-05-11 13:54:00,2010-05-11 13:54:00,"2","Not_High_Value"
"13223",200.990972222222,6,969.12,161.52,568,0.386279909868021,8,"United Kingdom",2010-02-12 13:27:00,2011-05-23 13:03:00,"2","Not_High_Value"
"13224",60.9131944444444,2,2155.95,1077.975,1518,0.65195246179966,101,"United Kingdom",2011-07-11 14:10:00,2011-10-10 14:55:00,"1","High_Value"
"13225",3.97291666666667,16,16260.07,1016.254375,7401,0.666499527510462,60,"United Kingdom",2009-12-17 09:09:00,2011-12-06 13:29:00,"1","High_Value"
"13226",273.927083333333,2,312.46,156.23,179,0.495728359219457,28,"United Kingdom",2010-11-11 13:46:00,2011-03-11 14:35:00,"2","Not_High_Value"
"13227",202.04375,1,257.7,257.7,99,30,9,"United Kingdom",2011-05-22 11:47:00,2011-05-22 11:47:00,"2","Not_High_Value"
"13228",81.9319444444444,1,358,358,200,30,2,"United Kingdom",2011-09-19 14:28:00,2011-09-19 14:28:00,"2","Not_High_Value"
"13229",226.029861111111,1,160.95,160.95,63,30,10,"United Kingdom",2011-04-28 12:07:00,2011-04-28 12:07:00,"2","Not_High_Value"
"13230",4.86597222222222,30,6120.01,204.000333333333,3520,1.43349987445815,653,"United Kingdom",2010-03-18 20:02:00,2011-12-05 16:03:00,"1","High_Value"
"13232",13.0909722222222,7,1328.35,189.764285714286,773,0.905684789347422,147,"United Kingdom",2011-04-10 13:48:00,2011-11-27 10:39:00,"1","High_Value"
"13233",74.9756944444444,4,1176.46,294.115,1604,0.193246439535001,74,"United Kingdom",2010-01-14 14:10:00,2011-09-26 13:25:00,"1","High_Value"
"13234",673.047916666667,2,346.5,173.25,159,0.984177972183303,56,"United Kingdom",2009-12-07 12:32:00,2010-02-05 11:41:00,"2","Not_High_Value"
"13235",212.817361111111,1,1031.07,1031.07,441,30,53,"United Kingdom",2011-05-11 17:13:00,2011-05-11 17:13:00,"2","Not_High_Value"
"13236",25,2,744.85,372.425,416,0.721491081568575,34,"United Kingdom",2011-08-25 08:58:00,2011-11-15 12:50:00,"1","High_Value"
"13237",388.113194444444,1,643,643,128,30,24,"United Kingdom",2010-11-17 10:07:00,2010-11-17 10:07:00,"2","Not_High_Value"
"13238",17.8840277777778,6,1006.63,167.771666666667,442,0.313575572075805,24,"United Kingdom",2010-04-28 15:02:00,2011-11-22 15:37:00,"1","High_Value"
"13239",262.100694444444,5,1594.69,318.938,1151,0.620171063851779,86,"United Kingdom",2010-07-25 13:34:00,2011-03-23 10:25:00,"1","High_Value"
"13240",96.9458333333333,8,1475.79,184.47375,709,0.430852317140218,160,"United Kingdom",2010-02-25 13:17:00,2011-09-04 14:08:00,"1","High_Value"
"13241",412.064583333333,1,112.53,112.53,46,30,40,"United Kingdom",2010-10-24 11:17:00,2010-10-24 11:17:00,"2","Not_High_Value"
"13242",112.997916666667,7,699.4,99.9142857142857,350,0.377028679863502,19,"United Kingdom",2010-02-09 13:12:00,2011-08-19 12:53:00,"2","Not_High_Value"
"13243",203.983333333333,5,1220.38,244.076,554,0.349648085676731,165,"United Kingdom",2010-03-18 13:10:00,2011-05-20 13:14:00,"1","High_Value"
"13244",93.0444444444445,1,121.74,121.74,38,30,27,"United Kingdom",2011-09-08 11:46:00,2011-09-08 11:46:00,"2","Not_High_Value"
"13245",51.0486111111111,2,989.22,494.61,371,0.156698592795855,43,"United Kingdom",2010-10-03 14:03:00,2011-10-20 11:40:00,"1","High_Value"
"13246",18.8333333333333,11,3351.75,304.704545454545,2796,0.649434068502174,229,"United Kingdom",2010-07-02 13:36:00,2011-11-21 16:50:00,"1","High_Value"
"13247",18.0770833333333,4,501.12,125.28,328,1.81879420680364,18,"United Kingdom",2011-09-18 11:31:00,2011-11-22 10:59:00,"2","Not_High_Value"
"13248",125.006944444444,2,465.68,232.84,305,0.909330105772773,25,"United Kingdom",2011-06-03 13:05:00,2011-08-07 12:40:00,"2","Not_High_Value"
"13249",92.975,9,1608.93,178.77,1246,0.455271986369944,21,"United Kingdom",2010-01-24 12:11:00,2011-09-08 13:26:00,"1","High_Value"
"13250",461.053472222222,2,253.09,126.545,107,1.39869196399663,17,"United Kingdom",2010-07-25 14:01:00,2010-09-05 11:33:00,"2","Not_High_Value"
"13251",402.979166666667,1,252.68,252.68,215,30,25,"United Kingdom",2010-11-02 13:20:00,2010-11-02 13:20:00,"2","Not_High_Value"
"13252",394.868055555556,2,399.3,199.65,134,0.258365479501211,19,"United Kingdom",2010-03-24 10:30:00,2010-11-10 16:00:00,"2","Not_High_Value"
"13253",157.111805555556,4,2951.11,737.7775,3015,0.219012517173725,73,"United Kingdom",2010-01-05 12:13:00,2011-07-06 10:09:00,"1","High_Value"
"13254",376.880555555556,1,51.41,51.41,43,30,4,"United Kingdom",2010-11-28 15:42:00,2010-11-28 15:42:00,"2","Not_High_Value"
"13255",9.98333333333333,3,678.76,226.253333333333,407,0.178572904868592,26,"United Kingdom",2010-07-15 13:20:00,2011-11-30 13:14:00,"1","High_Value"
"13257",436.911111111111,1,149.75,149.75,33,30,7,"United Kingdom",2010-09-29 14:58:00,2010-09-29 14:58:00,"2","Not_High_Value"
"13258",12.1381944444444,5,1009.43,201.886,446,0.384748292679451,29,"United Kingdom",2010-11-04 12:45:00,2011-11-28 09:31:00,"1","High_Value"
"13259",62.0847222222222,9,1402.54,155.837777777778,503,0.423187358366114,234,"United Kingdom",2010-01-10 10:26:00,2011-10-09 10:48:00,"1","High_Value"
"13260",61.9784722222222,1,557.62,557.62,142,30,8,"United Kingdom",2011-10-09 13:21:00,2011-10-09 13:21:00,"2","Not_High_Value"
"13261",269.019444444444,2,944.1,472.05,210,3.320395065524,8,"United Kingdom",2011-02-27 10:41:00,2011-03-16 12:22:00,"2","Not_High_Value"
"13262",263.905555555556,3,573.45,191.15,247,0.266178125744518,48,"United Kingdom",2010-04-18 12:14:00,2011-03-21 15:06:00,"2","Not_High_Value"
"13263",1.95208333333333,39,8676.2,222.466666666667,5372,2.83382559727651,507,"United Kingdom",2010-10-22 17:07:00,2011-12-08 13:59:00,"1","High_Value"
"13264",443.005555555556,1,722.56,722.56,375,30,38,"United Kingdom",2010-09-23 12:42:00,2010-09-23 12:42:00,"2","Not_High_Value"
"13265",53.9083333333333,5,2092.66,418.532,1740,0.678076773359117,66,"United Kingdom",2011-03-11 09:54:00,2011-10-17 15:02:00,"1","High_Value"
"13266",11.9243055555556,19,6135.04,322.896842105263,6837,0.800384590256332,154,"United Kingdom",2009-12-17 10:52:00,2011-11-28 14:39:00,"1","High_Value"
"13267",3.06805555555556,36,9429.81,261.939166666667,3959,1.4779111580772,152,"United Kingdom",2009-12-07 16:56:00,2011-12-07 11:12:00,"1","High_Value"
"13268",18.0409722222222,11,3174.75,288.613636363636,3624,1.31506485384017,257,"United Kingdom",2011-03-17 13:20:00,2011-11-22 11:51:00,"1","High_Value"
"13269",1.91458333333333,28,8537.32,304.904285714286,6366,1.13955604795632,238,"United Kingdom",2009-12-02 11:47:00,2011-12-08 14:53:00,"1","High_Value"
"13270",366.914583333333,1,590,590,200,30,1,"United Kingdom",2010-12-08 14:53:00,2010-12-08 14:53:00,"2","Not_High_Value"
"13271",37.9298611111111,1,211.49,211.49,240,30,79,"United Kingdom",2011-11-02 14:31:00,2011-11-02 14:31:00,"2","Not_High_Value"
"13272",31.9513888888889,2,276.56,138.28,96,1.01558643063686,15,"United Kingdom",2011-09-11 12:06:00,2011-11-08 14:00:00,"2","Not_High_Value"
"13273",113.95,1,138.98,138.98,153,30,16,"United Kingdom",2011-08-18 14:02:00,2011-08-18 14:02:00,"2","Not_High_Value"
"13274",409.959722222222,1,360.85,360.85,199,30,19,"United Kingdom",2010-10-26 13:48:00,2010-10-26 13:48:00,"2","Not_High_Value"
"13275",384.028472222222,2,238.86,119.43,138,0.240077358259884,48,"United Kingdom",2010-03-17 14:05:00,2010-11-21 12:09:00,"2","Not_High_Value"
"13276",64.0041666666667,5,1891.91,378.382,840,0.258645773835825,209,"United Kingdom",2010-03-07 14:05:00,2011-10-07 12:44:00,"1","High_Value"
"13277",16.1451388888889,7,523.3,74.7571428571429,382,0.399980953287939,10,"United Kingdom",2010-06-18 08:45:00,2011-11-24 09:21:00,"2","Not_High_Value"
"13278",41.0423611111111,4,1435.85,358.9625,1358,0.210160174160515,80,"United Kingdom",2010-04-08 11:59:00,2011-10-30 11:49:00,"1","High_Value"
"13279",78.8097222222222,1,137.75,137.75,73,30,9,"United Kingdom",2011-09-22 17:24:00,2011-09-22 17:24:00,"2","Not_High_Value"
"13280",122.983333333333,7,2293.33,327.618571428571,1489,0.401397990620773,159,"United Kingdom",2010-03-05 09:07:00,2011-08-09 13:14:00,"1","High_Value"
"13281",439.865972222222,1,350.85,350.85,201,30,22,"United Kingdom",2010-09-26 16:03:00,2010-09-26 16:03:00,"2","Not_High_Value"
"13282",18.8868055555556,4,1313.19,328.2975,410,0.308438139232689,42,"United Kingdom",2010-10-29 14:11:00,2011-11-21 15:33:00,"1","High_Value"
"13283",60.125,4,373.36,93.34,204,0.206255953134064,19,"United Kingdom",2010-03-09 14:36:00,2011-10-11 09:50:00,"2","Not_High_Value"
"13284",331.14375,1,201.19,201.19,91,30,13,"United Kingdom",2011-01-13 09:23:00,2011-01-13 09:23:00,"2","Not_High_Value"
"13285",23.9798611111111,6,3364.59,560.765,2457,0.299026433613709,182,"United Kingdom",2010-03-25 14:26:00,2011-11-16 13:19:00,"1","High_Value"
"13286",600.885416666667,1,734.91,734.91,274,30,46,"United Kingdom",2010-04-18 15:35:00,2010-04-18 15:35:00,"2","Not_High_Value"
"13287",603.891666666667,3,781.59,260.53,429,0.880656143188166,46,"United Kingdom",2010-01-04 10:43:00,2010-04-15 15:26:00,"2","Not_High_Value"
"13288",443.845833333333,5,927.61,185.522,379,0.66944984240035,7,"United Kingdom",2010-02-11 14:59:00,2010-09-22 16:32:00,"2","Not_High_Value"
"13289",724.039583333333,1,307.95,307.95,119,30,16,"United Kingdom",2009-12-16 11:53:00,2009-12-16 11:53:00,"2","Not_High_Value"
"13290",438.847916666667,1,208.63,208.63,1,30,1,"United Kingdom",2010-09-27 16:29:00,2010-09-27 16:29:00,"2","Not_High_Value"
"13291",156.093055555556,11,3270.79,297.344545454545,1600,0.644951140065147,155,"United Kingdom",2010-02-11 18:36:00,2011-07-07 10:36:00,"1","High_Value"
"13292",39.1152777777778,5,994.51,198.902,530,0.306867001568431,55,"United Kingdom",2010-07-01 14:36:00,2011-11-01 10:04:00,"1","High_Value"
"13293",392.973611111111,6,1192.94,198.823333333333,555,0.649684306564769,51,"United Kingdom",2010-02-09 12:05:00,2010-11-12 13:28:00,"1","High_Value"
"13294",190.163888888889,3,1689.53,563.176666666667,996,0.196578085183837,93,"United Kingdom",2010-03-03 12:54:00,2011-06-03 08:54:00,"1","High_Value"
"13295",360.061805555556,4,1101.97,275.4925,733,0.550234359078867,56,"United Kingdom",2010-05-12 09:13:00,2010-12-15 11:21:00,"1","High_Value"
"13296",137.961111111111,6,792.51,132.085,653,0.408190904838921,50,"United Kingdom",2010-05-11 14:29:00,2011-07-25 13:46:00,"1","High_Value"
"13297",8.1375,7,4368.62,624.088571428571,2694,0.391883958805531,108,"United Kingdom",2010-06-15 12:35:00,2011-12-02 09:32:00,"1","High_Value"
"13298",1.98541666666667,1,360,360,96,30,2,"United Kingdom",2011-12-08 13:11:00,2011-12-08 13:11:00,"2","Not_High_Value"
"13299",268.996527777778,3,1218.7,406.233333333333,416,0.344749617609896,56,"United Kingdom",2010-06-29 11:30:00,2011-03-16 12:55:00,"1","High_Value"
"13300",169.986805555556,3,1285.51,428.503333333333,455,0.221738215452211,44,"United Kingdom",2010-05-14 15:56:00,2011-06-23 13:09:00,"1","High_Value"
"13301",104.059027777778,4,618.09,154.5225,345,0.631828353297354,75,"United Kingdom",2011-02-20 13:13:00,2011-08-28 11:25:00,"1","High_Value"
"13302",155.7875,2,159.2,79.6,12,0.161192826919202,3,"United Kingdom",2010-07-01 12:32:00,2011-07-07 17:56:00,"2","Not_High_Value"
"13303",400.913194444444,1,61.72,61.72,26,30,4,"United Kingdom",2010-11-04 14:55:00,2010-11-04 14:55:00,"2","Not_High_Value"
"13304",351.927083333333,4,1217.99,304.4975,716,0.376083034258814,59,"United Kingdom",2010-02-08 12:42:00,2010-12-23 14:35:00,"1","High_Value"
"13305",4.89930555555556,16,3616.41,226.025625,2228,0.754695555900099,153,"United Kingdom",2010-03-10 14:49:00,2011-12-05 15:15:00,"1","High_Value"
"13306",430.913194444444,1,53.65,53.65,74,30,4,"United Kingdom",2010-10-05 14:55:00,2010-10-05 14:55:00,"2","Not_High_Value"
"13307",120.816666666667,3,273.34,91.1133333333333,140,0.190211727962005,15,"United Kingdom",2010-04-26 13:28:00,2011-08-11 17:14:00,"2","Not_High_Value"
"13308",23.1381944444444,4,1670.37,417.5925,1073,0.208693383767568,65,"United Kingdom",2010-04-22 09:22:00,2011-11-17 09:31:00,"1","High_Value"
"13309",7.84444444444444,6,1706.37,284.395,1914,0.466099866212075,95,"United Kingdom",2010-11-12 12:10:00,2011-12-02 16:34:00,"1","High_Value"
"13310",28.8104166666667,5,1541.2,308.24,816,0.399985185733862,80,"United Kingdom",2010-11-02 17:03:00,2011-11-11 17:23:00,"1","High_Value"
"13311",4.99652777777778,2,598.57,299.285,305,0.408338807783013,25,"United Kingdom",2011-07-12 14:26:00,2011-12-05 12:55:00,"1","High_Value"
"13312",451.926388888889,1,124.75,124.75,41,30,5,"United Kingdom",2010-09-14 14:36:00,2010-09-14 14:36:00,"2","Not_High_Value"
"13313",22.8347222222222,12,3445.32,287.11,2308,0.502778666821845,105,"United Kingdom",2009-12-02 16:18:00,2011-11-17 16:48:00,"1","High_Value"
"13314",2.01458333333333,3,775.94,258.646666666667,560,1.23136561867571,55,"United Kingdom",2011-09-27 10:20:00,2011-12-08 12:29:00,"1","High_Value"
"13315",689.886111111111,1,310.26,310.26,232,30,22,"United Kingdom",2010-01-19 15:34:00,2010-01-19 15:34:00,"2","Not_High_Value"
"13316",37.9652777777778,10,12940.82,1294.082,19931,0.497386991257733,115,"United Kingdom",2010-03-10 10:01:00,2011-11-02 13:40:00,"1","High_Value"
"13317",66.96875,19,6486.091,341.373210526316,3149,0.862199364695205,222,"United Kingdom",2009-12-13 11:11:00,2011-10-04 13:35:00,"1","High_Value"
"13318",1.74930555555556,3,640.76,213.586666666667,304,2.41768491745173,14,"United Kingdom",2011-11-02 13:26:00,2011-12-08 18:51:00,"1","High_Value"
"13319",5.96944444444444,58,21323.22,367.641724137931,8974,2.38699499279786,345,"United Kingdom",2009-12-06 14:46:00,2011-12-04 13:34:00,"1","High_Value"
"13320",78.7798611111111,6,2211.6,368.6,1509,0.448522057525723,98,"United Kingdom",2010-08-18 10:29:00,2011-09-22 18:07:00,"1","High_Value"
"13321",72.8930555555555,2,567.36,283.68,372,3.99888919744515,10,"United Kingdom",2011-09-14 15:18:00,2011-09-28 15:24:00,"2","Not_High_Value"
"13322",17.9368055555556,1,199.48,199.48,117,30,25,"United Kingdom",2011-11-22 14:21:00,2011-11-22 14:21:00,"2","Not_High_Value"
"13323",3.81805555555556,5,787.85,157.57,175,1.82572754397383,6,"United Kingdom",2011-09-16 13:23:00,2011-12-06 17:12:00,"2","Not_High_Value"
"13324",36.8486111111111,18,10513.47,584.081666666667,8448,1.02223653680564,36,"United Kingdom",2010-05-25 10:23:00,2011-11-03 16:28:00,"1","High_Value"
"13325",82.0930555555556,1,675.3,675.3,240,30,12,"United Kingdom",2011-09-19 10:36:00,2011-09-19 10:36:00,"2","Not_High_Value"
"13326",432.868055555556,1,281.76,281.76,140,30,13,"United Kingdom",2010-10-03 16:00:00,2010-10-03 16:00:00,"2","Not_High_Value"
"13327",39.1034722222222,20,9134.48,456.724,4203,0.877472716082734,175,"United Kingdom",2009-12-18 15:35:00,2011-11-01 10:21:00,"1","High_Value"
"13328",316.894444444444,1,1308.48,1308.48,680,30,17,"United Kingdom",2011-01-27 15:22:00,2011-01-27 15:22:00,"2","Not_High_Value"
"13329",32.0979166666667,8,4808.77,601.09625,3311,0.340530186582165,68,"United Kingdom",2009-12-04 15:41:00,2011-11-08 10:29:00,"1","High_Value"
"13330",93.0159722222222,6,2796.1,466.016666666667,1951,0.319662578389478,80,"United Kingdom",2010-02-23 10:12:00,2011-09-08 12:27:00,"1","High_Value"
"13331",402.198611111111,1,262.4,262.4,54,30,12,"United Kingdom",2010-11-03 08:04:00,2010-11-03 08:04:00,"2","Not_High_Value"
"13332",14.9722222222222,1,350.9,350.9,179,30,21,"United Kingdom",2011-11-25 13:30:00,2011-11-25 13:30:00,"2","Not_High_Value"
"13333",411.976388888889,3,1015.74,338.58,685,0.362661532692706,54,"United Kingdom",2010-02-19 09:26:00,2010-10-24 13:24:00,"1","High_Value"
"13334",82.8951388888889,5,6201.8,1240.36,3198,0.262639527248851,307,"United Kingdom",2010-02-25 12:21:00,2011-09-18 15:21:00,"1","High_Value"
"13336",77.9479166666667,1,795.12,795.12,559,30,51,"United Kingdom",2011-09-23 14:05:00,2011-09-23 14:05:00,"2","Not_High_Value"
"13337",546.974305555556,1,1575.26,1575.26,980,30,87,"United Kingdom",2010-06-11 13:27:00,2010-06-11 13:27:00,"1","High_Value"
"13338",158.155555555556,4,2445.62,611.405,1151,0.219433865705966,113,"United Kingdom",2010-01-05 12:25:00,2011-07-05 09:06:00,"1","High_Value"
"13339",201.179861111111,1,860.12,860.12,326,30,54,"United Kingdom",2011-05-23 08:31:00,2011-05-23 08:31:00,"2","Not_High_Value"
"13340",45.9826388888889,12,22100.56,1841.71333333333,9636,0.589264340300157,190,"United Kingdom",2010-02-22 14:54:00,2011-10-25 13:15:00,"1","High_Value"
"13341",261.125,1,775.85,775.85,301,30,42,"United Kingdom",2011-03-24 09:50:00,2011-03-24 09:50:00,"2","Not_High_Value"
"13343",178.018055555556,1,353.43,353.43,135,30,19,"United Kingdom",2011-06-15 12:24:00,2011-06-15 12:24:00,"2","Not_High_Value"
"13344",68.1284722222222,3,2511.69,837.23,952,0.426600657676014,115,"United Kingdom",2011-03-07 10:28:00,2011-10-03 09:45:00,"1","High_Value"
"13345",288.159027777778,1,389.5,389.5,141,30,20,"United Kingdom",2011-02-25 09:01:00,2011-02-25 09:01:00,"2","Not_High_Value"
"13346",463.047916666667,6,299.4,49.9,180,1.33369694412571,4,"United Kingdom",2010-04-22 12:34:00,2010-09-03 11:41:00,"2","Not_High_Value"
"13347",70.9736111111111,1,341.36,341.36,205,30,8,"United Kingdom",2011-09-30 13:28:00,2011-09-30 13:28:00,"2","Not_High_Value"
"13348",64.8069444444444,1,233.76,233.76,136,30,14,"United Kingdom",2011-10-06 17:28:00,2011-10-06 17:28:00,"2","Not_High_Value"
"13349",11.1965277777778,1,247.32,247.32,225,30,16,"United Kingdom",2011-11-29 08:07:00,2011-11-29 08:07:00,"2","Not_High_Value"
"13350",16.8451388888889,2,979.12,489.56,287,0.935672514619883,36,"United Kingdom",2011-09-21 13:33:00,2011-11-23 16:33:00,"1","High_Value"
"13351",66.9965277777778,1,373.94,373.94,117,30,16,"United Kingdom",2011-10-04 12:55:00,2011-10-04 12:55:00,"2","Not_High_Value"
"13352",60.9548611111111,1,397.98,397.98,321,30,24,"United Kingdom",2011-10-10 13:55:00,2011-10-10 13:55:00,"2","Not_High_Value"
"13354",71.98125,1,743.53,743.53,604,30,51,"United Kingdom",2011-09-29 13:17:00,2011-09-29 13:17:00,"2","Not_High_Value"
"13355",122.918055555556,1,674.7,674.7,314,30,32,"United Kingdom",2011-08-09 14:48:00,2011-08-09 14:48:00,"2","Not_High_Value"
"13356",80.9284722222222,1,768.24,768.24,325,30,42,"United Kingdom",2011-09-20 14:33:00,2011-09-20 14:33:00,"2","Not_High_Value"
"13357",257.954166666667,5,3805.51,761.102,2112,0.404338401290888,284,"United Kingdom",2010-03-22 14:30:00,2011-03-27 13:56:00,"1","High_Value"
"13358",269.040277777778,1,439.03,439.03,285,30,29,"United Kingdom",2011-03-16 11:52:00,2011-03-16 11:52:00,"2","Not_High_Value"
"13359",64.1388888888889,2,1043.31,521.655,381,0.176073200802926,52,"United Kingdom",2010-11-01 15:05:00,2011-10-07 09:30:00,"1","High_Value"
"13360",432.009027777778,4,1553.65,388.4125,942,0.444351871137957,58,"United Kingdom",2010-01-08 11:16:00,2010-10-04 12:37:00,"1","High_Value"
"13361",472.9125,2,1450.5,725.25,324,0.410125933345042,29,"United Kingdom",2010-04-01 07:49:00,2010-08-24 14:56:00,"1","High_Value"
"13362",9.92291666666667,7,5394.07,770.581428571429,2481,0.503635703507796,186,"United Kingdom",2010-10-10 15:27:00,2011-11-30 14:41:00,"1","High_Value"
"13363",18.0069444444444,3,1723.86,574.62,1146,0.228970005989262,78,"United Kingdom",2010-10-26 11:07:00,2011-11-22 12:40:00,"1","High_Value"
"13364",71.7756944444444,1,134.96,134.96,71,30,10,"United Kingdom",2011-09-29 18:13:00,2011-09-29 18:13:00,"2","Not_High_Value"
"13365",34.0097222222222,2,2225.37,1112.685,1247,0.324280502634779,122,"United Kingdom",2011-05-06 12:00:00,2011-11-06 12:36:00,"1","High_Value"
"13366",50.9673611111111,1,56.16,56.16,144,30,1,"United Kingdom",2011-10-20 13:37:00,2011-10-20 13:37:00,"2","Not_High_Value"
"13367",432.118055555556,1,510.2,510.2,253,30,20,"United Kingdom",2010-10-04 10:00:00,2010-10-04 10:00:00,"2","Not_High_Value"
"13368",257.11875,4,1121.5,280.375,606,0.714415650994725,45,"United Kingdom",2010-10-12 10:43:00,2011-03-28 09:59:00,"1","High_Value"
"13369",366.055555555556,1,308.28,308.28,149,30,14,"United Kingdom",2010-12-09 11:30:00,2010-12-09 11:30:00,"2","Not_High_Value"
"13370",372.1,1,754.87,754.87,343,30,39,"United Kingdom",2010-12-03 10:26:00,2010-12-03 10:26:00,"2","Not_High_Value"
"13371",505.803472222222,2,2297.66,1148.83,1019,0.468434863698467,75,"United Kingdom",2010-03-17 15:29:00,2010-07-22 17:33:00,"1","High_Value"
"13372",90.0027777777778,1,378.64,378.64,159,30,23,"United Kingdom",2011-09-11 12:46:00,2011-09-11 12:46:00,"2","Not_High_Value"
"13373",61.0826388888889,6,7587.19,1264.53166666667,4263,0.267090659349152,292,"United Kingdom",2009-12-06 12:34:00,2011-10-10 10:51:00,"1","High_Value"
"13374",415.115277777778,2,422.8,211.4,135,1.66747080961112,17,"United Kingdom",2010-09-16 10:29:00,2010-10-21 10:04:00,"2","Not_High_Value"
"13375",89.1048611111111,2,1792.23,896.115,1124,0.168025717269504,62,"United Kingdom",2010-09-21 08:12:00,2011-09-12 10:19:00,"1","High_Value"
"13376",99.8569444444445,3,1019.76,339.92,493,0.661113179923788,45,"United Kingdom",2011-04-19 13:03:00,2011-09-01 16:16:00,"1","High_Value"
"13377",397.020833333333,2,1552.88,776.44,748,0.239910699906146,71,"United Kingdom",2010-03-04 10:06:00,2010-11-08 12:20:00,"1","High_Value"
"13379",26.9618055555556,3,572.56,190.853333333333,601,0.810410270199288,85,"United Kingdom",2011-07-26 12:26:00,2011-11-13 13:45:00,"1","High_Value"
"13380",433.105555555556,1,62.4,62.4,48,30,3,"United Kingdom",2010-10-03 10:18:00,2010-10-03 10:18:00,"2","Not_High_Value"
"13381",32.0361111111111,12,8224.37,685.364166666667,5125,0.508574842615511,154,"United Kingdom",2009-12-01 15:19:00,2011-11-08 11:58:00,"1","High_Value"
"13382",281.115972222222,5,1387.58,277.516,863,0.331854838090175,74,"United Kingdom",2009-12-08 09:56:00,2011-03-04 10:03:00,"1","High_Value"
"13383",544.045138888889,1,305.28,305.28,288,30,1,"United Kingdom",2010-06-14 11:45:00,2010-06-14 11:45:00,"2","Not_High_Value"
"13384",31.0736111111111,11,6680.83,607.348181818182,4142,0.70071752767038,192,"United Kingdom",2010-07-27 12:22:00,2011-11-09 11:04:00,"1","High_Value"
"13385",330.123611111111,1,534.57,534.57,281,30,35,"United Kingdom",2011-01-14 09:52:00,2011-01-14 09:52:00,"2","Not_High_Value"
"13386",414.998611111111,2,835.46,417.73,514,2.50123035057754,24,"United Kingdom",2010-09-28 13:09:00,2010-10-21 12:52:00,"2","Not_High_Value"
"13387",417.946527777778,1,186.94,186.94,123,30,71,"United Kingdom",2010-10-18 14:07:00,2010-10-18 14:07:00,"2","Not_High_Value"
"13388",131.998611111111,3,1185.65,395.216666666667,701,0.190231830364875,68,"United Kingdom",2010-04-15 10:18:00,2011-07-31 12:52:00,"1","High_Value"
"13389",11.9506944444444,3,797.96,265.986666666667,429,0.405267223075215,50,"United Kingdom",2011-04-21 12:12:00,2011-11-28 14:01:00,"1","High_Value"
"13390",75.175,1,544.08,544.08,224,30,13,"United Kingdom",2011-09-26 08:38:00,2011-09-26 08:38:00,"2","Not_High_Value"
"13391",204.083333333333,1,59.8,59.8,4,30,1,"United Kingdom",2011-05-20 10:50:00,2011-05-20 10:50:00,"2","Not_High_Value"
"13392",677.969444444444,1,91.14,91.14,82,30,8,"United Kingdom",2010-01-31 13:34:00,2010-01-31 13:34:00,"2","Not_High_Value"
"13393",584.136111111111,4,1131.45,282.8625,662,0.801923130470294,53,"United Kingdom",2009-12-07 18:12:00,2010-05-05 09:34:00,"1","High_Value"
"13394",2.05138888888889,19,6621.7,348.510526315789,5354,0.772373712945729,254,"United Kingdom",2009-12-01 11:58:00,2011-12-08 11:36:00,"1","High_Value"
"13395",185.906944444444,3,1180.23,393.41,1660,0.379608909093039,77,"United Kingdom",2010-10-14 13:00:00,2011-06-07 15:04:00,"1","High_Value"
"13396",29.8270833333333,2,1360.99,680.495,600,0.206086222277348,42,"United Kingdom",2011-01-24 13:37:00,2011-11-10 16:59:00,"1","High_Value"
"13397",73.0791666666667,10,3191.87,319.187,1336,0.486187546846196,68,"United Kingdom",2010-01-20 09:50:00,2011-09-28 10:56:00,"1","High_Value"
"13398",192.98125,2,670.34,335.17,341,0.233322441352082,37,"United Kingdom",2010-09-17 09:34:00,2011-05-31 13:17:00,"2","Not_High_Value"
"13399",464.952083333333,3,275.4,91.8,120,1.61169974630652,10,"United Kingdom",2010-07-08 17:47:00,2010-09-01 13:59:00,"2","Not_High_Value"
"13400",583.159722222222,1,310.83,310.83,284,30,23,"United Kingdom",2010-05-06 09:00:00,2010-05-06 09:00:00,"2","Not_High_Value"
"13402",127.874305555556,4,1226.85,306.7125,917,0.273844520336284,55,"United Kingdom",2010-05-24 10:56:00,2011-08-04 15:51:00,"1","High_Value"
"13403",18.1819444444444,3,229.5,76.5,114,0.127335340961008,9,"United Kingdom",2009-12-16 13:23:00,2011-11-22 08:28:00,"2","Not_High_Value"
"13404",1.88402777777778,2,252.49,126.245,111,0.282815057283142,11,"United Kingdom",2011-05-11 11:57:00,2011-12-08 15:37:00,"2","Not_High_Value"
"13405",74.8256944444445,6,1213.811,202.301833333333,855,0.276448153172755,33,"United Kingdom",2009-12-15 14:13:00,2011-09-26 17:01:00,"1","High_Value"
"13406",427.920833333333,2,568.92,284.46,292,0.292252270536303,7,"United Kingdom",2010-03-18 07:29:00,2010-10-08 14:44:00,"2","Not_High_Value"
"13407",579.00625,3,2244.7,748.233333333333,1690,1.07064965963915,85,"United Kingdom",2010-02-16 11:13:00,2010-05-10 12:41:00,"1","High_Value"
"13408",2.15625,106,50174.782,473.347,28675,4.3266368977318,321,"United Kingdom",2009-12-04 09:31:00,2011-12-08 09:05:00,"1","High_Value"
"13410",24.8868055555556,9,2201.96,244.662222222222,1244,0.381314790659357,25,"United Kingdom",2009-12-08 13:43:00,2011-11-15 15:33:00,"1","High_Value"
"13411",107.953472222222,1,213.55,213.55,72,30,17,"United Kingdom",2011-08-24 13:57:00,2011-08-24 13:57:00,"2","Not_High_Value"
"13412",620.848611111111,1,487.35,487.35,176,30,33,"United Kingdom",2010-03-29 16:28:00,2010-03-29 16:28:00,"2","Not_High_Value"
"13413",640.022916666667,6,429.44,71.5733333333333,455,3.69052026084233,38,"United Kingdom",2010-01-21 17:43:00,2010-03-10 12:17:00,"2","Not_High_Value"
"13414",134.045138888889,6,2494.14,415.69,2702,0.382343179555261,48,"United Kingdom",2010-04-15 17:00:00,2011-07-29 11:45:00,"1","High_Value"
"13415",473.05,4,784.17,196.0425,496,0.467130553257749,85,"United Kingdom",2009-12-11 14:20:00,2010-08-24 11:38:00,"1","High_Value"
"13416",44.1625,3,940.8,313.6,208,0.129714927425699,16,"United Kingdom",2009-12-03 13:02:00,2011-10-27 08:56:00,"1","High_Value"
"13417",5.16736111111111,6,1669.49,278.248333333333,532,0.270335102887955,57,"United Kingdom",2010-02-08 12:39:00,2011-12-05 08:49:00,"1","High_Value"
"13418",12.1020833333333,31,11559.66,372.892258064516,7354,1.29545006055494,328,"United Kingdom",2009-12-11 12:51:00,2011-11-28 10:23:00,"1","High_Value"
"13419",64.0006944444444,1,221.06,221.06,275,30,16,"United Kingdom",2011-10-07 12:49:00,2011-10-07 12:49:00,"2","Not_High_Value"
"13420",150.168055555556,2,159.85,79.925,101,2.74172563703868,8,"United Kingdom",2011-06-22 11:35:00,2011-07-13 08:48:00,"2","Not_High_Value"
"13421",40.9368055555556,8,4058.75,507.34375,2351,0.384625657736585,174,"United Kingdom",2010-02-14 14:45:00,2011-10-30 14:21:00,"1","High_Value"
"13422",64.9638888888889,1,2626.3,2626.3,1326,30,127,"United Kingdom",2011-10-06 13:42:00,2011-10-06 13:42:00,"1","High_Value"
"13423",429.158333333333,1,217.03,217.03,141,30,12,"United Kingdom",2010-10-07 09:02:00,2010-10-07 09:02:00,"2","Not_High_Value"
"13424",450.084027777778,1,572.77,572.77,529,30,40,"United Kingdom",2010-09-16 10:49:00,2010-09-16 10:49:00,"2","Not_High_Value"
"13425",108.817361111111,5,3390.43,678.086,2358,0.317722751596704,124,"United Kingdom",2010-05-09 14:35:00,2011-08-23 17:13:00,"1","High_Value"
"13426",1.16041666666667,22,8167.38,371.244545454545,4868,0.903196254168397,162,"United Kingdom",2009-12-09 15:16:00,2011-12-09 08:59:00,"1","High_Value"
"13427",19.9916666666667,6,1006.53,167.755,880,0.255692411499056,35,"United Kingdom",2009-12-17 13:44:00,2011-11-20 13:02:00,"1","High_Value"
"13428",10.9375,3,478.54,159.513333333333,356,0.178203118554575,122,"United Kingdom",2010-07-13 13:20:00,2011-11-29 14:20:00,"1","High_Value"
"13429",11.1527777777778,4,1006.8,251.7,1390,1.82604009257009,55,"United Kingdom",2011-09-25 15:59:00,2011-11-29 09:10:00,"1","High_Value"
"13430",19.1881944444444,2,679.45,339.725,751,0.872788985079753,48,"United Kingdom",2011-09-14 14:26:00,2011-11-21 08:19:00,"1","High_Value"
"13431",67.9590277777778,8,3316.24,414.53,1570,0.404666782196535,113,"United Kingdom",2010-02-18 11:53:00,2011-10-03 13:49:00,"1","High_Value"
"13432",571.980555555556,2,439.1,219.55,217,1.43055831512021,98,"United Kingdom",2010-04-06 14:42:00,2010-05-17 13:18:00,"2","Not_High_Value"
"13433",501.829861111111,4,658.32,164.58,190,0.611214080561411,22,"United Kingdom",2010-01-12 08:59:00,2010-07-26 16:55:00,"2","Not_High_Value"
"13434",74.9305555555556,5,1666.86,333.372,864,0.25764710934257,17,"United Kingdom",2010-02-22 09:54:00,2011-09-26 14:30:00,"1","High_Value"
"13435",5.92013888888889,9,4447.33,494.147777777778,2754,0.544454698092308,96,"United Kingdom",2010-07-27 16:56:00,2011-12-04 14:45:00,"1","High_Value"
"13436",2.09513888888889,1,196.89,196.89,76,30,12,"United Kingdom",2011-12-08 10:33:00,2011-12-08 10:33:00,"2","Not_High_Value"
"13437",14.9513888888889,7,3408.06,486.865714285714,1283,1.18658034137728,143,"United Kingdom",2011-06-02 14:30:00,2011-11-25 14:00:00,"1","High_Value"
"13438",547.752777777778,1,46.5,46.5,10,30,1,"United Kingdom",2010-06-10 18:46:00,2010-06-10 18:46:00,"2","Not_High_Value"
"13439",255.9375,3,986.61,328.87,952,0.330895869929327,132,"United Kingdom",2010-07-01 14:36:00,2011-03-29 14:20:00,"1","High_Value"
"13440",423.985416666667,7,1295.25,185.035714285714,573,7.2142567454732,49,"United Kingdom",2010-09-14 10:34:00,2010-10-12 13:11:00,"1","High_Value"
"13441",92.1333333333333,2,720.9,360.45,520,0.175974581449346,33,"United Kingdom",2010-10-04 10:38:00,2011-09-09 09:38:00,"1","High_Value"
"13442",667.949305555556,3,419.87,139.956666666667,115,1.25067551918474,33,"United Kingdom",2009-12-01 14:59:00,2010-02-10 14:03:00,"2","Not_High_Value"
"13443",449.013194444444,6,1273.16,212.193333333333,805,0.782748134480478,176,"United Kingdom",2010-01-31 13:30:00,2010-09-17 12:31:00,"1","High_Value"
"13444",374.991666666667,2,619.08,309.54,331,0.451344630879495,51,"United Kingdom",2010-07-21 14:34:00,2010-11-30 13:02:00,"2","Not_High_Value"
"13445",626.886111111111,1,241.9,241.9,198,30,7,"United Kingdom",2010-03-23 15:34:00,2010-03-23 15:34:00,"2","Not_High_Value"
"13446",430.749305555556,11,3881.89,352.899090909091,2403,1.408504975117,113,"United Kingdom",2010-02-14 11:52:00,2010-10-05 18:51:00,"1","High_Value"
"13447",23.9666666666667,3,1129.14,376.38,584,6.84699915469146,55,"United Kingdom",2011-11-04 10:10:00,2011-11-16 13:38:00,"1","High_Value"
"13448",17.0118055555556,13,8745.93,672.763846153846,4195,0.543165505895415,321,"United Kingdom",2009-12-06 12:14:00,2011-11-23 12:33:00,"1","High_Value"
"13449",24.1819444444444,1,291.88,291.88,222,30,19,"United Kingdom",2011-11-16 08:28:00,2011-11-16 08:28:00,"2","Not_High_Value"
"13450",27.0388888888889,13,4120.04,316.926153846154,4318,0.675098181346085,57,"United Kingdom",2010-04-15 19:15:00,2011-11-13 11:54:00,"1","High_Value"
"13451",26.8694444444444,11,7090.06,644.550909090909,5229,0.547273135591756,561,"United Kingdom",2010-03-21 16:13:00,2011-11-13 15:58:00,"1","High_Value"
"13452",259.938194444444,3,729.8,243.266666666667,6,0.420198037778916,2,"United Kingdom",2010-08-24 09:53:00,2011-03-25 14:19:00,"2","Not_High_Value"
"13453",166.136111111111,3,781.69,260.563333333333,341,0.378404104049449,33,"United Kingdom",2010-11-02 13:23:00,2011-06-27 09:34:00,"1","High_Value"
"13454",641.923611111111,1,219.87,219.87,198,30,23,"United Kingdom",2010-03-08 14:40:00,2010-03-08 14:40:00,"2","Not_High_Value"
"13455",25.0618055555556,6,2212.99,368.831666666667,795,0.254561132482767,79,"United Kingdom",2009-12-09 08:58:00,2011-11-15 11:21:00,"1","High_Value"
"13456",18.1472222222222,6,1766.72,294.453333333333,765,0.943698482509539,43,"United Kingdom",2011-05-16 15:34:00,2011-11-22 09:18:00,"1","High_Value"
"13457",689.168055555556,2,148.22,74.11,96,1.20397982219002,9,"United Kingdom",2009-12-02 12:46:00,2010-01-20 08:48:00,"2","Not_High_Value"
"13458",7.88958333333333,16,11959.27,747.454375,6760,1.25634351688939,290,"United Kingdom",2010-11-16 14:01:00,2011-12-02 15:29:00,"1","High_Value"
"13459",625.101388888889,2,1160.41,580.205,986,1.01924052424825,57,"United Kingdom",2010-01-26 13:35:00,2010-03-25 10:24:00,"1","High_Value"
"13460",29.8145833333333,2,183.44,91.72,286,2.81552448919738,16,"United Kingdom",2011-10-21 09:50:00,2011-11-10 17:17:00,"2","Not_High_Value"
"13461",39.1590277777778,6,4160,693.333333333333,3132,0.321596069381374,30,"United Kingdom",2010-04-21 16:01:00,2011-11-01 09:01:00,"1","High_Value"
"13462",253.0625,5,1153.85,230.77,697,0.316413047936577,64,"United Kingdom",2009-12-14 09:48:00,2011-04-01 11:20:00,"1","High_Value"
"13464",58.9090277777778,6,3097.64,516.273333333333,1440,0.320863955910916,128,"United Kingdom",2010-03-31 15:22:00,2011-10-12 15:01:00,"1","High_Value"
"13465",446.900694444444,2,931.12,465.56,584,0.425567546534137,34,"United Kingdom",2010-05-02 15:30:00,2010-09-19 15:13:00,"1","High_Value"
"13466",184.840972222222,5,1013.35,202.67,660,0.336989776416644,49,"United Kingdom",2010-03-21 13:50:00,2011-06-08 16:39:00,"1","High_Value"
"13467",11.1173611111111,2,1071.91,535.955,580,2.2461978421942,89,"United Kingdom",2011-11-03 16:56:00,2011-11-29 10:01:00,"1","High_Value"
"13468",2.09097222222222,72,12793.28,177.684444444444,5617,2.93526173788558,290,"United Kingdom",2009-12-03 13:32:00,2011-12-08 10:39:00,"1","High_Value"
"13469",653.907638888889,1,82.4,82.4,52,30,6,"United Kingdom",2010-02-24 15:03:00,2010-02-24 15:03:00,"2","Not_High_Value"
"13470",99.9118055555556,2,165,82.5,100,3.54810890723174,7,"United Kingdom",2011-08-16 17:06:00,2011-09-01 14:57:00,"2","Not_High_Value"
"13471",1.87916666666667,4,2501.84,625.46,1583,2.54739511159595,214,"United Kingdom",2011-10-23 13:10:00,2011-12-08 15:44:00,"1","High_Value"
"13472",464.13125,2,592.24,296.12,310,0.645195014673706,24,"United Kingdom",2010-06-02 09:48:00,2010-09-02 09:41:00,"2","Not_High_Value"
"13473",61.0625,8,2657.76,332.22,1000,0.361076459193972,65,"United Kingdom",2009-12-15 19:02:00,2011-10-10 11:20:00,"1","High_Value"
"13474",236.95625,3,646.59,215.53,318,0.346197305751523,116,"United Kingdom",2010-08-01 14:40:00,2011-04-17 13:53:00,"1","High_Value"
"13475",191.956944444444,4,1431.78,357.945,1012,1.11056839507442,64,"United Kingdom",2011-02-14 12:36:00,2011-06-01 13:52:00,"1","High_Value"
"13476",179.034722222222,5,2061.47,412.294,713,0.321131811228017,86,"United Kingdom",2010-03-05 09:39:00,2011-06-14 12:00:00,"1","High_Value"
"13477",38.0319444444444,11,2819.17,256.288181818182,2091,0.510039798560039,112,"United Kingdom",2010-01-25 11:52:00,2011-11-02 12:04:00,"1","High_Value"
"13478",469.977083333333,5,2215.78,443.156,1189,0.718056460513543,114,"United Kingdom",2010-01-31 15:51:00,2010-08-27 13:23:00,"1","High_Value"
"13479",201.086805555556,4,851.37,212.8425,716,0.432014040456315,45,"United Kingdom",2010-08-19 16:18:00,2011-05-23 10:45:00,"1","High_Value"
"13480",417.039583333333,2,627.82,313.91,362,0.227297839092071,40,"United Kingdom",2010-01-29 12:35:00,2010-10-19 11:53:00,"2","Not_High_Value"
"13481",46.1548611111111,11,3830.84,348.258181818182,2055,0.477669551581677,162,"United Kingdom",2009-12-04 12:37:00,2011-10-25 09:07:00,"1","High_Value"
"13482",232.824305555556,2,336.09,168.045,187,0.151411067027436,20,"United Kingdom",2010-03-22 10:31:00,2011-04-21 17:03:00,"2","Not_High_Value"
"13483",66.0395833333333,1,140.34,140.34,160,30,10,"United Kingdom",2011-10-05 11:53:00,2011-10-05 11:53:00,"2","Not_High_Value"
"13484",241.847222222222,3,790.72,263.573333333333,224,0.225452470583323,38,"United Kingdom",2010-03-10 11:46:00,2011-04-12 16:30:00,"2","Not_High_Value"
"13485",233.952777777778,11,3019.22,274.474545454545,1798,0.654751078851209,131,"United Kingdom",2009-12-03 13:46:00,2011-04-20 13:58:00,"1","High_Value"
"13486",78.9840277777778,3,1122.41,374.136666666667,669,1.15637882113604,69,"United Kingdom",2011-07-07 17:19:00,2011-09-22 13:13:00,"1","High_Value"
"13487",58.0298611111111,5,846.87,169.374,362,0.221215826763428,31,"United Kingdom",2009-12-05 10:25:00,2011-10-13 12:07:00,"1","High_Value"
"13488",17.9229166666667,23,14205.96,617.650434782609,7375,1.03419419036001,370,"United Kingdom",2010-01-25 10:13:00,2011-11-22 14:41:00,"1","High_Value"
"13489",105.981944444444,4,449.52,112.38,560,0.63122365335301,11,"United Kingdom",2011-02-18 10:42:00,2011-08-26 13:16:00,"2","Not_High_Value"
"13490",654.918055555556,1,154.25,154.25,25,30,8,"United Kingdom",2010-02-23 14:48:00,2010-02-23 14:48:00,"2","Not_High_Value"
"13491",52.1791666666667,27,4467.66,165.468888888889,2349,1.18767360969689,144,"United Kingdom",2009-12-07 08:24:00,2011-10-19 08:32:00,"1","High_Value"
"13492",136.934027777778,3,1269.84,423.28,408,1.13665266315263,38,"Switzerland",2011-05-09 10:06:00,2011-07-26 14:25:00,"1","High_Value"
"13493",275.885416666667,2,618.63,309.315,380,4.63196268696724,6,"Switzerland",2011-02-25 16:42:00,2011-03-09 15:35:00,"2","Not_High_Value"
"13494",312.036111111111,1,316.26,316.26,162,30,18,"United Kingdom",2011-02-01 11:58:00,2011-02-01 11:58:00,"2","Not_High_Value"
"13495",8.06180555555556,10,4863.31,486.331,2465,0.413243299862539,59,"United Kingdom",2009-12-07 12:12:00,2011-12-02 11:21:00,"1","High_Value"
"13496",11.0777777777778,2,653.33,326.665,341,0.17141462698471,28,"United Kingdom",2010-12-15 10:17:00,2011-11-29 10:58:00,"1","High_Value"
"13497",283.156944444444,6,1166.83,194.471666666667,525,0.463986452741226,52,"United Kingdom",2010-02-08 10:27:00,2011-03-02 09:04:00,"1","High_Value"
"13498",730.891666666667,1,327.38,327.38,362,30,17,"United Kingdom",2009-12-09 15:26:00,2009-12-09 15:26:00,"2","Not_High_Value"
"13499",18.0618055555556,5,1159.11,231.822,1365,0.592642995700595,31,"United Kingdom",2011-03-15 08:52:00,2011-11-22 11:21:00,"1","High_Value"
"13500",23.8854166666667,4,1466.3,366.575,838,0.316542070969172,77,"United Kingdom",2010-11-03 13:16:00,2011-11-16 15:35:00,"1","High_Value"
"13501",288.74375,3,2885.11,961.703333333333,1253,0.317759988231112,90,"Switzerland",2010-05-18 13:24:00,2011-02-24 18:59:00,"1","High_Value"
"13502",17.0909722222222,5,780.5,156.1,490,0.281430657961426,28,"United Kingdom",2010-06-09 10:52:00,2011-11-23 10:39:00,"1","High_Value"
"13503",71.9770833333333,6,1859.24,309.873333333333,1105,0.304577833032124,158,"United Kingdom",2010-02-16 13:49:00,2011-09-29 13:23:00,"1","High_Value"
"13504",64.9791666666667,1,295.93,295.93,178,30,22,"United Kingdom",2011-10-06 13:20:00,2011-10-06 13:20:00,"2","Not_High_Value"
"13505",73.0375,4,4393.63,1098.4075,2486,0.745376980446795,182,"Switzerland",2011-04-21 12:07:00,2011-09-28 11:56:00,"1","High_Value"
"13506",316.95625,5,1338.08,267.616,942,1.03408655687476,55,"United Kingdom",2010-09-05 12:33:00,2011-01-27 13:53:00,"1","High_Value"
"13507",3.98402777777778,4,2479.16,619.79,1597,0.838822735591229,146,"United Kingdom",2011-07-17 11:50:00,2011-12-06 13:13:00,"1","High_Value"
"13508",244.036111111111,2,287.05,143.525,180,0.15,27,"United Kingdom",2010-03-07 11:58:00,2011-04-10 11:58:00,"2","Not_High_Value"
"13509",9.11111111111111,8,1114.72,139.34,1214,0.480080013335556,27,"United Kingdom",2010-07-20 12:10:00,2011-12-01 10:10:00,"1","High_Value"
"13510",1.96111111111111,11,4558.29,414.39,3044,0.459559801282938,176,"United Kingdom",2009-12-21 11:53:00,2011-12-08 13:46:00,"1","High_Value"
"13511",677.027777777778,1,282.76,282.76,60,30,5,"United Kingdom",2010-02-01 12:10:00,2010-02-01 12:10:00,"2","Not_High_Value"
"13512",261.115972222222,4,713.39,178.3475,419,0.370528410394523,31,"United Kingdom",2010-05-05 13:22:00,2011-03-24 10:03:00,"2","Not_High_Value"
"13513",127.041666666667,3,824.59,274.863333333333,364,0.169874979355471,32,"United Kingdom",2010-02-22 16:36:00,2011-08-05 11:50:00,"1","High_Value"
"13514",74.1326388888889,4,815.9,203.975,288,0.196795692360956,15,"United Kingdom",2010-01-26 15:11:00,2011-09-27 09:39:00,"1","High_Value"
"13515",73.0583333333333,6,1265.82,210.97,819,0.314148309028855,64,"United Kingdom",2010-03-05 11:58:00,2011-09-28 11:26:00,"1","High_Value"
"13516",21.9826388888889,4,1685.26,421.315,1114,0.302128009259664,55,"United Kingdom",2010-10-18 08:52:00,2011-11-18 13:15:00,"1","High_Value"
"13517",60.0465277777778,3,2128.42,709.473333333333,1369,0.743038315779818,125,"United Kingdom",2011-06-13 08:44:00,2011-10-11 11:43:00,"1","High_Value"
"13518",86.0979166666667,1,627.16,627.16,382,30,36,"United Kingdom",2011-09-15 10:29:00,2011-09-15 10:29:00,"2","Not_High_Value"
"13519",78.7680555555555,2,343.21,171.605,133,0.164258867412295,19,"United Kingdom",2010-09-23 11:45:00,2011-09-22 18:24:00,"2","Not_High_Value"
"13520",59.1041666666667,11,6606,600.545454545455,3179,0.496267031765476,81,"Switzerland",2009-12-17 11:11:00,2011-10-12 10:20:00,"1","High_Value"
"13521",1.95833333333333,3,1071.73,357.243333333333,718,9.04964737099364,313,"United Kingdom",2011-11-29 15:09:00,2011-12-08 13:50:00,"1","High_Value"
"13522",30.9020833333333,1,125.8,125.8,44,30,5,"United Kingdom",2011-11-09 15:11:00,2011-11-09 15:11:00,"2","Not_High_Value"
"13523",33.9020833333333,6,4534.57,755.761666666667,1989,0.48647187772139,177,"United Kingdom",2010-11-02 14:55:00,2011-11-06 15:11:00,"1","High_Value"
"13524",41.0111111111111,5,680.18,136.036,324,0.833307613962532,17,"United Kingdom",2011-05-04 12:26:00,2011-10-30 12:34:00,"2","Not_High_Value"
"13525",15.0340277777778,2,628.78,314.39,394,0.25548146724426,5,"United Kingdom",2011-04-05 15:36:00,2011-11-25 12:01:00,"2","Not_High_Value"
"13526",738.984027777778,2,1182,591,1911,59.2999313658202,29,"United Kingdom",2009-12-01 12:56:00,2009-12-01 13:13:00,"2","Not_High_Value"
"13527",34.0319444444444,12,4541.29,378.440833333333,2736,0.549637550932126,266,"United Kingdom",2010-01-21 12:37:00,2011-11-06 12:04:00,"1","High_Value"
"13529",79.1493055555556,2,307.76,153.88,74,0.472841702011219,15,"United Kingdom",2011-05-19 11:50:00,2011-09-22 09:15:00,"2","Not_High_Value"
"13530",634.944444444444,1,402.98,402.98,272,30,18,"United Kingdom",2010-03-15 14:10:00,2010-03-15 14:10:00,"2","Not_High_Value"
"13531",205.829166666667,6,1433.07,238.845,497,0.338303470743015,44,"United Kingdom",2009-12-03 15:20:00,2011-05-18 16:56:00,"1","High_Value"
"13532",34.0173611111111,1,210.31,210.31,129,30,66,"United Kingdom",2011-11-06 12:25:00,2011-11-06 12:25:00,"2","Not_High_Value"
"13533",183.038888888889,3,269.09,89.6966666666667,202,1.04695969689871,61,"United Kingdom",2011-03-17 12:47:00,2011-06-10 11:54:00,"2","Not_High_Value"
"13534",2.91527777777778,35,7720.9,220.597142857143,3869,2.02314304370631,163,"United Kingdom",2010-07-07 15:00:00,2011-12-07 14:52:00,"1","High_Value"
"13535",403.042361111111,1,89.5,89.5,10,30,1,"United Kingdom",2010-11-02 11:49:00,2010-11-02 11:49:00,"2","Not_High_Value"
"13536",1.84166666666667,7,3444.39,492.055714285714,2126,2.79513439568159,91,"United Kingdom",2011-09-25 13:30:00,2011-12-08 16:38:00,"1","High_Value"
"13537",426.003472222222,2,717.85,358.925,337,2.21515741975182,38,"United Kingdom",2010-09-14 10:41:00,2010-10-10 12:45:00,"2","Not_High_Value"
"13538",43.8444444444444,12,3103.13,258.594166666667,959,0.568578783368632,105,"United Kingdom",2010-02-02 12:47:00,2011-10-27 16:34:00,"1","High_Value"
"13539",86.1055555555556,7,1569.36,224.194285714286,710,0.415080147254624,69,"United Kingdom",2010-04-28 12:04:00,2011-09-15 10:18:00,"1","High_Value"
"13540",467.9375,3,632.39,210.796666666667,189,0.475669644495665,26,"United Kingdom",2010-02-22 09:22:00,2010-08-29 14:20:00,"2","Not_High_Value"
"13541",427.842361111111,2,785.25,392.625,279,0.416622464823369,10,"United Kingdom",2010-05-18 16:15:00,2010-10-08 16:37:00,"2","Not_High_Value"
"13542",377.059722222222,17,3959.49,232.911176470588,804,1.4421179339854,98,"United Kingdom",2009-12-10 19:53:00,2010-11-28 11:24:00,"1","High_Value"
"13543",634.969444444444,2,1439.61,719.805,329,1.11191187068877,37,"United Kingdom",2010-01-21 14:30:00,2010-03-15 13:34:00,"1","High_Value"
"13544",40.0368055555556,6,790.2,131.7,331,0.297020853339078,219,"United Kingdom",2010-03-05 11:31:00,2011-10-31 11:57:00,"1","High_Value"
"13545",391.057638888889,2,364.93,182.465,252,0.387134932654652,54,"United Kingdom",2010-06-13 11:49:00,2010-11-14 11:27:00,"2","Not_High_Value"
"13546",12.9166666666667,5,1086.24,217.248,587,0.363289587212206,95,"United Kingdom",2010-10-11 17:23:00,2011-11-27 14:50:00,"1","High_Value"
"13547",408.941666666667,1,167.08,167.08,79,30,44,"United Kingdom",2010-10-27 14:14:00,2010-10-27 14:14:00,"2","Not_High_Value"
"13548",96.9166666666667,3,901.44,300.48,558,0.239332528171433,169,"United Kingdom",2010-08-25 13:44:00,2011-09-04 14:50:00,"1","High_Value"
"13549",26.1458333333333,8,1005.8,125.725,554,0.661380977259288,44,"United Kingdom",2010-11-17 12:17:00,2011-11-14 09:20:00,"1","High_Value"
"13550",383.893055555556,1,342.55,342.55,430,30,40,"United Kingdom",2010-11-21 15:24:00,2010-11-21 15:24:00,"2","Not_High_Value"
"13551",319.919444444444,2,244.2,122.1,36,0.172418954111414,5,"United Kingdom",2010-02-11 15:01:00,2011-01-24 14:46:00,"2","Not_High_Value"
"13552",66.8965277777778,22,6948.92,315.86,2630,1.11284016622347,162,"United Kingdom",2010-02-19 13:28:00,2011-10-04 15:19:00,"1","High_Value"
"13553",675.020138888889,1,499.6,499.6,201,30,85,"United Kingdom",2010-02-03 12:21:00,2010-02-03 12:21:00,"2","Not_High_Value"
"13554",380.90625,7,1629.35,232.764285714286,578,3.12959244923727,156,"United Kingdom",2010-09-19 12:39:00,2010-11-24 15:05:00,"1","High_Value"
"13555",74.0097222222222,13,8891.84,683.987692307692,4762,0.632122066192725,264,"United Kingdom",2010-01-19 13:20:00,2011-09-27 12:36:00,"1","High_Value"
"13556",429.8375,2,200.82,100.41,134,8.19501090771128,8,"United Kingdom",2010-09-30 09:01:00,2010-10-06 16:44:00,"2","Not_High_Value"
"13557",28.8930555555556,13,3032.26,233.250769230769,2398,0.554052147593336,126,"United Kingdom",2009-12-08 17:41:00,2011-11-11 15:24:00,"1","High_Value"
"13558",6.05972222222222,4,594.52,148.63,338,1.87697554935207,123,"United Kingdom",2011-10-02 13:01:00,2011-12-04 11:24:00,"1","High_Value"
"13559",513.123611111111,2,990,495,360,1.8798955613577,1,"United Kingdom",2010-06-14 11:52:00,2010-07-15 09:52:00,"2","Not_High_Value"
"13560",7.98541666666667,1,171.42,171.42,63,30,32,"United Kingdom",2011-12-02 13:11:00,2011-12-02 13:11:00,"2","Not_High_Value"
"13561",216.007638888889,11,1803.4,163.945454545455,1125,0.758696995387467,131,"United Kingdom",2010-02-28 13:42:00,2011-05-08 12:39:00,"1","High_Value"
"13562",82.0826388888889,8,4838.18,604.7725,1603,0.391030732571638,88,"United Kingdom",2010-01-14 16:33:00,2011-09-19 10:51:00,"1","High_Value"
"13563",84.9201388888889,2,777.53,388.765,209,1.05463600410136,49,"United Kingdom",2011-07-22 17:21:00,2011-09-16 14:45:00,"1","High_Value"
"13564",144.928472222222,37,16498.97,445.918108108108,8878,1.86834175318345,484,"United Kingdom",2009-12-02 11:55:00,2011-07-18 14:33:00,"1","High_Value"
"13565",19.9284722222222,3,414.8,138.266666666667,260,0.229039201755967,45,"United Kingdom",2010-10-24 15:51:00,2011-11-20 14:33:00,"1","High_Value"
"13566",41.0354166666667,5,1688.6,337.72,1257,0.250006655269758,263,"United Kingdom",2010-03-10 12:22:00,2011-10-30 11:59:00,"1","High_Value"
"13567",428.999305555556,4,1079.29,269.8225,643,1.0526123426107,180,"United Kingdom",2010-06-16 12:48:00,2010-10-07 12:51:00,"1","High_Value"
"13568",173.922222222222,1,187.05,187.05,66,30,41,"United Kingdom",2011-06-19 14:42:00,2011-06-19 14:42:00,"2","Not_High_Value"
"13569",17.9881944444444,4,726.54,181.635,345,0.291261154054901,140,"United Kingdom",2010-10-07 13:05:00,2011-11-22 13:07:00,"1","High_Value"
"13570",243.968055555556,1,239.49,239.49,161,30,27,"United Kingdom",2011-04-10 13:36:00,2011-04-10 13:36:00,"2","Not_High_Value"
"13571",13.0854166666667,26,4537.26,174.51,3191,1.08347441073056,263,"United Kingdom",2009-12-08 13:02:00,2011-11-27 10:47:00,"1","High_Value"
"13572",206.035416666667,1,1384.25,1384.25,534,30,32,"United Kingdom",2011-05-18 11:59:00,2011-05-18 11:59:00,"2","Not_High_Value"
"13573",50.9284722222222,6,904.52,150.753333333333,647,0.30615607581615,73,"United Kingdom",2010-03-12 16:06:00,2011-10-20 14:33:00,"1","High_Value"
"13574",411.973611111111,1,404.45,404.45,304,30,84,"United Kingdom",2010-10-24 13:28:00,2010-10-24 13:28:00,"2","Not_High_Value"
"13575",23.9833333333333,5,732.07,146.414,449,0.97433352880148,41,"United Kingdom",2011-06-16 14:24:00,2011-11-16 13:14:00,"1","High_Value"
"13576",10.8861111111111,28,11202.59,400.0925,4506,1.16341028487009,145,"United Kingdom",2009-12-08 15:12:00,2011-11-29 15:34:00,"1","High_Value"
"13577",25.8965277777778,11,3489.28,317.207272727273,1661,0.470779848007062,102,"United Kingdom",2009-12-14 16:10:00,2011-11-14 15:19:00,"1","High_Value"
"13578",409.9625,1,147.66,147.66,127,30,9,"United Kingdom",2010-10-26 13:44:00,2010-10-26 13:44:00,"2","Not_High_Value"
"13579",15.1729166666667,5,1374.34,274.868,718,0.232276047177846,72,"United Kingdom",2010-02-18 13:53:00,2011-11-25 08:41:00,"1","High_Value"
"13580",406.909027777778,1,107.75,107.75,45,30,5,"United Kingdom",2010-10-29 15:01:00,2010-10-29 15:01:00,"2","Not_High_Value"
"13581",309.922916666667,2,280.53,140.265,119,0.566442231415253,32,"United Kingdom",2010-10-21 16:30:00,2011-02-03 14:41:00,"2","Not_High_Value"
"13582",390.052777777778,2,241.68,120.84,106,0.262011911837844,10,"United Kingdom",2010-04-01 11:38:00,2010-11-15 11:34:00,"2","Not_High_Value"
"13583",156.090277777778,2,1445.031,722.5155,1097,0.114314897850906,93,"United Kingdom",2010-01-29 13:53:00,2011-07-07 10:40:00,"1","High_Value"
"13584",307.000694444444,3,385.7,128.566666666667,360,0.243129618477851,74,"United Kingdom",2010-02-02 08:40:00,2011-02-06 12:49:00,"2","Not_High_Value"
"13585",531.011805555556,3,684.54,228.18,1386,0.430826715245481,29,"United Kingdom",2009-12-01 14:56:00,2010-06-27 12:33:00,"1","High_Value"
"13586",541.960416666667,1,127.28,127.28,38,30,20,"United Kingdom",2010-06-16 13:47:00,2010-06-16 13:47:00,"2","Not_High_Value"
"13587",64.0131944444445,4,1673.5,418.375,664,0.199677834604816,27,"United Kingdom",2010-02-14 13:17:00,2011-10-07 12:31:00,"1","High_Value"
"13588",16.0888888888889,9,2478.95,275.438888888889,2606,1.12133683654958,131,"United Kingdom",2011-03-29 15:53:00,2011-11-24 10:42:00,"1","High_Value"
"13589",15.0277777777778,6,1120.74,186.79,293,0.24997492535471,48,"United Kingdom",2009-12-06 10:26:00,2011-11-25 12:10:00,"1","High_Value"
"13590",11.9972222222222,18,6336.04,352.002222222222,5271,0.74178866845309,255,"United Kingdom",2009-12-01 13:37:00,2011-11-28 12:54:00,"1","High_Value"
"13591",65.0166666666667,7,2093.94,299.134285714286,850,0.317286445447506,89,"United Kingdom",2009-12-14 15:44:00,2011-10-06 12:26:00,"1","High_Value"
"13592",36.1256944444444,4,247.96,61.99,84,0.522136408136626,15,"United Kingdom",2011-03-20 14:01:00,2011-11-04 09:49:00,"2","Not_High_Value"
"13593",108.96875,14,5493.29,392.377857142857,2170,0.777958861309024,212,"United Kingdom",2010-03-02 16:36:00,2011-08-23 13:35:00,"1","High_Value"
"13594",53.1048611111111,2,533.32,266.66,396,0.138249732781188,31,"United Kingdom",2010-08-11 10:23:00,2011-10-18 10:19:00,"1","High_Value"
"13595",517.009722222222,3,784.48,261.493333333333,341,0.687482096820395,114,"United Kingdom",2010-03-03 14:42:00,2010-07-11 12:36:00,"1","High_Value"
"13596",6.03402777777778,2,664.11,332.055,384,7.49739673724401,133,"United Kingdom",2011-11-27 11:57:00,2011-12-04 12:01:00,"1","High_Value"
"13597",400.913888888889,2,396.71,198.355,231,18.6046511627907,17,"United Kingdom",2010-11-02 09:30:00,2010-11-04 14:54:00,"2","Not_High_Value"
"13598",47.9319444444444,5,761.96,152.392,393,0.247880962053556,78,"United Kingdom",2010-02-26 11:22:00,2011-10-23 14:28:00,"1","High_Value"
"13599",1.86111111111111,33,9811.04,297.304242424242,6248,1.34118576777617,235,"United Kingdom",2009-12-01 12:30:00,2011-12-08 16:10:00,"1","High_Value"
"13600",312.890972222222,2,518.42,259.21,599,0.185802056295442,35,"United Kingdom",2010-03-15 17:16:00,2011-01-31 15:27:00,"2","Not_High_Value"
"13601",45.8048611111111,4,1159.99,289.9975,957,0.238994893697063,160,"United Kingdom",2010-06-11 15:03:00,2011-10-25 17:31:00,"1","High_Value"
"13602",65.04375,4,1025.17,256.2925,538,0.24144936689405,49,"United Kingdom",2010-05-28 11:49:00,2011-10-06 11:47:00,"1","High_Value"
"13603",26.8701388888889,1,164.34,164.34,164,30,27,"United Kingdom",2011-11-13 15:57:00,2011-11-13 15:57:00,"2","Not_High_Value"
"13604",659.033333333333,1,717.62,717.62,242,30,21,"United Kingdom",2010-02-19 12:02:00,2010-02-19 12:02:00,"2","Not_High_Value"
"13605",387.815277777778,2,522.67,261.335,425,0.324214792299899,50,"United Kingdom",2010-05-17 15:46:00,2010-11-17 17:16:00,"2","Not_High_Value"
"13606",29.7944444444444,3,276.75,92.25,276,0.317737395926293,40,"United Kingdom",2011-02-01 11:42:00,2011-11-10 17:46:00,"2","Not_High_Value"
"13607",40.85625,2,1075.81,537.905,466,0.165204239477312,110,"United Kingdom",2010-11-02 11:48:00,2011-10-30 16:17:00,"1","High_Value"
"13608",541.015277777778,1,232.05,232.05,110,30,31,"United Kingdom",2010-06-17 12:28:00,2010-06-17 12:28:00,"2","Not_High_Value"
"13609",593.975,1,167.35,167.35,19,30,7,"United Kingdom",2010-04-25 13:26:00,2010-04-25 13:26:00,"2","Not_High_Value"
"13610",12.8833333333333,14,2103.71,150.265,869,0.606884039792648,309,"United Kingdom",2010-01-05 14:12:00,2011-11-27 15:38:00,"1","High_Value"
"13611",89.9159722222222,10,3297.93,329.793,1988,0.462757649962401,170,"United Kingdom",2009-12-03 07:57:00,2011-09-11 14:51:00,"1","High_Value"
"13612",633.025,1,818.29,818.29,444,30,50,"United Kingdom",2010-03-17 12:14:00,2010-03-17 12:14:00,"2","Not_High_Value"
"13613",453.034027777778,5,1039.85,207.97,445,0.717796365158962,50,"United Kingdom",2010-02-17 12:40:00,2010-09-13 12:01:00,"1","High_Value"
"13614",24.91875,6,2332.74,388.79,821,0.340879948973217,227,"United Kingdom",2010-06-06 13:42:00,2011-11-15 14:47:00,"1","High_Value"
"13615",319.186805555556,8,6272.53,784.06625,2910,0.661716557082627,259,"United Kingdom",2010-01-28 15:43:00,2011-01-25 08:21:00,"1","High_Value"
"13616",568.99375,2,283.85,141.925,172,0.484188228173703,31,"United Kingdom",2010-01-17 14:56:00,2010-05-20 12:59:00,"2","Not_High_Value"
"13617",40.9583333333333,8,1278.75,159.84375,593,0.526390342199416,48,"United Kingdom",2010-08-01 15:23:00,2011-10-30 13:50:00,"1","High_Value"
"13618",174.070138888889,1,177.34,177.34,246,30,13,"United Kingdom",2011-06-19 11:09:00,2011-06-19 11:09:00,"2","Not_High_Value"
"13619",545.049305555556,2,224.94,112.47,79,0.458396778489307,39,"United Kingdom",2010-02-03 14:16:00,2010-06-13 11:39:00,"2","Not_High_Value"
"13620",528.908333333333,1,112.34,112.34,74,30,5,"United Kingdom",2010-06-29 15:02:00,2010-06-29 15:02:00,"2","Not_High_Value"
"13621",117.183333333333,1,213.85,213.85,343,30,19,"United Kingdom",2011-08-15 08:26:00,2011-08-15 08:26:00,"2","Not_High_Value"
"13622",696.977777777778,1,658.95,658.95,379,30,32,"United Kingdom",2010-01-12 13:22:00,2010-01-12 13:22:00,"2","Not_High_Value"
"13623",31.0347222222222,10,2533.06,253.306,1010,0.423777446211165,211,"United Kingdom",2009-12-02 13:57:00,2011-11-09 12:00:00,"1","High_Value"
"13624",388.963194444444,1,462.08,462.08,820,30,22,"United Kingdom",2010-11-16 13:43:00,2010-11-16 13:43:00,"2","Not_High_Value"
"13625",597.083333333333,1,301.26,301.26,144,30,21,"United Kingdom",2010-04-22 10:50:00,2010-04-22 10:50:00,"2","Not_High_Value"
"13626",253.114583333333,2,707.04,353.52,398,0.469685191326045,44,"United Kingdom",2010-11-25 16:12:00,2011-04-01 10:05:00,"1","High_Value"
"13627",59.9375,7,2245.9,320.842857142857,1632,0.360817423281553,118,"United Kingdom",2010-03-09 14:03:00,2011-10-11 14:20:00,"1","High_Value"
"13628",676.920833333333,1,310.14,310.14,106,30,16,"United Kingdom",2010-02-01 14:44:00,2010-02-01 14:44:00,"2","Not_High_Value"
"13629",23.9784722222222,19,13370.86,703.729473684211,7722,0.885334702466921,28,"United Kingdom",2010-02-11 17:34:00,2011-11-16 13:21:00,"1","High_Value"
"13630",5.89861111111111,7,2031.78,290.254285714286,1391,0.747059564659932,51,"United Kingdom",2011-02-27 12:49:00,2011-12-04 15:16:00,"1","High_Value"
"13631",100.120138888889,11,3070.42,279.129090909091,467,1.95616736098533,6,"United Kingdom",2011-03-17 17:13:00,2011-09-01 09:57:00,"1","High_Value"
"13632",25.0826388888889,8,3645.81,455.72625,1633,0.40816712176041,166,"United Kingdom",2010-04-07 10:59:00,2011-11-15 10:51:00,"1","High_Value"
"13634",33.9652777777778,16,5033.77,314.610625,2090,0.720755291482533,269,"United Kingdom",2010-01-10 14:26:00,2011-11-06 13:40:00,"1","High_Value"
"13635",68.0798611111111,4,2999.16,749.79,1884,0.178558696521515,135,"United Kingdom",2009-12-01 09:46:00,2011-10-03 10:55:00,"1","High_Value"
"13636",37.0972222222222,5,949.12,189.824,592,0.600398597958089,57,"United Kingdom",2011-02-27 14:29:00,2011-11-03 10:30:00,"1","High_Value"
"13637",52.9708333333333,3,804.3,268.1,405,0.51423265853523,79,"United Kingdom",2011-04-27 13:06:00,2011-10-18 13:32:00,"1","High_Value"
"13638",16.0916666666667,1,122.64,122.64,93,30,8,"United Kingdom",2011-11-24 10:38:00,2011-11-24 10:38:00,"2","Not_High_Value"
"13639",74.9680555555556,2,1346.27,673.135,997,0.165222562823776,49,"United Kingdom",2010-09-29 10:05:00,2011-09-26 13:36:00,"1","High_Value"
"13640",611.886805555556,1,405,405,108,30,4,"United Kingdom",2010-04-07 15:33:00,2010-04-07 15:33:00,"2","Not_High_Value"
"13641",641.217361111111,5,1016.47,203.294,1098,1.58288143045581,41,"United Kingdom",2009-12-05 13:17:00,2010-03-09 07:37:00,"1","High_Value"
"13642",216.011111111111,4,472.2,118.05,231,0.550439427772345,93,"United Kingdom",2010-10-03 12:23:00,2011-05-08 12:34:00,"2","Not_High_Value"
"13643",31.8840277777778,10,2156.77,215.677,902,0.427888420170581,71,"United Kingdom",2009-12-08 12:48:00,2011-11-08 15:37:00,"1","High_Value"
"13644",16.9465277777778,4,2624.26,656.065,2067,1.33195615644318,144,"United Kingdom",2011-08-26 11:53:00,2011-11-23 14:07:00,"1","High_Value"
"13645",120.860416666667,1,252.1,252.1,158,30,5,"United Kingdom",2011-08-11 16:11:00,2011-08-11 16:11:00,"2","Not_High_Value"
"13646",400.025694444444,2,326.25,163.125,79,59.4631796283551,58,"United Kingdom",2010-11-05 12:00:00,2010-11-05 12:13:00,"2","Not_High_Value"
"13647",10.0347222222222,8,3041.68,380.21,1795,0.403387238910061,98,"United Kingdom",2010-04-15 12:55:00,2011-11-30 12:00:00,"1","High_Value"
"13648",400.919444444444,8,1764.02,220.5025,960,0.70826493535238,95,"United Kingdom",2009-12-01 18:13:00,2010-11-04 14:46:00,"1","High_Value"
"13649",257.040972222222,6,1453.68,242.28,782,0.662244887530787,97,"United Kingdom",2010-06-30 16:35:00,2011-03-28 11:51:00,"1","High_Value"
"13650",17.0194444444444,10,3288,328.8,1746,0.449673050219736,127,"United Kingdom",2010-01-26 08:44:00,2011-11-23 12:22:00,"1","High_Value"
"13651",35.9104166666667,3,226.85,75.6166666666667,62,0.25920259202592,14,"United Kingdom",2010-11-23 09:44:00,2011-11-04 14:59:00,"2","Not_High_Value"
"13652",46.1659722222222,5,2262.05,452.41,1458,0.246858835603444,116,"United Kingdom",2010-02-25 17:37:00,2011-10-25 08:51:00,"1","High_Value"
"13653",488.188194444444,1,152.2,152.2,72,30,9,"United Kingdom",2010-08-09 08:19:00,2010-08-09 08:19:00,"2","Not_High_Value"
"13654",43.8513888888889,11,6308,573.454545454545,4762,0.474686863500556,262,"United Kingdom",2009-12-02 11:43:00,2011-10-27 16:24:00,"1","High_Value"
"13655",114.934027777778,6,2280.51,380.085,1225,0.376423569459733,103,"United Kingdom",2010-04-27 09:59:00,2011-08-17 14:25:00,"1","High_Value"
"13656",165.096527777778,4,1078.85,269.7125,862,0.277839859407886,81,"United Kingdom",2010-04-23 12:50:00,2011-06-28 10:31:00,"1","High_Value"
"13657",11.0125,2,382.14,191.07,209,0.312503390878807,16,"United Kingdom",2011-05-22 12:35:00,2011-11-29 12:32:00,"2","Not_High_Value"
"13658",10.1090277777778,9,6025.5,669.5,2171,0.406704770831067,164,"United Kingdom",2010-02-05 13:17:00,2011-11-30 10:13:00,"1","High_Value"
"13659",206.009027777778,12,4884.68,407.056666666667,2527,0.78921888035661,224,"United Kingdom",2010-02-17 09:05:00,2011-05-18 12:37:00,"1","High_Value"
"13660",400.861111111111,1,306.64,306.64,136,30,39,"United Kingdom",2010-11-04 16:10:00,2010-11-04 16:10:00,"2","Not_High_Value"
"13661",603.911111111111,1,325.24,325.24,118,30,17,"United Kingdom",2010-04-15 14:58:00,2010-04-15 14:58:00,"2","Not_High_Value"
"13662",86.0319444444444,11,2233.61,203.055454545455,1169,0.574966454240438,126,"United Kingdom",2010-02-19 13:21:00,2011-09-15 12:04:00,"1","High_Value"
"13663",179.879166666667,5,2047.51,409.502,893,0.32035452567508,87,"United Kingdom",2010-03-03 10:11:00,2011-06-13 15:44:00,"1","High_Value"
"13665",386.988888888889,3,1711.66,570.553333333333,1652,0.756404045827813,97,"United Kingdom",2010-07-23 13:29:00,2010-11-18 13:06:00,"1","High_Value"
"13666",60.8826388888889,5,127.9,25.58,54,0.221827178142629,19,"United Kingdom",2009-12-04 10:48:00,2011-10-10 15:39:00,"2","Not_High_Value"
"13667",149.880555555556,1,299.05,299.05,149,30,82,"United Kingdom",2011-07-13 15:42:00,2011-07-13 15:42:00,"2","Not_High_Value"
"13668",3.02708333333333,35,12948.48,369.956571428571,6096,1.44448064137998,411,"United Kingdom",2009-12-11 14:28:00,2011-12-07 12:11:00,"1","High_Value"
"13669",51.1375,3,413.55,137.85,393,0.251559142602589,13,"United Kingdom",2010-10-28 15:05:00,2011-10-20 09:32:00,"2","Not_High_Value"
"13670",75.8923611111111,1,349.7,349.7,282,30,25,"United Kingdom",2011-09-25 15:25:00,2011-09-25 15:25:00,"2","Not_High_Value"
"13671",395.083333333333,1,172.6,172.6,95,30,61,"United Kingdom",2010-11-10 10:50:00,2010-11-10 10:50:00,"2","Not_High_Value"
"13672",301.95625,3,419.92,139.973333333333,138,0.209257378502357,13,"United Kingdom",2009-12-09 11:40:00,2011-02-11 13:53:00,"2","Not_High_Value"
"13673",19.0270833333333,2,387.44,193.72,114,4.03908185685569,47,"United Kingdom",2011-11-07 15:40:00,2011-11-21 12:11:00,"2","Not_High_Value"
"13674",433.089583333333,1,240.68,240.68,102,30,14,"United Kingdom",2010-10-03 10:41:00,2010-10-03 10:41:00,"2","Not_High_Value"
"13675",151.995138888889,2,486.82,243.41,330,0.447661435314477,25,"United Kingdom",2011-02-28 12:14:00,2011-07-11 12:57:00,"2","Not_High_Value"
"13676",539.805555555556,2,243.9,121.95,104,0.740505840911234,13,"United Kingdom",2010-03-30 16:53:00,2010-06-18 17:30:00,"2","Not_High_Value"
"13677",405.054166666667,2,551.24,275.62,217,0.513897232449279,98,"United Kingdom",2010-07-07 17:25:00,2010-10-31 11:32:00,"2","Not_High_Value"
"13678",152.108333333333,1,232.6,232.6,924,30,16,"United Kingdom",2011-07-11 10:14:00,2011-07-11 10:14:00,"2","Not_High_Value"
"13679",494.025694444444,3,281.26,93.7533333333333,102,0.370665911606476,44,"United Kingdom",2009-12-04 16:52:00,2010-08-03 12:13:00,"2","Not_High_Value"
"13680",1.96041666666667,12,11419.67,951.639166666667,5244,0.489808413479936,354,"United Kingdom",2009-12-04 14:14:00,2011-12-08 13:47:00,"1","High_Value"
"13681",18.0673611111111,4,827.83,206.9575,360,0.864380327344031,37,"United Kingdom",2011-07-07 15:21:00,2011-11-22 11:13:00,"1","High_Value"
"13682",187.947222222222,1,59.5,59.5,10,30,3,"United Kingdom",2011-06-05 14:06:00,2011-06-05 14:06:00,"2","Not_High_Value"
"13683",458.118055555556,1,258.6,258.6,180,30,10,"United Kingdom",2010-09-08 10:00:00,2010-09-08 10:00:00,"2","Not_High_Value"
"13684",286.109027777778,4,594.88,148.72,234,0.356284986752714,81,"United Kingdom",2010-03-28 14:48:00,2011-02-27 10:13:00,"2","Not_High_Value"
"13685",3.04791666666667,7,3119.44,445.634285714286,5056,3.56259277585354,29,"United Kingdom",2011-10-10 12:59:00,2011-12-07 11:41:00,"1","High_Value"
"13686",183.152777777778,3,409.04,136.346666666667,378,0.409445037690427,27,"United Kingdom",2010-11-03 13:44:00,2011-06-10 09:10:00,"2","Not_High_Value"
"13687",438.847222222222,1,11880.84,11880.84,87167,30,45,"United Kingdom",2010-09-27 16:30:00,2010-09-27 16:30:00,"1","High_Value"
"13688",635.94375,1,375.5,375.5,130,30,5,"United Kingdom",2010-03-14 14:11:00,2010-03-14 14:11:00,"2","Not_High_Value"
"13689",63.9784722222222,2,1259.5,629.75,722,0.157018395141153,6,"United Kingdom",2010-09-21 10:27:00,2011-10-07 13:21:00,"1","High_Value"
"13690",59.9076388888889,1,172.25,172.25,67,30,9,"United Kingdom",2011-10-11 15:03:00,2011-10-11 15:03:00,"2","Not_High_Value"
"13691",396.802777777778,1,212.78,212.78,145,30,54,"United Kingdom",2010-11-08 17:34:00,2010-11-08 17:34:00,"2","Not_High_Value"
"13692",25.0645833333333,5,3114.4,622.88,2101,0.377920353285545,83,"United Kingdom",2010-10-15 13:28:00,2011-11-15 11:17:00,"1","High_Value"
"13693",374.770138888889,9,2011.82,223.535555555556,880,0.75149022366885,78,"United Kingdom",2009-12-07 11:29:00,2010-11-30 18:21:00,"1","High_Value"
"13694",4.1375,143,195640.69,1368.11671328671,188201,5.85462382222323,896,"United Kingdom",2009-12-04 15:26:00,2011-12-06 09:32:00,"1","High_Value"
"13695",31.9333333333333,16,2770.73,173.170625,1791,0.877292071498288,47,"United Kingdom",2010-05-11 11:07:00,2011-11-08 14:26:00,"1","High_Value"
"13696",422.129166666667,3,2020.4,673.466666666667,552,0.366135826221088,24,"United Kingdom",2010-02-11 14:17:00,2010-10-14 09:44:00,"1","High_Value"
"13697",39.15,1,151.3,151.3,177,30,12,"United Kingdom",2011-11-01 09:14:00,2011-11-01 09:14:00,"2","Not_High_Value"
"13698",597.040277777778,2,451.73,225.865,227,0.69671800661237,31,"United Kingdom",2010-01-27 09:02:00,2010-04-22 11:52:00,"2","Not_High_Value"
"13699",155.832638888889,2,764.15,382.075,219,0.151454595174488,33,"United Kingdom",2010-06-07 13:03:00,2011-07-07 16:51:00,"2","Not_High_Value"
"13700",26.9930555555556,13,2596.97,199.766923076923,2786,0.604568496771006,163,"United Kingdom",2010-02-07 10:53:00,2011-11-13 13:00:00,"1","High_Value"
"13701",447.007638888889,1,161,161,80,30,9,"United Kingdom",2010-09-19 12:39:00,2010-09-19 12:39:00,"2","Not_High_Value"
"13702",446.048611111111,1,135.18,135.18,74,30,5,"United Kingdom",2010-09-20 11:40:00,2010-09-20 11:40:00,"2","Not_High_Value"
"13703",318.986111111111,2,425.56,212.78,128,0.612249236460009,36,"United Kingdom",2010-10-20 13:11:00,2011-01-25 13:10:00,"2","Not_High_Value"
"13704",5.90069444444444,9,2308.06,256.451111111111,1531,3.21340904019241,111,"United Kingdom",2011-09-12 14:40:00,2011-12-04 15:13:00,"1","High_Value"
"13705",8.0125,7,1717.19,245.312857142857,906,0.339915448280358,55,"United Kingdom",2010-03-25 17:19:00,2011-12-02 12:32:00,"1","High_Value"
"13706",303.145138888889,2,631.17,315.585,301,0.184614201191018,38,"United Kingdom",2010-03-23 09:18:00,2011-02-10 09:21:00,"2","Not_High_Value"
"13707",267.782638888889,5,3365.86,673.172,2210,0.555033070720464,142,"United Kingdom",2010-06-21 11:57:00,2011-03-17 18:03:00,"1","High_Value"
"13708",271.961111111111,1,285.33,285.33,301,30,49,"United Kingdom",2011-03-13 13:46:00,2011-03-13 13:46:00,"2","Not_High_Value"
"13709",4.09861111111111,18,7571.35,420.630555555556,4122,0.776987733665871,296,"United Kingdom",2010-01-11 10:40:00,2011-12-06 10:28:00,"1","High_Value"
"13710",32.1902777777778,3,509.52,169.84,336,0.154690487728604,13,"United Kingdom",2010-04-06 12:54:00,2011-11-08 08:16:00,"2","Not_High_Value"
"13711",219.096527777778,9,1792.26,199.14,819,0.532918840901521,80,"United Kingdom",2009-12-15 19:04:00,2011-05-05 10:31:00,"1","High_Value"
"13712",247.011805555556,2,766.42,383.21,1128,0.164359483104644,32,"United Kingdom",2010-04-08 11:16:00,2011-04-07 12:33:00,"1","High_Value"
"13713",408.855555555556,3,740.76,246.92,284,0.511424174263052,70,"United Kingdom",2010-05-05 16:48:00,2010-10-27 16:18:00,"1","High_Value"
"13714",465.953472222222,1,161.35,161.35,50,30,30,"United Kingdom",2010-08-31 13:57:00,2010-08-31 13:57:00,"2","Not_High_Value"
"13715",281.728472222222,17,8153.04,479.590588235294,4800,1.42395123199702,277,"United Kingdom",2010-03-11 15:33:00,2011-03-03 19:21:00,"1","High_Value"
"13716",269.959027777778,1,138.28,138.28,138,30,21,"United Kingdom",2011-03-15 13:49:00,2011-03-15 13:49:00,"2","Not_High_Value"
"13717",32.9423611111111,8,1763.3,220.4125,2144,0.528413703895675,110,"United Kingdom",2010-08-11 09:40:00,2011-11-07 14:13:00,"1","High_Value"
"13718",246.976388888889,2,306.55,153.275,173,1.19856837666121,9,"United Kingdom",2011-02-17 11:58:00,2011-04-07 13:24:00,"2","Not_High_Value"
"13719",15.8916666666667,11,2783.08,253.007272727273,1588,0.592422674628801,194,"United Kingdom",2010-05-17 14:36:00,2011-11-24 15:26:00,"1","High_Value"
"13720",117.002777777778,4,799.9,199.975,501,0.862408855661305,42,"United Kingdom",2011-03-30 09:17:00,2011-08-15 12:46:00,"1","High_Value"
"13721",36.9479166666667,2,741.54,370.77,512,0.166741932122138,41,"United Kingdom",2010-11-09 17:59:00,2011-11-03 14:05:00,"1","High_Value"
"13722",132.004166666667,10,5635.41,563.541,3059,0.581464995672662,137,"United Kingdom",2010-03-03 14:13:00,2011-07-31 12:44:00,"1","High_Value"
"13723",217.823611111111,6,1194.08,199.013333333333,593,0.455574459708376,51,"United Kingdom",2010-04-07 14:32:00,2011-05-06 17:04:00,"1","High_Value"
"13724",637.890277777778,1,213.01,213.01,130,30,39,"United Kingdom",2010-03-12 15:28:00,2010-03-12 15:28:00,"2","Not_High_Value"
"13725",50.1159722222222,8,1980.56,247.57,806,0.923409883371408,95,"United Kingdom",2011-02-04 12:18:00,2011-10-21 10:03:00,"1","High_Value"
"13726",39.0840277777778,2,1079.66,539.83,1054,0.952559452278315,39,"United Kingdom",2011-08-31 11:06:00,2011-11-01 10:49:00,"1","High_Value"
"13727",29.1277777777778,8,1074.15,134.26875,368,0.341467896978661,74,"United Kingdom",2009-12-09 13:25:00,2011-11-11 09:46:00,"1","High_Value"
"13728",37.0840277777778,16,2855.17,178.448125,1269,0.690912580366567,75,"United Kingdom",2009-12-09 17:13:00,2011-11-03 10:49:00,"1","High_Value"
"13729",436.0875,3,724.73,241.576666666667,419,0.360253177927822,36,"United Kingdom",2010-01-24 14:57:00,2010-09-30 10:44:00,"2","Not_High_Value"
"13730",136.177083333333,2,752.6,376.3,488,2.23671947809879,38,"United Kingdom",2011-07-01 12:47:00,2011-07-27 08:35:00,"2","Not_High_Value"
"13731",219.928472222222,2,610.59,305.295,278,2.12897025848262,36,"United Kingdom",2011-04-07 10:10:00,2011-05-04 14:33:00,"2","Not_High_Value"
"13732",28.8756944444444,1,491.86,491.86,498,30,33,"United Kingdom",2011-11-11 15:49:00,2011-11-11 15:49:00,"2","Not_High_Value"
"13733",411.022222222222,2,487.03,243.515,335,0.184123601491742,28,"United Kingdom",2009-12-04 15:28:00,2010-10-25 12:18:00,"2","Not_High_Value"
"13734",509.031944444444,4,6695.69,1673.9225,302,1.26129545554079,24,"United Kingdom",2010-04-16 08:42:00,2010-07-19 12:04:00,"1","High_Value"
"13735",25.0666666666667,13,9762.77,750.982307692308,4135,0.554840379654667,362,"United Kingdom",2009-12-13 13:31:00,2011-11-15 11:14:00,"1","High_Value"
"13736",5.89652777777778,7,2752.47,393.21,1549,0.288013166316174,325,"United Kingdom",2009-12-06 12:07:00,2011-12-04 15:19:00,"1","High_Value"
"13737",200.845833333333,1,339.6,339.6,125,30,29,"United Kingdom",2011-05-23 16:32:00,2011-05-23 16:32:00,"2","Not_High_Value"
"13738",396.89375,1,434.78,434.78,237,30,88,"United Kingdom",2010-11-08 15:23:00,2010-11-08 15:23:00,"2","Not_High_Value"
"13739",18.96875,2,292.2,146.1,76,0.117616629684586,6,"United Kingdom",2010-06-30 10:25:00,2011-11-21 13:35:00,"2","Not_High_Value"
"13740",241.095833333333,5,1582.77,316.554,987,0.301251028577007,83,"United Kingdom",2009-12-02 12:22:00,2011-04-13 10:32:00,"1","High_Value"
"13741",72.1465277777778,3,668.43,222.81,218,0.613009422181859,34,"United Kingdom",2011-05-06 13:43:00,2011-09-29 09:19:00,"2","Not_High_Value"
"13742",17.0715277777778,12,3107.87,258.989166666667,1115,1.18095168668331,200,"United Kingdom",2011-01-23 14:59:00,2011-11-23 11:07:00,"1","High_Value"
"13743",3.11180555555556,7,1341.6,191.657142857143,1776,0.81456081326786,8,"United Kingdom",2011-03-25 14:46:00,2011-12-07 10:09:00,"1","High_Value"
"13744",95.8965277777778,2,1080.52,540.26,1153,0.302954861829441,54,"United Kingdom",2011-02-20 14:08:00,2011-09-05 15:19:00,"1","High_Value"
"13745",162.838194444444,2,777.36,388.68,1146,0.155854276251705,46,"United Kingdom",2010-06-11 17:19:00,2011-06-30 16:43:00,"1","High_Value"
"13746",414.038194444444,1,176.69,176.69,83,30,9,"United Kingdom",2010-10-22 11:55:00,2010-10-22 11:55:00,"2","Not_High_Value"
"13747",374.092361111111,2,169.8,84.9,60,1.15258397588111,4,"United Kingdom",2010-10-11 09:15:00,2010-12-01 10:37:00,"2","Not_High_Value"
"13748",96.1284722222222,9,2064.35,229.372222222222,1028,0.419444171743401,40,"United Kingdom",2009-12-01 16:44:00,2011-09-05 09:45:00,"1","High_Value"
"13750",54.0236111111111,11,3602.18,327.470909090909,1370,0.584180653441466,51,"United Kingdom",2010-04-01 14:49:00,2011-10-17 12:16:00,"1","High_Value"
"13751",288.870833333333,1,296.25,296.25,152,30,9,"United Kingdom",2011-02-24 15:56:00,2011-02-24 15:56:00,"2","Not_High_Value"
"13752",124.940277777778,7,1579.83,225.69,1005,0.519593878276887,75,"United Kingdom",2010-06-30 10:23:00,2011-08-07 14:16:00,"1","High_Value"
"13753",288.001388888889,4,2094.57,523.6425,1450,0.266605775224177,64,"United Kingdom",2009-12-03 10:20:00,2011-02-25 12:48:00,"1","High_Value"
"13754",152.040972222222,3,447.05,149.016666666667,315,0.313754351646968,16,"United Kingdom",2010-09-28 15:29:00,2011-07-11 11:51:00,"2","Not_High_Value"
"13755",4.01666666666667,9,2108.06,234.228888888889,1242,4.43627982337034,232,"United Kingdom",2011-10-07 15:45:00,2011-12-06 12:26:00,"1","High_Value"
"13756",2.8375,23,8655.95,376.345652173913,5138,0.954278019911526,142,"United Kingdom",2009-12-15 15:18:00,2011-12-07 16:44:00,"1","High_Value"
"13757",675.009027777778,1,195.55,195.55,54,30,8,"United Kingdom",2010-02-03 12:37:00,2010-02-03 12:37:00,"2","Not_High_Value"
"13758",12.06875,15,8698.13,579.875333333333,4667,0.618093543879395,213,"United Kingdom",2009-12-01 10:06:00,2011-11-28 11:11:00,"1","High_Value"
"13759",33.91875,2,659.41,329.705,287,1.53991480563922,24,"United Kingdom",2011-09-29 15:40:00,2011-11-06 14:47:00,"2","Not_High_Value"
"13760",54.8590277777778,5,1363.64,272.728,623,0.277712421073744,95,"United Kingdom",2010-04-25 13:10:00,2011-10-16 16:13:00,"1","High_Value"
"13761",50.9506944444444,6,1952.17,325.361666666667,1079,0.296481682076012,118,"United Kingdom",2010-02-21 11:08:00,2011-10-20 14:01:00,"1","High_Value"
"13762",219.149305555556,5,2472.48,494.496,2608,0.311930474163203,23,"United Kingdom",2010-01-10 12:13:00,2011-05-05 09:15:00,"1","High_Value"
"13763",63.9006944444444,3,5217.44,1739.14666666667,3224,0.241352467717245,50,"United Kingdom",2010-09-30 17:39:00,2011-10-07 15:13:00,"1","High_Value"
"13764",71.0326388888889,6,2919.62,486.603333333333,2084,0.314156304881907,295,"United Kingdom",2010-03-07 12:56:00,2011-09-30 12:03:00,"1","High_Value"
"13765",653.961111111111,1,352.821,352.821,297,30,17,"United Kingdom",2010-02-24 13:46:00,2010-02-24 13:46:00,"2","Not_High_Value"
"13766",495.934027777778,1,190.35,190.35,137,30,16,"United Kingdom",2010-08-01 14:25:00,2010-08-01 14:25:00,"2","Not_High_Value"
"13767",2.90972222222222,73,33903.57,464.432465753425,14595,2.97081188626207,117,"United Kingdom",2009-12-01 10:52:00,2011-12-07 15:00:00,"1","High_Value"
"13768",727.089583333333,2,875.97,437.985,373,11.9733924611973,30,"United Kingdom",2009-12-09 10:25:00,2009-12-13 10:41:00,"2","Not_High_Value"
"13769",2.90416666666667,20,5478.12,273.906,2452,0.830873888922547,121,"United Kingdom",2009-12-16 11:59:00,2011-12-07 15:08:00,"1","High_Value"
"13770",422.902777777778,4,785.37,196.3425,468,0.388326823765242,48,"United Kingdom",2009-12-09 14:44:00,2010-10-13 15:10:00,"1","High_Value"
"13771",64.9388888888889,9,5728.82,636.535555555556,3140,0.458349493846823,182,"United Kingdom",2010-02-25 12:37:00,2011-10-06 14:18:00,"1","High_Value"
"13772",34.0465277777778,8,3100.02,387.5025,1446,0.385908963003658,394,"United Kingdom",2010-02-23 13:55:00,2011-11-06 11:43:00,"1","High_Value"
"13773",397.042361111111,2,301.54,150.77,174,0.227223715423336,19,"United Kingdom",2010-02-18 10:27:00,2010-11-08 11:49:00,"2","Not_High_Value"
"13774",82.0305555555556,1,345,345,192,30,22,"United Kingdom",2011-09-19 12:06:00,2011-09-19 12:06:00,"2","Not_High_Value"
"13775",591.024305555556,1,1049.66,1049.66,455,30,63,"United Kingdom",2010-04-28 12:15:00,2010-04-28 12:15:00,"2","Not_High_Value"
"13776",428.860416666667,2,623.98,311.99,2,59.8337950138504,1,"United Kingdom",2010-10-07 16:07:00,2010-10-07 16:11:00,"2","Not_High_Value"
"13777",1.01736111111111,61,49638.26,813.741967213115,23190,2.47930618565818,44,"United Kingdom",2009-12-02 09:47:00,2011-12-09 12:25:00,"1","High_Value"
"13778",103.892361111111,4,1124.49,281.1225,511,0.259136122945694,33,"United Kingdom",2010-05-23 13:34:00,2011-08-28 15:25:00,"1","High_Value"
"13779",516.059722222222,1,161.13,161.13,53,30,27,"United Kingdom",2010-07-12 11:24:00,2010-07-12 11:24:00,"2","Not_High_Value"
"13780",7.95902777777778,3,732.07,244.023333333333,479,0.224579692866476,90,"United Kingdom",2010-10-28 19:51:00,2011-12-02 13:49:00,"1","High_Value"
"13781",251.029166666667,3,778.83,259.61,300,0.190739143616567,56,"United Kingdom",2009-12-18 15:46:00,2011-04-03 12:08:00,"1","High_Value"
"13782",13.0388888888889,13,1786.08,137.390769230769,643,0.540196340593023,187,"United Kingdom",2009-12-06 12:52:00,2011-11-27 11:54:00,"1","High_Value"
"13783",488.14375,4,1542.09,385.5225,3437,0.642340976001427,4,"United Kingdom",2010-02-04 13:47:00,2010-08-09 09:23:00,"1","High_Value"
"13784",10.1368055555556,14,2910.23,207.873571428571,2827,0.950486086882726,13,"United Kingdom",2010-09-15 12:27:00,2011-11-30 09:33:00,"1","High_Value"
"13785",429.142361111111,4,542.49,135.6225,151,3.66692131398014,26,"United Kingdom",2010-09-05 16:01:00,2010-10-07 09:25:00,"2","Not_High_Value"
"13786",367.95625,6,3127.99,521.331666666667,1515,0.486576897734376,80,"United Kingdom",2009-12-03 15:32:00,2010-12-07 13:53:00,"1","High_Value"
"13787",76.0305555555556,6,1222.5,203.75,998,0.290285839717867,71,"United Kingdom",2010-01-14 10:13:00,2011-09-25 12:06:00,"1","High_Value"
"13788",505.875,1,3.75,3.75,1,30,1,"United Kingdom",2010-07-22 15:50:00,2010-07-22 15:50:00,"2","Not_High_Value"
"13789",388.888194444444,1,239.46,239.46,258,30,18,"United Kingdom",2010-11-16 15:31:00,2010-11-16 15:31:00,"2","Not_High_Value"
"13790",4.87638888888889,1,348.8,348.8,748,30,45,"United Kingdom",2011-12-05 15:48:00,2011-12-05 15:48:00,"2","Not_High_Value"
"13791",128.045833333333,2,1516,758,1200,1.43554979563354,7,"United Kingdom",2011-06-24 16:38:00,2011-08-04 11:44:00,"1","High_Value"
"13792",66.9298611111111,3,383.95,127.983333333333,156,0.251999860000078,23,"United Kingdom",2010-10-13 11:05:00,2011-10-04 14:31:00,"2","Not_High_Value"
"13793",647.184027777778,1,96,96,52,30,7,"United Kingdom",2010-03-03 08:25:00,2010-03-03 08:25:00,"2","Not_High_Value"
"13794",547.013888888889,1,126.03,126.03,63,30,9,"United Kingdom",2010-06-11 12:30:00,2010-06-11 12:30:00,"2","Not_High_Value"
"13795",388.809027777778,4,836.3,209.075,1250,0.479625625553388,23,"United Kingdom",2010-03-12 12:44:00,2010-11-16 17:25:00,"1","High_Value"
"13796",499.920138888889,1,289.7,289.7,218,30,22,"United Kingdom",2010-07-28 14:45:00,2010-07-28 14:45:00,"2","Not_High_Value"
"13797",437.094444444444,3,1179.45,393.15,573,0.424671584031562,71,"United Kingdom",2010-03-02 12:17:00,2010-09-29 10:34:00,"1","High_Value"
"13798",1.87430555555556,110,75428.87,685.717,48187,4.51449254709722,168,"United Kingdom",2009-12-08 16:21:00,2011-12-08 15:51:00,"1","High_Value"
"13799",117.029861111111,9,2803.57,311.507777777778,1539,0.510579286869918,64,"United Kingdom",2010-03-05 16:39:00,2011-08-15 12:07:00,"1","High_Value"
"13800",310.015972222222,3,1679.56,559.853333333333,891,0.210231254379818,73,"United Kingdom",2009-12-03 10:03:00,2011-02-03 12:27:00,"1","High_Value"
"13801",67.1076388888889,1,324.8,324.8,168,30,23,"United Kingdom",2011-10-04 10:15:00,2011-10-04 10:15:00,"2","Not_High_Value"
"13802",139.080555555556,19,26259.11,1382.05842105263,14129,1.08772427355841,212,"United Kingdom",2010-02-16 10:11:00,2011-07-24 10:54:00,"1","High_Value"
"13803",255.995138888889,3,1338.91,446.303333333333,831,0.247169282350855,73,"United Kingdom",2010-03-31 10:00:00,2011-03-29 12:57:00,"1","High_Value"
"13804",31.0125,9,3161.12,351.235555555556,1797,0.663248073202936,149,"United Kingdom",2010-09-29 10:26:00,2011-11-09 12:32:00,"1","High_Value"
"13805",52.9166666666667,2,924.6,462.3,1900,0.769497956021054,10,"United Kingdom",2011-08-02 15:29:00,2011-10-18 14:50:00,"1","High_Value"
"13806",64.0465277777778,1,256.38,256.38,56,30,10,"United Kingdom",2011-10-07 11:43:00,2011-10-07 11:43:00,"2","Not_High_Value"
"13807",367.876388888889,3,422.2,140.733333333333,116,0.243816633336281,24,"United Kingdom",2009-12-04 12:41:00,2010-12-07 15:48:00,"2","Not_High_Value"
"13808",6.02222222222222,5,1747.66,349.532,782,1.63029941656414,70,"United Kingdom",2011-09-04 12:07:00,2011-12-04 12:18:00,"1","High_Value"
"13809",305.982638888889,3,679.7,226.566666666667,281,0.576684332074061,23,"Cyprus",2010-09-05 11:42:00,2011-02-07 13:15:00,"2","Not_High_Value"
"13810",29.1784722222222,3,1499.01,499.67,312,3.12319259687681,32,"Germany",2011-10-14 12:57:00,2011-11-11 08:33:00,"1","High_Value"
"13811",184.122222222222,3,814.5,271.5,68,1.58913112784168,7,"Germany",2011-04-14 18:40:00,2011-06-09 09:54:00,"2","Not_High_Value"
"13812",42.9326388888889,3,539,179.666666666667,333,1.40483236317518,33,"Germany",2011-08-26 12:54:00,2011-10-28 14:27:00,"2","Not_High_Value"
"13813",40.0916666666667,8,2765.47,345.68375,1292,0.345316150124598,84,"Germany",2009-12-06 10:16:00,2011-10-31 10:38:00,"1","High_Value"
"13814",92.9597222222222,3,2257.32,752.44,1214,0.206429909400206,56,"Germany",2010-06-30 14:12:00,2011-09-08 13:48:00,"1","High_Value"
"13815",22.9381944444444,8,7475.74,934.4675,5381,0.372577197111233,203,"Germany",2010-02-12 10:26:00,2011-11-17 14:19:00,"1","High_Value"
"13816",24.175,2,571.67,285.835,269,1.43710184461336,25,"Germany",2011-10-06 14:37:00,2011-11-16 08:38:00,"2","Not_High_Value"
"13817",29.7923611111111,2,382.98,191.49,211,0.185613652915359,20,"Germany",2010-12-23 11:46:00,2011-11-10 17:49:00,"2","Not_High_Value"
"13818",430.010416666667,1,61.28,61.28,60,30,5,"United Kingdom",2010-10-06 12:35:00,2010-10-06 12:35:00,"2","Not_High_Value"
"13819",302.091666666667,6,2642.35,440.391666666667,2309,0.411180557758812,47,"United Kingdom",2009-12-01 16:18:00,2011-02-11 10:38:00,"1","High_Value"
"13820",418.961111111111,3,652.75,217.583333333333,285,0.342133051742344,68,"United Kingdom",2010-01-28 12:26:00,2010-10-17 13:46:00,"2","Not_High_Value"
"13821",145.125694444444,6,1379.08,229.846666666667,477,0.320945799535173,158,"United Kingdom",2010-01-04 13:36:00,2011-07-18 09:49:00,"1","High_Value"
"13822",6.02569444444444,2,632,316,611,1.6738347088225,90,"United Kingdom",2011-10-30 15:55:00,2011-12-04 12:13:00,"1","High_Value"
"13823",19.1027777777778,7,3403.45,486.207142857143,1564,0.297103243377074,108,"United Kingdom",2009-12-15 14:34:00,2011-11-21 10:22:00,"1","High_Value"
"13824",33.00625,12,3314.76,276.23,1442,0.594165623667597,59,"United Kingdom",2010-03-12 15:17:00,2011-11-07 12:41:00,"1","High_Value"
"13825",622.075,2,255.59,127.795,182,0.546171740669566,38,"United Kingdom",2009-12-09 14:30:00,2010-03-28 11:02:00,"2","Not_High_Value"
"13826",176.959722222222,1,189.5,189.5,82,30,10,"United Kingdom",2011-06-16 13:48:00,2011-06-16 13:48:00,"2","Not_High_Value"
"13827",58.0083333333333,3,409.8,136.6,138,1.03597122302158,83,"United Kingdom",2011-07-19 15:38:00,2011-10-13 12:38:00,"2","Not_High_Value"
"13828",22.8666666666667,1,209.49,209.49,311,30,15,"United Kingdom",2011-11-17 16:02:00,2011-11-17 16:02:00,"2","Not_High_Value"
"13829",421.771527777778,1,102,102,12,30,1,"United Kingdom",2010-10-14 18:19:00,2010-10-14 18:19:00,"2","Not_High_Value"
"13830",582.018055555556,1,156.85,156.85,47,30,11,"United Kingdom",2010-05-07 12:24:00,2010-05-07 12:24:00,"2","Not_High_Value"
"13831",16.88125,18,6585.54,365.863333333333,2393,0.756265007863172,121,"United Kingdom",2009-12-10 14:50:00,2011-11-23 15:41:00,"1","High_Value"
"13832",19.8847222222222,2,609.89,304.945,420,0.148500812113816,54,"United Kingdom",2010-10-13 14:41:00,2011-11-20 15:36:00,"1","High_Value"
"13833",159.974305555556,2,700.41,350.205,243,0.243932737806186,43,"United Kingdom",2010-10-31 14:11:00,2011-07-03 13:27:00,"2","Not_High_Value"
"13834",577.099305555556,2,324.19,162.095,221,0.638982361424398,15,"United Kingdom",2010-02-08 12:52:00,2010-05-12 10:27:00,"2","Not_High_Value"
"13835",25.8840277777778,7,1095.27,156.467142857143,520,0.338001343510631,60,"United Kingdom",2010-03-04 08:26:00,2011-11-14 15:37:00,"1","High_Value"
"13836",399.971527777778,2,620.37,310.185,273,3.74934907134178,29,"United Kingdom",2010-10-21 13:27:00,2010-11-05 13:31:00,"2","Not_High_Value"
"13837",212.027777777778,2,266.59,133.295,182,0.560765860782087,17,"United Kingdom",2011-01-26 12:15:00,2011-05-12 12:10:00,"2","Not_High_Value"
"13838",6.07638888888889,10,1690.07,169.007,694,0.521764336441374,328,"United Kingdom",2010-05-09 11:40:00,2011-12-04 11:00:00,"1","High_Value"
"13839",486.956944444444,1,139.95,139.95,25,30,7,"United Kingdom",2010-08-10 13:52:00,2010-08-10 13:52:00,"2","Not_High_Value"
"13840",416.969444444444,1,651.4,651.4,358,30,40,"United Kingdom",2010-10-19 13:34:00,2010-10-19 13:34:00,"2","Not_High_Value"
"13841",253.027777777778,1,85,85,100,30,1,"United Kingdom",2011-04-01 12:10:00,2011-04-01 12:10:00,"2","Not_High_Value"
"13842",59.0826388888889,18,5319.34,295.518888888889,2716,0.894351302019536,214,"United Kingdom",2010-02-16 15:54:00,2011-10-12 10:51:00,"1","High_Value"
"13843",381.793055555556,1,319.75,319.75,145,30,18,"United Kingdom",2010-11-23 17:48:00,2010-11-23 17:48:00,"2","Not_High_Value"
"13844",11.9784722222222,1,361.62,361.62,196,30,20,"United Kingdom",2011-11-28 13:21:00,2011-11-28 13:21:00,"2","Not_High_Value"
"13845",65.1840277777778,1,312.98,312.98,182,30,9,"United Kingdom",2011-10-06 08:25:00,2011-10-06 08:25:00,"2","Not_High_Value"
"13846",25.0298611111111,4,1307.79,326.9475,705,0.319066435245024,81,"United Kingdom",2010-11-05 09:47:00,2011-11-15 12:07:00,"1","High_Value"
"13847",720.089583333333,1,310.72,310.72,96,30,19,"United Kingdom",2009-12-20 10:41:00,2009-12-20 10:41:00,"2","Not_High_Value"
"13848",92.9944444444444,8,3015,376.875,9200,0.375668098973761,3,"United Kingdom",2009-12-09 16:17:00,2011-09-08 12:58:00,"1","High_Value"
"13849",52.0770833333333,5,3469.3,693.86,1883,0.261344277528264,189,"United Kingdom",2010-03-25 12:03:00,2011-10-19 10:59:00,"1","High_Value"
"13850",129.948611111111,1,1595.48,1595.48,944,30,93,"United Kingdom",2011-08-02 14:04:00,2011-08-02 14:04:00,"1","High_Value"
"13851",96.0097222222222,8,4606.46,575.8075,2525,0.410235956896736,111,"United Kingdom",2010-01-29 11:54:00,2011-09-05 12:36:00,"1","High_Value"
"13852",611.155555555556,1,187.35,187.35,85,30,11,"United Kingdom",2010-04-08 09:06:00,2010-04-08 09:06:00,"2","Not_High_Value"
"13853",57.9388888888889,1,1090.14,1090.14,312,30,23,"United Kingdom",2011-10-13 14:18:00,2011-10-13 14:18:00,"2","Not_High_Value"
"13854",9.15555555555556,39,11944.56,306.270769230769,3642,1.68855196246059,61,"United Kingdom",2010-01-08 11:28:00,2011-12-01 09:06:00,"1","High_Value"
"13855",501.122916666667,4,1310.34,327.585,575,0.51789712189464,64,"United Kingdom",2009-12-08 16:56:00,2010-07-27 09:53:00,"1","High_Value"
"13856",169.115972222222,11,1142.03,103.820909090909,1105,0.730466702431661,33,"United Kingdom",2010-03-30 15:40:00,2011-06-24 10:03:00,"1","High_Value"
"13857",393.997222222222,6,1001.01,166.835,782,1.00592611565822,99,"United Kingdom",2010-05-17 14:21:00,2010-11-11 12:54:00,"1","High_Value"
"13858",57.85625,1,216.17,216.17,75,30,11,"United Kingdom",2011-10-13 16:17:00,2011-10-13 16:17:00,"2","Not_High_Value"
"13859",326.858333333333,2,515.86,257.93,167,0.294079605715492,34,"United Kingdom",2010-06-28 15:36:00,2011-01-17 16:14:00,"2","Not_High_Value"
"13860",1.99513888888889,5,1245.9,249.18,591,1.74123337363966,58,"United Kingdom",2011-09-14 09:27:00,2011-12-08 12:57:00,"1","High_Value"
"13861",429.9375,2,273.26,136.63,225,0.587583223954897,21,"United Kingdom",2010-06-27 11:37:00,2010-10-06 14:20:00,"2","Not_High_Value"
"13862",18.8513888888889,9,2556.09,284.01,1927,0.725588374163231,113,"United Kingdom",2010-11-15 13:43:00,2011-11-21 16:24:00,"1","High_Value"
"13863",248.104166666667,4,1239.55,309.8875,553,0.345938327684475,59,"United Kingdom",2010-04-25 13:09:00,2011-04-06 10:20:00,"1","High_Value"
"13864",387,1,662.4,662.4,192,30,1,"United Kingdom",2010-11-18 12:50:00,2010-11-18 12:50:00,"2","Not_High_Value"
"13865",58.9715277777778,4,501.56,125.39,204,0.517106716103026,26,"United Kingdom",2011-02-23 12:04:00,2011-10-12 13:31:00,"2","Not_High_Value"
"13866",74.9138888888889,1,145.67,145.67,57,30,7,"United Kingdom",2011-09-26 14:54:00,2011-09-26 14:54:00,"2","Not_High_Value"
"13867",31.8763888888889,3,1005.09,335.03,501,0.478900303007908,51,"United Kingdom",2011-05-05 17:28:00,2011-11-08 15:48:00,"1","High_Value"
"13868",7.84583333333333,2,3192.54,1596.27,1964,1.86580862504589,32,"United Kingdom",2011-11-01 12:45:00,2011-12-02 16:32:00,"1","High_Value"
"13869",123.95625,10,7996.87,799.687,4302,0.527279384840718,502,"United Kingdom",2010-01-17 14:53:00,2011-08-08 13:53:00,"1","High_Value"
"13870",2.97708333333333,15,5712.08,380.805333333333,3449,0.673600174637082,159,"United Kingdom",2010-02-08 12:08:00,2011-12-07 13:23:00,"1","High_Value"
"13871",23.0840277777778,17,7885.85,463.873529411765,3502,0.730760811160421,183,"United Kingdom",2009-12-20 13:09:00,2011-11-17 10:49:00,"1","High_Value"
"13872",527.885416666667,3,919.57,306.523333333333,339,0.451726914349649,51,"United Kingdom",2009-12-14 09:56:00,2010-06-30 15:35:00,"1","High_Value"
"13873",120.1125,8,1038.92,129.865,472,0.454630960947253,55,"United Kingdom",2010-03-03 12:31:00,2011-08-12 10:08:00,"1","High_Value"
"13874",358.770833333333,7,2049.15,292.735714285714,864,0.664584711474855,46,"United Kingdom",2010-02-04 18:39:00,2010-12-16 18:20:00,"1","High_Value"
"13875",54.1347222222222,14,4814.37,343.883571428571,3072,0.62690075937086,159,"United Kingdom",2009-12-17 10:30:00,2011-10-17 09:36:00,"1","High_Value"
"13876",64.1027777777778,1,122.7,122.7,36,30,7,"United Kingdom",2011-10-07 10:22:00,2011-10-07 10:22:00,"2","Not_High_Value"
"13877",86.8756944444444,3,449.68,149.893333333333,478,0.148955929273518,23,"United Kingdom",2010-01-19 10:53:00,2011-09-14 15:49:00,"2","Not_High_Value"
"13878",55.0215277777778,4,2416.9,604.225,927,0.217810824744217,93,"United Kingdom",2010-04-14 13:50:00,2011-10-16 12:19:00,"1","High_Value"
"13879",646.084027777778,1,395.5,395.5,204,30,25,"United Kingdom",2010-03-04 10:49:00,2010-03-04 10:49:00,"2","Not_High_Value"
"13880",21.9625,17,4293.86,252.58,2535,0.941013665455803,148,"United Kingdom",2010-05-26 14:29:00,2011-11-18 13:44:00,"1","High_Value"
"13881",4,43,45179.1,1050.67674418605,29760,2.00646137594255,182,"United Kingdom",2010-03-04 14:41:00,2011-12-06 12:50:00,"1","High_Value"
"13882",3.06527777777778,5,1191.13,238.226,953,2.38758456028651,54,"United Kingdom",2011-10-06 15:28:00,2011-12-07 11:16:00,"1","High_Value"
"13883",11.0868055555556,15,6560.02,437.334666666667,3584,0.623509182808466,200,"United Kingdom",2009-12-08 17:26:00,2011-11-29 10:45:00,"1","High_Value"
"13884",7.84722222222222,10,1825.03,182.503,752,0.646752091838797,108,"United Kingdom",2010-08-26 19:57:00,2011-12-02 16:30:00,"1","High_Value"
"13885",189.904861111111,2,506.8,253.4,182,4.89379779099405,28,"United Kingdom",2011-05-23 08:52:00,2011-06-03 15:07:00,"2","Not_High_Value"
"13886",71.98125,1,243.56,243.56,126,30,16,"United Kingdom",2011-09-29 13:17:00,2011-09-29 13:17:00,"2","Not_High_Value"
"13887",204.811111111111,1,349.55,349.55,147,30,19,"United Kingdom",2011-05-19 17:22:00,2011-05-19 17:22:00,"2","Not_High_Value"
"13888",120.109027777778,7,2001.59,285.941428571429,795,0.459591231291111,124,"United Kingdom",2010-05-13 11:57:00,2011-08-12 10:13:00,"1","High_Value"
"13889",93.1506944444444,6,1991.23,331.871666666667,979,0.302633683642719,57,"United Kingdom",2010-01-22 14:32:00,2011-09-08 09:13:00,"1","High_Value"
"13890",1.88472222222222,14,2927.38,209.098571428571,1392,0.572976322094547,100,"United Kingdom",2009-12-06 15:15:00,2011-12-08 15:36:00,"1","High_Value"
"13891",378.870138888889,3,859.21,286.403333333333,476,0.439031826419824,97,"United Kingdom",2010-05-06 16:02:00,2010-11-26 15:57:00,"1","High_Value"
"13892",27.0416666666667,6,1267.65,211.275,3125,0.327240499041761,33,"United Kingdom",2010-05-13 10:32:00,2011-11-13 11:50:00,"1","High_Value"
"13893",298.055555555556,1,821.1,821.1,190,30,21,"United Kingdom",2011-02-15 11:30:00,2011-02-15 11:30:00,"2","Not_High_Value"
"13894",24.1291666666667,3,564.62,188.206666666667,354,0.31264323450655,25,"United Kingdom",2011-02-02 12:54:00,2011-11-16 09:44:00,"1","High_Value"
"13895",28.8284722222222,6,4008.52,668.086666666667,2060,0.253822019060154,154,"United Kingdom",2009-12-03 13:09:00,2011-11-11 16:57:00,"1","High_Value"
"13896",626.163194444444,1,388.55,388.55,149,30,21,"United Kingdom",2010-03-24 08:55:00,2010-03-24 08:55:00,"2","Not_High_Value"
"13897",50.9305555555556,3,1160.72,386.906666666667,820,0.143305446270409,58,"United Kingdom",2010-01-31 13:48:00,2011-10-20 14:30:00,"1","High_Value"
"13898",326.098611111111,2,686.4,343.2,544,0.691388057551654,43,"United Kingdom",2010-10-24 15:42:00,2011-01-18 10:28:00,"2","Not_High_Value"
"13899",16.9652777777778,2,388.52,194.26,156,0.231505050775703,19,"United Kingdom",2011-03-10 09:30:00,2011-11-23 13:40:00,"2","Not_High_Value"
"13900",183.725,6,1610.59,268.431666666667,938,0.407022392512798,80,"United Kingdom",2010-03-25 13:46:00,2011-06-09 19:26:00,"1","High_Value"
"13901",72.9180555555556,15,5676.34,378.422666666667,3344,0.711775825764308,280,"United Kingdom",2010-01-05 09:29:00,2011-09-28 14:48:00,"1","High_Value"
"13902",632.986805555556,5,34095.26,6819.052,220600,1.61065417912562,58,"Denmark",2009-12-15 10:02:00,2010-03-17 13:09:00,"1","High_Value"
"13903",400.795833333333,1,165.45,165.45,103,30,10,"United Kingdom",2010-11-04 17:44:00,2010-11-04 17:44:00,"2","Not_High_Value"
"13904",37.9645833333333,2,332.64,166.32,332,0.232468661125805,24,"United Kingdom",2011-02-18 11:18:00,2011-11-02 13:41:00,"2","Not_High_Value"
"13905",733.047916666667,1,312.65,312.65,135,30,12,"United Kingdom",2009-12-07 11:41:00,2009-12-07 11:41:00,"2","Not_High_Value"
"13906",409.909722222222,1,42,42,100,30,1,"United Kingdom",2010-10-26 15:00:00,2010-10-26 15:00:00,"2","Not_High_Value"
"13907",692.019444444444,1,136.8,136.8,68,30,4,"United Kingdom",2010-01-17 12:22:00,2010-01-17 12:22:00,"2","Not_High_Value"
"13908",80.0423611111111,4,2369.55,592.3875,1478,0.606092492239701,104,"United Kingdom",2011-03-08 12:04:00,2011-09-21 11:49:00,"1","High_Value"
"13909",423.811111111111,2,282.85,141.425,301,0.60593309488744,35,"United Kingdom",2010-07-06 16:52:00,2010-10-12 17:22:00,"2","Not_High_Value"
"13911",57.8798611111111,20,4234.99,211.7495,4487,1.01357058392928,178,"United Kingdom",2010-03-01 16:31:00,2011-10-13 15:43:00,"1","High_Value"
"13912",424.171527777778,1,124.95,124.95,29,30,7,"United Kingdom",2010-10-12 08:43:00,2010-10-12 08:43:00,"2","Not_High_Value"
"13913",507.110416666667,1,42.22,42.22,10,30,3,"United Kingdom",2010-07-21 10:11:00,2010-07-21 10:11:00,"2","Not_High_Value"
"13914",12.09375,2,626.45,313.225,380,2.32965729231267,28,"United Kingdom",2011-11-03 16:28:00,2011-11-28 10:35:00,"1","High_Value"
"13915",394.897916666667,1,70.8,70.8,24,30,2,"United Kingdom",2010-11-10 15:17:00,2010-11-10 15:17:00,"2","Not_High_Value"
"13916",464.115277777778,4,1275.81,318.9525,673,0.56338395529444,72,"United Kingdom",2010-02-02 10:06:00,2010-09-02 10:04:00,"1","High_Value"
"13917",50.1208333333333,2,272.04,136.02,228,0.419927095990279,16,"United Kingdom",2011-06-01 12:46:00,2011-10-21 09:56:00,"2","Not_High_Value"
"13918",50.0173611111111,2,1212.84,606.42,1140,0.293020416468833,30,"United Kingdom",2011-03-31 18:05:00,2011-10-21 12:25:00,"1","High_Value"
"13919",59.9347222222222,4,1360.68,340.17,1133,0.248857244078839,65,"Denmark",2010-06-17 09:30:00,2011-10-11 14:24:00,"1","High_Value"
"13920",432.009027777778,4,1774.68,443.67,1772,0.910005318896829,81,"United Kingdom",2010-05-26 15:48:00,2010-10-04 12:37:00,"1","High_Value"
"13921",402.845833333333,4,730.7,182.675,210,0.374794221054846,36,"United Kingdom",2009-12-18 12:19:00,2010-11-02 16:32:00,"2","Not_High_Value"
"13922",352.091666666667,3,865.2,288.4,467,0.770318945328753,30,"United Kingdom",2010-08-29 14:36:00,2010-12-23 10:38:00,"2","Not_High_Value"
"13923",54.0118055555556,1,351.13,351.13,185,30,20,"United Kingdom",2011-10-17 12:33:00,2011-10-17 12:33:00,"2","Not_High_Value"
"13924",2.13263888888889,6,1838.85,306.475,1575,2.50793405062311,90,"United Kingdom",2011-09-28 15:07:00,2011-12-08 09:39:00,"1","High_Value"
"13925",93.0020833333333,4,678.25,169.5625,331,2.78898608734949,28,"United Kingdom",2011-07-28 12:09:00,2011-09-08 12:47:00,"2","Not_High_Value"
"13926",23.9819444444444,1,223.85,223.85,104,30,11,"United Kingdom",2011-11-16 13:16:00,2011-11-16 13:16:00,"2","Not_High_Value"
"13927",75.0347222222222,2,708.26,354.13,463,0.164914450628736,37,"United Kingdom",2010-09-28 16:12:00,2011-09-26 12:00:00,"1","High_Value"
"13928",11.0951388888889,4,464.57,116.1425,129,0.969511989856032,23,"United Kingdom",2011-07-29 15:59:00,2011-11-29 10:33:00,"2","Not_High_Value"
"13929",169.891666666667,11,3494.1,317.645454545455,1566,0.626978273461218,38,"United Kingdom",2010-01-14 07:25:00,2011-06-23 15:26:00,"1","High_Value"
"13930",58.1284722222222,2,337.34,168.67,274,0.750488599348534,15,"United Kingdom",2011-07-26 11:00:00,2011-10-13 09:45:00,"2","Not_High_Value"
"13931",96.1097222222222,11,5257.38,477.943636363636,3488,0.514026475824963,205,"United Kingdom",2009-12-03 10:26:00,2011-09-05 10:12:00,"1","High_Value"
"13932",295.033333333333,1,307.4,307.4,72,30,16,"United Kingdom",2011-02-18 12:02:00,2011-02-18 12:02:00,"2","Not_High_Value"
"13933",109.949305555556,2,608.79,304.395,205,1.49927118761713,23,"United Kingdom",2011-07-14 13:35:00,2011-08-22 14:03:00,"2","Not_High_Value"
"13934",264.174305555556,1,922.1,922.1,390,30,31,"United Kingdom",2011-03-21 08:39:00,2011-03-21 08:39:00,"2","Not_High_Value"
"13935",597.061805555556,3,6116.92,2038.97333333333,2252,1.58435207823961,67,"United Kingdom",2010-02-25 16:01:00,2010-04-22 11:21:00,"1","High_Value"
"13936",180.16875,3,939.66,313.22,661,0.381731103426744,56,"United Kingdom",2010-10-21 14:21:00,2011-06-13 08:47:00,"1","High_Value"
"13937",169.84375,2,880.13,440.065,587,0.256229277753723,54,"United Kingdom",2010-11-02 12:37:00,2011-06-23 16:35:00,"1","High_Value"
"13938",35.9256944444444,1,71.66,71.66,70,30,7,"United Kingdom",2011-11-04 14:37:00,2011-11-04 14:37:00,"2","Not_High_Value"
"13939",23.9701388888889,7,1560.96,222.994285714286,1608,0.355911257576649,91,"United Kingdom",2010-04-06 12:43:00,2011-11-16 13:33:00,"1","High_Value"
"13940",17.8993055555556,4,839.14,209.785,516,0.937754382156618,39,"United Kingdom",2011-07-18 16:05:00,2011-11-22 15:15:00,"1","High_Value"
"13941",22.1298611111111,15,10027.18,668.478666666667,4782,0.640358600816457,42,"United Kingdom",2009-12-16 16:10:00,2011-11-18 09:43:00,"1","High_Value"
"13942",535.010416666667,1,320,320,1000,30,1,"United Kingdom",2010-06-23 12:35:00,2010-06-23 12:35:00,"2","Not_High_Value"
"13943",578.055555555556,1,246.54,246.54,94,30,15,"United Kingdom",2010-05-11 11:30:00,2010-05-11 11:30:00,"2","Not_High_Value"
"13944",653.908333333333,1,200.43,200.43,153,30,35,"United Kingdom",2010-02-24 15:02:00,2010-02-24 15:02:00,"2","Not_High_Value"
"13945",395.118055555556,2,854.15,427.075,413,0.697668784974282,49,"United Kingdom",2010-08-17 09:59:00,2010-11-10 10:00:00,"1","High_Value"
"13946",79.9701388888889,6,1876.23,312.705,2847,0.273930329540723,49,"United Kingdom",2009-12-04 11:07:00,2011-09-21 13:33:00,"1","High_Value"
"13947",65.9222222222222,1,90.6,90.6,44,30,5,"United Kingdom",2011-10-05 14:42:00,2011-10-05 14:42:00,"2","Not_High_Value"
"13948",361.105555555556,4,548.76,137.19,248,0.319217326407106,23,"United Kingdom",2009-12-04 12:14:00,2010-12-14 10:18:00,"2","Not_High_Value"
"13949",3.13541666666667,6,2427.32,404.553333333333,2474,1.93750934369861,124,"United Kingdom",2011-09-06 11:55:00,2011-12-07 09:35:00,"1","High_Value"
"13950",11.9208333333333,4,745.06,186.265,323,0.508182981163704,33,"United Kingdom",2011-04-07 11:29:00,2011-11-28 14:44:00,"1","High_Value"
"13951",176.838194444444,3,674.45,224.816666666667,459,0.755940784638537,38,"United Kingdom",2011-02-18 15:21:00,2011-06-16 16:43:00,"1","High_Value"
"13952",218.159722222222,14,12823.521,915.965785714286,5947,0.828448891086641,238,"United Kingdom",2009-12-16 09:41:00,2011-05-06 09:00:00,"1","High_Value"
"13953",7.86527777777778,12,6640.68,553.39,5224,0.498525771589801,8,"United Kingdom",2009-12-11 12:58:00,2011-12-02 16:04:00,"1","High_Value"
"13954",2,2,439.92,219.96,150,0.856140629025545,24,"United Kingdom",2011-09-30 10:52:00,2011-12-08 12:50:00,"1","High_Value"
"13955",154.813194444444,3,544.07,181.356666666667,272,0.405425696981831,82,"United Kingdom",2010-11-29 17:35:00,2011-07-08 17:19:00,"1","High_Value"
"13956",5.97916666666667,5,1019.27,203.854,486,0.561755381538534,123,"United Kingdom",2011-03-13 12:51:00,2011-12-04 13:20:00,"1","High_Value"
"13957",418.116666666667,3,458.25,152.75,157,0.371932845458459,21,"United Kingdom",2010-02-19 10:32:00,2010-10-18 10:02:00,"2","Not_High_Value"
"13958",380.110416666667,8,4709.23,588.65375,2264,0.674395415047838,172,"United Kingdom",2009-12-05 13:12:00,2010-11-25 10:11:00,"1","High_Value"
"13959",79.9055555555556,6,1064.77,177.461666666667,694,0.415707721546394,120,"United Kingdom",2010-07-16 15:11:00,2011-09-21 15:06:00,"1","High_Value"
"13960",21.8909722222222,2,230.22,115.11,142,1.17378545810238,11,"United Kingdom",2011-09-29 12:39:00,2011-11-18 15:27:00,"2","Not_High_Value"
"13961",392.923611111111,1,538.4,538.4,226,30,19,"United Kingdom",2010-11-12 14:40:00,2010-11-12 14:40:00,"2","Not_High_Value"
"13962",22.16875,3,362.8,120.933333333333,160,0.216906669880099,23,"United Kingdom",2010-09-30 10:35:00,2011-11-18 08:47:00,"2","Not_High_Value"
"13963",308.921527777778,17,2860.57,168.268823529412,2007,1.75902927643634,129,"United Kingdom",2010-04-21 16:20:00,2011-02-04 14:43:00,"1","High_Value"
"13964",387.95625,2,438.9,219.45,228,1.36202411917711,22,"United Kingdom",2010-10-05 12:38:00,2010-11-17 13:53:00,"2","Not_High_Value"
"13965",477.090277777778,3,996.61,332.203333333333,425,0.395074975841287,23,"United Kingdom",2010-01-05 15:21:00,2010-08-20 10:40:00,"2","Not_High_Value"
"13966",435.9875,1,384.26,384.26,760,30,21,"United Kingdom",2010-09-30 13:08:00,2010-09-30 13:08:00,"2","Not_High_Value"
"13967",146.033333333333,2,166.3,83.15,66,0.238149052640864,4,"United Kingdom",2010-11-08 13:24:00,2011-07-17 12:02:00,"2","Not_High_Value"
"13968",423.977777777778,1,123.66,123.66,174,30,8,"United Kingdom",2010-10-12 13:22:00,2010-10-12 13:22:00,"2","Not_High_Value"
"13969",7.90208333333333,35,12973.46,370.670285714286,6640,1.69880768867776,472,"United Kingdom",2010-03-25 13:15:00,2011-12-02 15:11:00,"1","High_Value"
"13970",386.978472222222,2,846.55,423.275,469,1.15249172980472,10,"United Kingdom",2010-09-28 11:53:00,2010-11-18 13:21:00,"2","Not_High_Value"
"13971",19.0305555555556,14,4667.57,333.397857142857,3084,0.631489921533618,184,"United Kingdom",2010-01-26 09:51:00,2011-11-21 12:06:00,"1","High_Value"
"13972",71.0388888888889,2,190.25,95.125,187,0.454497632824829,15,"United Kingdom",2011-05-22 11:34:00,2011-09-30 11:54:00,"2","Not_High_Value"
"13973",287.895138888889,1,264.7,264.7,109,30,11,"United Kingdom",2011-02-25 15:21:00,2011-02-25 15:21:00,"2","Not_High_Value"
"13974",49.9229166666667,2,677.72,338.86,356,0.112387904772063,43,"United Kingdom",2010-05-06 17:55:00,2011-10-21 14:41:00,"1","High_Value"
"13975",31.9798611111111,12,5256.4,438.033333333333,3884,0.558135929354462,434,"United Kingdom",2010-02-02 13:13:00,2011-11-08 13:19:00,"1","High_Value"
"13976",207.150694444444,4,1192.36,298.09,452,0.259270651252466,49,"United Kingdom",2010-02-09 13:08:00,2011-05-17 09:13:00,"1","High_Value"
"13977",411.945833333333,1,519.81,519.81,303,30,13,"United Kingdom",2010-10-24 14:08:00,2010-10-24 14:08:00,"2","Not_High_Value"
"13978",15.0513888888889,2,196.79,98.395,315,1.88350191838158,14,"United Kingdom",2011-10-25 15:04:00,2011-11-25 11:36:00,"2","Not_High_Value"
"13979",73.9708333333333,7,3379.93,482.847142857143,2270,0.316195614667963,356,"United Kingdom",2009-12-03 10:02:00,2011-09-27 13:32:00,"1","High_Value"
"13980",60.9694444444444,5,768.82,153.764,463,0.251269141822818,57,"United Kingdom",2010-02-21 14:18:00,2011-10-10 13:34:00,"1","High_Value"
"13981",416.115972222222,1,331.14,331.14,234,30,22,"United Kingdom",2010-10-20 10:03:00,2010-10-20 10:03:00,"2","Not_High_Value"
"13982",39.8513888888889,9,3954.29,439.365555555556,2478,0.415322494498686,123,"United Kingdom",2010-01-20 14:04:00,2011-10-31 16:24:00,"1","High_Value"
"13983",30.0722222222222,21,6753.89,321.61380952381,3925,0.897584180672456,238,"United Kingdom",2009-12-09 13:53:00,2011-11-10 11:06:00,"1","High_Value"
"13984",27.0083333333333,12,1893.8,157.816666666667,1301,0.509170270506528,53,"United Kingdom",2009-12-07 11:51:00,2011-11-13 12:38:00,"1","High_Value"
"13985",4.82222222222222,22,10020.86,455.493636363636,4936,0.992284321197757,149,"United Kingdom",2010-02-09 13:56:00,2011-12-05 17:06:00,"1","High_Value"
"13986",17.9097222222222,1,320.46,320.46,430,30,12,"United Kingdom",2011-11-22 15:00:00,2011-11-22 15:00:00,"2","Not_High_Value"
"13987",380.104166666667,2,682.54,341.27,492,2.7250362707374,46,"United Kingdom",2010-11-04 09:54:00,2010-11-25 10:20:00,"2","Not_High_Value"
"13988",20.1076388888889,8,4757.8,594.725,3385,0.395409768543414,218,"United Kingdom",2010-03-24 11:05:00,2011-11-20 10:15:00,"1","High_Value"
"13989",66.1270833333333,5,2026.06,405.212,2207,0.300662292215909,61,"United Kingdom",2010-05-25 12:13:00,2011-10-05 09:47:00,"1","High_Value"
"13990",213.896527777778,1,311.3,311.3,190,30,16,"United Kingdom",2011-05-10 15:19:00,2011-05-10 15:19:00,"2","Not_High_Value"
"13991",12.8555555555556,6,852.88,142.146666666667,995,1.36220306916124,58,"United Kingdom",2011-07-19 12:58:00,2011-11-27 16:18:00,"1","High_Value"
"13992",30.89375,3,219.5,73.1666666666667,154,0.207406790972043,10,"United Kingdom",2010-09-02 17:04:00,2011-11-09 15:23:00,"2","Not_High_Value"
"13993",43.1555555555556,19,6775.71,356.616315789474,2135,0.820284041337998,110,"United Kingdom",2009-12-03 11:57:00,2011-10-28 09:06:00,"1","High_Value"
"13994",4.07291666666667,6,2274.14,379.023333333333,932,1.23548001163029,122,"United Kingdom",2011-07-14 18:28:00,2011-12-06 11:05:00,"1","High_Value"
"13995",15.9361111111111,14,3902.01,278.715,2359,0.594001644111694,146,"United Kingdom",2009-12-18 12:43:00,2011-11-24 14:22:00,"1","High_Value"
"13996",386.849305555556,2,895.76,447.88,613,4.26877470355731,29,"United Kingdom",2010-11-05 15:07:00,2010-11-18 16:27:00,"2","Not_High_Value"
"13997",519.780555555556,3,376.46,125.486666666667,143,2.8104872812439,36,"United Kingdom",2010-06-07 17:33:00,2010-07-08 18:06:00,"2","Not_High_Value"
"13998",447.104166666667,3,566.7,188.9,204,0.687671785293587,30,"United Kingdom",2010-05-12 13:18:00,2010-09-19 10:20:00,"2","Not_High_Value"
"13999",10.9652777777778,29,9502.26,327.664137931034,5043,1.19993333703683,174,"United Kingdom",2009-12-05 12:42:00,2011-11-29 13:40:00,"1","High_Value"
"14000",211.833333333333,5,2046.34,409.268,1838,0.284472540497827,28,"United Kingdom",2009-12-02 09:50:00,2011-05-12 16:50:00,"1","High_Value"
"14001",46.0965277777778,9,4228.85,469.872222222222,1779,0.601464677872968,60,"United Kingdom",2010-08-03 12:49:00,2011-10-25 10:31:00,"1","High_Value"
"14002",134.871527777778,2,529.73,264.865,877,2.60429225946467,47,"United Kingdom",2011-07-06 14:59:00,2011-07-28 15:55:00,"2","Not_High_Value"
"14003",733.164583333333,1,209.41,209.41,149,30,16,"United Kingdom",2009-12-07 08:53:00,2009-12-07 08:53:00,"2","Not_High_Value"
"14004",43.9236111111111,11,6258.45,568.95,3425,0.839248279382079,127,"United Kingdom",2010-09-30 09:39:00,2011-10-27 14:40:00,"1","High_Value"
"14005",10.00625,5,2874.72,574.944,2478,0.724326644489752,53,"United Kingdom",2011-05-08 10:33:00,2011-11-30 12:41:00,"1","High_Value"
"14006",116.132638888889,7,2196.67,313.81,2181,0.390337595551391,55,"United Kingdom",2010-02-25 09:45:00,2011-08-16 09:39:00,"1","High_Value"
"14007",513.155555555556,1,79.48,79.48,16,30,5,"United Kingdom",2010-07-15 09:06:00,2010-07-15 09:06:00,"2","Not_High_Value"
"14008",432.986805555556,1,509.04,509.04,326,30,32,"United Kingdom",2010-10-03 13:09:00,2010-10-03 13:09:00,"2","Not_High_Value"
"14009",198.877083333333,3,1099.91,366.636666666667,951,0.339427844083191,71,"United Kingdom",2010-09-03 12:08:00,2011-05-25 15:47:00,"1","High_Value"
"14010",565.993055555556,2,445.15,222.575,177,59.4222833562586,20,"United Kingdom",2010-05-23 12:46:00,2010-05-23 13:00:00,"2","Not_High_Value"
"14011",480.888194444444,2,457.82,228.91,644,0.468467882297445,32,"United Kingdom",2010-04-11 13:40:00,2010-08-16 15:31:00,"2","Not_High_Value"
"14012",278.016666666667,1,328.8,328.8,160,30,11,"United Kingdom",2011-03-07 12:26:00,2011-03-07 12:26:00,"2","Not_High_Value"
"14013",110.909027777778,5,1084.57,216.914,775,0.291710952260692,56,"United Kingdom",2010-03-26 10:02:00,2011-08-21 15:01:00,"1","High_Value"
"14014",77.9805555555556,3,1948.21,649.403333333333,2004,0.179936522393489,76,"United Kingdom",2010-05-12 09:04:00,2011-09-23 13:18:00,"1","High_Value"
"14015",53.1166666666667,1,917.34,917.34,378,30,20,"United Kingdom",2011-10-18 10:02:00,2011-10-18 10:02:00,"2","Not_High_Value"
"14016",162.05625,11,11403.41,1036.67363636364,5722,0.611239238677861,354,"EIRE",2010-01-08 14:12:00,2011-07-01 11:29:00,"1","High_Value"
"14017",571.915277777778,1,229.75,229.75,73,30,14,"United Kingdom",2010-05-17 14:52:00,2010-05-17 14:52:00,"2","Not_High_Value"
"14018",645.935416666667,1,367.15,367.15,224,30,13,"United Kingdom",2010-03-04 14:23:00,2010-03-04 14:23:00,"2","Not_High_Value"
"14019",47.1090277777778,3,1421.61,473.87,1037,0.97010344775963,37,"United Kingdom",2011-07-24 15:39:00,2011-10-24 10:13:00,"1","High_Value"
"14020",17.1444444444444,4,1249.01,312.2525,648,0.233578852462784,63,"United Kingdom",2010-06-28 15:29:00,2011-11-23 09:22:00,"1","High_Value"
"14021",155.877777777778,7,1716.58,245.225714285714,878,0.479251454870488,84,"United Kingdom",2010-04-26 11:22:00,2011-07-07 15:46:00,"1","High_Value"
"14022",225.924305555556,2,792.15,396.075,681,0.228825073295531,45,"United Kingdom",2010-08-10 09:38:00,2011-04-28 14:39:00,"1","High_Value"
"14023",7.95277777777778,2,584.07,292.035,345,0.245980048284972,30,"United Kingdom",2011-04-03 15:50:00,2011-12-02 13:58:00,"1","High_Value"
"14024",122.055555555556,3,645.74,215.246666666667,238,0.333299900472946,33,"United Kingdom",2010-11-14 10:51:00,2011-08-10 11:30:00,"2","Not_High_Value"
"14025",465.110416666667,8,4057.9,507.2375,1914,1.99982640395799,60,"United Kingdom",2010-05-05 09:56:00,2010-09-01 10:11:00,"1","High_Value"
"14026",471.096527777778,2,713.11,356.555,427,0.384990709425588,43,"United Kingdom",2010-03-24 14:10:00,2010-08-26 10:31:00,"2","Not_High_Value"
"14027",61.1590277777778,1,104.82,104.82,62,30,6,"United Kingdom",2011-10-10 09:01:00,2011-10-10 09:01:00,"2","Not_High_Value"
"14028",550.970138888889,3,10396.5,3465.5,7170,84.6505551926845,3,"United Kingdom",2010-06-07 12:02:00,2010-06-07 13:33:00,"1","High_Value"
"14029",63.9194444444444,2,467.66,233.83,198,0.732519987452204,15,"United Kingdom",2011-07-18 16:57:00,2011-10-07 14:46:00,"2","Not_High_Value"
"14030",18.8347222222222,20,7521.8,376.09,4215,0.842728685255467,591,"United Kingdom",2009-12-10 17:27:00,2011-11-21 16:48:00,"1","High_Value"
"14031",7.81736111111111,44,39019.51,886.807045454545,13783,1.80805061932963,280,"United Kingdom",2009-12-03 15:35:00,2011-12-02 17:13:00,"1","High_Value"
"14032",2.89375,16,4546.41,284.150625,3740,0.662855630388939,79,"United Kingdom",2009-12-14 12:02:00,2011-12-07 15:23:00,"1","High_Value"
"14033",555.902777777778,1,109.44,109.44,576,30,1,"United Kingdom",2010-06-02 15:10:00,2010-06-02 15:10:00,"2","Not_High_Value"
"14034",22.95,3,648.89,216.296666666667,420,0.661575529872994,82,"United Kingdom",2011-07-05 13:06:00,2011-11-17 14:02:00,"1","High_Value"
"14035",29.1159722222222,9,2794.75,310.527777777778,1405,0.461623947454657,70,"United Kingdom",2010-04-06 12:39:00,2011-11-11 10:03:00,"1","High_Value"
"14036",285.141666666667,1,626.65,626.65,268,30,38,"United Kingdom",2011-02-28 09:26:00,2011-02-28 09:26:00,"2","Not_High_Value"
"14037",176.953472222222,6,836.95,139.491666666667,590,0.32310419362318,96,"United Kingdom",2009-12-07 11:39:00,2011-06-16 13:57:00,"1","High_Value"
"14038",78.9673611111111,5,3069.88,613.976,1708,0.251595476406518,99,"United Kingdom",2010-02-04 08:56:00,2011-09-22 13:37:00,"1","High_Value"
"14039",33.9597222222222,2,267.28,133.64,192,0.110467145613342,10,"United Kingdom",2010-05-13 10:15:00,2011-11-06 13:48:00,"2","Not_High_Value"
"14040",41.0055555555556,35,12523.81,357.823142857143,4972,1.50210413793926,335,"United Kingdom",2009-12-01 12:14:00,2011-10-30 12:42:00,"1","High_Value"
"14041",266.975694444444,1,141.41,141.41,94,30,21,"United Kingdom",2011-03-18 13:25:00,2011-03-18 13:25:00,"2","Not_High_Value"
"14042",725.904861111111,1,431.98,431.98,180,30,21,"United Kingdom",2009-12-14 15:07:00,2009-12-14 15:07:00,"2","Not_High_Value"
"14043",491.772222222222,2,302.6,151.3,152,0.250942486537981,37,"United Kingdom",2009-12-10 15:56:00,2010-08-05 18:18:00,"2","Not_High_Value"
"14044",27.03125,10,3077.7,307.77,2100,0.455325890019826,533,"United Kingdom",2010-01-24 15:14:00,2011-11-13 12:05:00,"1","High_Value"
"14045",109.890972222222,16,10986.63,686.664375,4459,0.810507517011629,16,"United Kingdom",2010-01-08 10:08:00,2011-08-22 15:27:00,"1","High_Value"
"14046",284.918055555556,1,154.99,154.99,460,30,14,"United Kingdom",2011-02-28 14:48:00,2011-02-28 14:48:00,"2","Not_High_Value"
"14047",9.04652777777778,14,3968.11,283.436428571429,1541,0.627738832414075,91,"United Kingdom",2010-02-01 10:05:00,2011-12-01 11:43:00,"1","High_Value"
"14048",305.914583333333,3,748.69,249.563333333333,467,1.15338406087305,126,"United Kingdom",2010-11-22 14:08:00,2011-02-07 14:53:00,"1","High_Value"
"14049",17.0208333333333,13,13023.4,1001.8,8480,0.6479541447836,573,"United Kingdom",2010-04-01 14:52:00,2011-11-23 12:20:00,"1","High_Value"
"14050",32.1180555555556,2,746.36,373.18,689,0.791107367187357,49,"United Kingdom",2011-08-25 13:46:00,2011-11-08 10:00:00,"1","High_Value"
"14051",1.10416666666667,37,21770.98,588.404864864865,5709,1.50623782613243,82,"United Kingdom",2009-12-03 11:53:00,2011-12-09 10:20:00,"1","High_Value"
"14052",20.0138888888889,2,466.66,233.33,174,0.161274366148809,115,"United Kingdom",2010-11-14 11:37:00,2011-11-20 12:30:00,"1","High_Value"
"14053",124.932638888889,4,572.3,143.075,490,0.330448917148731,3,"United Kingdom",2010-08-10 11:02:00,2011-08-07 14:27:00,"2","Not_High_Value"
"14054",65.8756944444444,1,92.46,92.46,62,30,6,"United Kingdom",2011-10-05 15:49:00,2011-10-05 15:49:00,"2","Not_High_Value"
"14055",106.906944444444,3,1520.96,506.986666666667,720,0.145632213486037,33,"United Kingdom",2009-12-16 15:11:00,2011-08-25 15:04:00,"1","High_Value"
"14056",1.96805555555556,23,8152.71,354.465652173913,4252,2.43018952836811,320,"United Kingdom",2011-02-28 15:19:00,2011-12-08 13:36:00,"1","High_Value"
"14057",24.0958333333333,22,8346.66,379.393636363636,6438,0.924518115360483,244,"United Kingdom",2009-12-03 13:17:00,2011-11-16 10:32:00,"1","High_Value"
"14058",463.138194444444,2,469.19,234.595,211,0.870599141492513,23,"United Kingdom",2010-06-27 11:29:00,2010-09-03 09:31:00,"2","Not_High_Value"
"14059",267.113888888889,1,183.6,183.6,128,30,8,"United Kingdom",2011-03-18 10:06:00,2011-03-18 10:06:00,"2","Not_High_Value"
"14060",5.01458333333333,30,8898.24,296.608,7419,1.4170717786219,100,"United Kingdom",2010-03-11 09:47:00,2011-12-05 12:29:00,"1","High_Value"
"14061",507.811111111111,3,917.43,305.81,133,0.387978649199644,17,"United Kingdom",2009-12-01 18:03:00,2010-07-20 17:22:00,"2","Not_High_Value"
"14062",10.1152777777778,24,25585.65,1066.06875,12794,0.998867025827187,141,"United Kingdom",2009-12-10 14:28:00,2011-11-30 10:04:00,"1","High_Value"
"14063",438.855555555556,9,22710.2,2523.35555555556,3850,0.918037741551597,30,"United Kingdom",2009-12-08 13:46:00,2010-09-27 16:18:00,"1","High_Value"
"14064",29.9833333333333,15,3260.24,217.349333333333,3911,0.682858563973731,131,"United Kingdom",2010-01-21 13:22:00,2011-11-10 13:14:00,"1","High_Value"
"14065",389.859027777778,3,891.02,297.006666666667,582,2.08460672350008,42,"United Kingdom",2010-10-04 12:03:00,2010-11-15 16:13:00,"2","Not_High_Value"
"14066",267.020138888889,1,152.55,152.55,45,30,7,"United Kingdom",2011-03-18 12:21:00,2011-03-18 12:21:00,"2","Not_High_Value"
"14067",64.1034722222222,2,374.7,187.35,361,1.76828145146436,51,"United Kingdom",2011-09-04 12:00:00,2011-10-07 10:21:00,"2","Not_High_Value"
"14068",320.866666666667,4,1516.72,379.18,510,0.33496681347311,93,"United Kingdom",2010-01-31 10:10:00,2011-01-23 16:02:00,"1","High_Value"
"14069",515.026388888889,2,225.81,112.905,58,1.25032560562647,37,"United Kingdom",2010-05-27 12:30:00,2010-07-13 12:12:00,"2","Not_High_Value"
"14070",685.015972222222,1,321.6,321.6,85,30,40,"United Kingdom",2010-01-24 12:27:00,2010-01-24 12:27:00,"2","Not_High_Value"
"14071",4.01597222222222,8,1437.57,179.69625,994,0.915899441873777,271,"United Kingdom",2011-03-20 11:33:00,2011-12-06 12:27:00,"1","High_Value"
"14072",667.013194444444,1,390.85,390.85,65,30,19,"United Kingdom",2010-02-11 12:31:00,2010-02-11 12:31:00,"2","Not_High_Value"
"14073",32.8756944444444,1,151.04,151.04,130,30,13,"United Kingdom",2011-11-07 15:49:00,2011-11-07 15:49:00,"2","Not_High_Value"
"14074",623.954861111111,1,219.4,219.4,228,30,6,"United Kingdom",2010-03-26 13:55:00,2010-03-26 13:55:00,"2","Not_High_Value"
"14075",5.175,6,1734.87,289.145,1494,0.334731923894978,59,"United Kingdom",2010-06-16 14:47:00,2011-12-05 08:38:00,"1","High_Value"
"14076",129.896527777778,1,118.67,118.67,79,30,43,"United Kingdom",2011-08-02 15:19:00,2011-08-02 15:19:00,"2","Not_High_Value"
"14077",41.0104166666667,6,615.08,102.513333333333,376,0.505821237466679,43,"United Kingdom",2010-11-09 16:01:00,2011-10-30 12:35:00,"1","High_Value"
"14078",102.023611111111,9,1553.47,172.607777777778,586,0.518350929445346,107,"United Kingdom",2010-03-28 15:05:00,2011-08-30 12:16:00,"1","High_Value"
"14079",125.027777777778,2,618.73,309.365,302,0.107375744266769,13,"United Kingdom",2010-01-26 17:19:00,2011-08-07 12:10:00,"2","Not_High_Value"
"14080",33.0701388888889,5,1115.68,223.136,268,0.212513085296456,74,"United Kingdom",2009-12-02 15:01:00,2011-11-07 11:09:00,"1","High_Value"
"14081",302.85625,10,4867.57,486.757,3381,0.701082458332657,465,"United Kingdom",2009-12-10 18:27:00,2011-02-10 16:17:00,"1","High_Value"
"14082",365.075,2,413.36,206.68,246,2.07119741100324,48,"United Kingdom",2010-11-12 11:47:00,2010-12-10 11:02:00,"2","Not_High_Value"
"14083",4.98333333333333,11,1082.19,98.3809090909091,760,0.45956557900234,169,"United Kingdom",2009-12-18 11:34:00,2011-12-05 13:14:00,"1","High_Value"
"14084",512.926388888889,1,150.5,150.5,306,30,7,"United Kingdom",2010-07-15 14:36:00,2010-07-15 14:36:00,"2","Not_High_Value"
"14085",2.96111111111111,33,9720.67,294.565757575758,6434,1.35615793303875,479,"United Kingdom",2009-12-08 13:41:00,2011-12-07 13:46:00,"1","High_Value"
"14086",463.081944444444,1,39.95,39.95,1,30,1,"United Kingdom",2010-09-03 10:52:00,2010-09-03 10:52:00,"2","Not_High_Value"
"14087",3.00625,3,829.47,276.49,718,0.122635064165769,175,"United Kingdom",2009-12-04 15:27:00,2011-12-07 12:41:00,"1","High_Value"
"14088",10.8569444444444,16,64036.8,4002.3,15276,1.16546107542111,436,"United Kingdom",2010-10-14 19:46:00,2011-11-29 16:16:00,"1","High_Value"
"14089",57.0916666666667,1,158.75,158.75,133,30,13,"United Kingdom",2011-10-14 10:38:00,2011-10-14 10:38:00,"2","Not_High_Value"
"14090",325.082638888889,1,76.32,76.32,72,30,1,"United Kingdom",2011-01-19 10:51:00,2011-01-19 10:51:00,"2","Not_High_Value"
"14091",654.897916666667,2,9530.08,4765.04,3316,1.33136094674556,13,"United Kingdom",2010-01-10 13:41:00,2010-02-23 15:17:00,"1","High_Value"
"14092",8.02569444444444,24,7229.45,301.227083333333,3606,1.00442828093379,169,"United Kingdom",2009-12-16 16:24:00,2011-12-02 12:13:00,"1","High_Value"
"14093",12.8493055555556,1,433.86,433.86,391,30,95,"United Kingdom",2011-11-27 16:27:00,2011-11-27 16:27:00,"2","Not_High_Value"
"14094",440.036111111111,1,311.77,311.77,158,30,41,"United Kingdom",2010-09-26 11:58:00,2010-09-26 11:58:00,"2","Not_High_Value"
"14095",723.000694444444,1,2.95,2.95,1,30,1,"United Kingdom",2009-12-17 12:49:00,2009-12-17 12:49:00,"2","Not_High_Value"
"14096",4.81458333333333,17,65164.79,3833.22294117647,16352,5.18981259010091,1119,"United Kingdom",2011-08-30 10:49:00,2011-12-05 17:17:00,"1","High_Value"
"14097",481.9375,2,422.86,211.43,352,0.363309140757062,39,"United Kingdom",2010-03-04 10:46:00,2010-08-15 14:20:00,"2","Not_High_Value"
"14098",37.1090277777778,1,147.35,147.35,104,30,21,"United Kingdom",2011-11-03 10:13:00,2011-11-03 10:13:00,"2","Not_High_Value"
"14099",16.95625,20,5750.91,287.5455,3666,0.840239701714906,273,"United Kingdom",2009-12-10 11:55:00,2011-11-23 13:53:00,"1","High_Value"
"14100",138.075694444444,1,191.95,191.95,63,30,24,"United Kingdom",2011-07-25 11:01:00,2011-07-25 11:01:00,"2","Not_High_Value"
"14101",74.0152777777778,13,9961.93,766.302307692308,10542,0.710443622452852,19,"United Kingdom",2010-03-28 13:36:00,2011-09-27 12:28:00,"1","High_Value"
"14102",5.88333333333333,5,1105.88,221.176,769,3.73883542200374,35,"United Kingdom",2011-10-26 12:46:00,2011-12-04 15:38:00,"1","High_Value"
"14104",155,5,743.53,148.706,496,0.36867680869258,117,"United Kingdom",2010-05-28 16:11:00,2011-07-08 12:50:00,"1","High_Value"
"14105",239.786111111111,5,5988.83,1197.766,3534,0.310531771281849,200,"United Kingdom",2009-12-18 16:57:00,2011-04-14 17:58:00,"1","High_Value"
"14106",737.945138888889,1,214.8,214.8,24,30,1,"United Kingdom",2009-12-02 14:09:00,2009-12-02 14:09:00,"2","Not_High_Value"
"14107",52.0263888888889,11,4877.3,443.390909090909,3489,0.485357563080141,102,"United Kingdom",2009-12-09 14:20:00,2011-10-19 12:12:00,"1","High_Value"
"14108",31.0895833333333,4,1044.96,261.24,660,0.169326437461906,49,"United Kingdom",2009-12-01 18:07:00,2011-11-09 10:41:00,"1","High_Value"
"14109",73.1055555555556,1,144.2,144.2,88,30,9,"United Kingdom",2011-09-28 10:18:00,2011-09-28 10:18:00,"2","Not_High_Value"
"14110",4.01666666666667,33,12987.95,393.574242424242,5825,1.34491073551221,177,"United Kingdom",2009-12-01 09:50:00,2011-12-06 12:26:00,"1","High_Value"
"14111",14.9625,4,692.85,173.2125,458,0.526110678098207,10,"United Kingdom",2011-04-12 11:36:00,2011-11-25 13:44:00,"1","High_Value"
"14112",23.0138888888889,13,5834.59,448.814615384615,3539,0.616185399829276,199,"United Kingdom",2010-02-23 14:16:00,2011-11-17 12:30:00,"1","High_Value"
"14113",4.02222222222222,16,7092.61,443.288125,3439,0.658263145263591,76,"United Kingdom",2009-12-08 07:42:00,2011-12-06 12:18:00,"1","High_Value"
"14114",274.130555555556,7,1364.09,194.87,650,0.628853652196517,72,"United Kingdom",2010-04-12 11:07:00,2011-03-11 09:42:00,"1","High_Value"
"14115",502.009722222222,2,622.67,311.335,509,0.361367172469175,22,"United Kingdom",2010-02-11 11:44:00,2010-07-26 12:36:00,"2","Not_High_Value"
"14116",20.0979166666667,5,1382.74,276.548,707,1.45763741269359,61,"United Kingdom",2011-08-10 12:44:00,2011-11-20 10:29:00,"1","High_Value"
"14117",144.125694444444,1,90,90,72,30,3,"United Kingdom",2011-07-19 09:49:00,2011-07-19 09:49:00,"2","Not_High_Value"
"14118",429.035416666667,1,458.45,458.45,97,30,15,"United Kingdom",2010-10-07 11:59:00,2010-10-07 11:59:00,"2","Not_High_Value"
"14119",376.095138888889,2,183.37,91.685,177,0.174509847485665,11,"United Kingdom",2009-12-21 14:52:00,2010-11-29 10:33:00,"2","Not_High_Value"
"14121",4.02152777777778,4,2780.15,695.0375,2082,2.10270138719883,148,"United Kingdom",2011-10-11 10:39:00,2011-12-06 12:19:00,"1","High_Value"
"14122",406.902083333333,3,362.42,120.806666666667,114,0.271056555866722,12,"United Kingdom",2009-12-02 14:22:00,2010-10-29 15:11:00,"2","Not_High_Value"
"14123",733.885416666667,1,436.18,436.18,234,30,24,"United Kingdom",2009-12-06 15:35:00,2009-12-06 15:35:00,"2","Not_High_Value"
"14124",84.9708333333333,1,419.58,419.58,1618,30,4,"United Kingdom",2011-09-16 13:32:00,2011-09-16 13:32:00,"2","Not_High_Value"
"14125",11.0020833333333,3,2720.63,906.876666666667,1628,1.30662284371944,159,"United Kingdom",2011-09-22 15:40:00,2011-11-29 12:47:00,"1","High_Value"
"14126",8.04513888888889,4,1172.46,293.115,887,0.274053421385683,37,"United Kingdom",2010-09-21 14:51:00,2011-12-02 11:45:00,"1","High_Value"
"14127",123.084027777778,6,1900.08,316.68,828,0.592191840912414,96,"United Kingdom",2010-10-10 11:53:00,2011-08-09 10:49:00,"1","High_Value"
"14128",61.0347222222222,3,924.21,308.07,814,0.182959109486063,50,"United Kingdom",2010-06-06 14:05:00,2011-10-10 12:00:00,"1","High_Value"
"14129",2.075,9,2591.34,287.926666666667,1414,0.466451037037748,40,"United Kingdom",2010-05-09 14:54:00,2011-12-08 11:02:00,"1","High_Value"
"14130",319.864583333333,4,1858.77,464.6925,1215,0.292696808114206,189,"United Kingdom",2009-12-11 16:33:00,2011-01-24 16:05:00,"1","High_Value"
"14131",649.035416666667,1,168.22,168.22,105,30,45,"United Kingdom",2010-03-01 11:59:00,2010-03-01 11:59:00,"2","Not_High_Value"
"14132",2.96875,11,3586.03,326.002727272727,3368,1.81255745296009,100,"United Kingdom",2011-06-09 12:04:00,2011-12-07 13:35:00,"1","High_Value"
"14133",130.052777777778,4,911.14,227.785,398,0.198355303938179,33,"United Kingdom",2009-12-06 12:10:00,2011-08-02 11:34:00,"1","High_Value"
"14134",383.016666666667,15,11123.35,741.556666666667,5814,1.29263655967173,130,"United Kingdom",2009-12-10 09:25:00,2010-11-22 12:26:00,"1","High_Value"
"14135",2.05,24,8839.67,368.319583333333,8534,0.976786252637926,138,"United Kingdom",2009-12-02 08:58:00,2011-12-08 11:38:00,"1","High_Value"
"14136",401.039583333333,5,1570.81,314.162,1148,0.451661738814053,86,"United Kingdom",2009-12-08 09:19:00,2010-11-04 11:53:00,"1","High_Value"
"14137",696.013888888889,1,332.7,332.7,462,30,11,"United Kingdom",2010-01-13 12:30:00,2010-01-13 12:30:00,"2","Not_High_Value"
"14138",2.00416666666667,2,965.88,482.94,600,0.9504323146987,40,"United Kingdom",2011-10-07 09:38:00,2011-12-08 12:44:00,"1","High_Value"
"14139",46.9694444444444,4,1086.8,271.7,1049,0.24136201928382,48,"United Kingdom",2010-06-15 09:17:00,2011-10-24 13:34:00,"1","High_Value"
"14140",4.15625,2,935.05,467.525,811,2.07567567567568,60,"United Kingdom",2011-11-08 11:20:00,2011-12-06 09:05:00,"1","High_Value"
"14141",3.12291666666667,4,915.13,228.7825,355,1.15606162985957,27,"United Kingdom",2011-08-26 14:40:00,2011-12-07 09:53:00,"1","High_Value"
"14142",373.845138888889,2,671.34,335.67,518,0.21893371173728,42,"United Kingdom",2010-03-03 15:13:00,2010-12-01 16:33:00,"1","High_Value"
"14143",134.126388888889,1,115.8,115.8,30,30,7,"United Kingdom",2011-07-29 09:48:00,2011-07-29 09:48:00,"2","Not_High_Value"
"14144",486.897916666667,1,30.6,30.6,12,30,1,"United Kingdom",2010-08-10 15:17:00,2010-08-10 15:17:00,"2","Not_High_Value"
"14145",47.0277777777778,7,7600.05,1085.72142857143,1655,0.37161609992344,11,"United Kingdom",2010-04-08 09:47:00,2011-10-24 12:10:00,"1","High_Value"
"14146",9.10555555555556,12,9450.3,787.525,5780,0.523438620157637,337,"United Kingdom",2010-01-13 16:04:00,2011-12-01 10:18:00,"1","High_Value"
"14147",78.7777777777778,9,2590.2,287.8,995,0.479415822941675,24,"United Kingdom",2010-03-09 13:43:00,2011-09-22 18:10:00,"1","High_Value"
"14148",234.033333333333,2,466.29,233.145,223,0.329828901257473,15,"United Kingdom",2010-10-21 14:08:00,2011-04-20 12:02:00,"2","Not_High_Value"
"14149",221.129166666667,1,446.62,446.62,218,30,28,"United Kingdom",2011-05-03 09:44:00,2011-05-03 09:44:00,"2","Not_High_Value"
"14150",36.1145833333333,2,658.64,329.32,496,0.18461499013891,23,"United Kingdom",2010-12-15 10:04:00,2011-11-04 10:05:00,"1","High_Value"
"14151",673.885416666667,2,679.45,339.725,405,1.35761537373706,44,"United Kingdom",2009-12-23 10:54:00,2010-02-04 15:35:00,"2","Not_High_Value"
"14152",75.9972222222222,7,1997.34,285.334285714286,1844,0.359001207355251,104,"United Kingdom",2010-02-18 13:57:00,2011-09-25 12:54:00,"1","High_Value"
"14153",483.927083333333,1,233.4,233.4,312,30,17,"United Kingdom",2010-08-13 14:35:00,2010-08-13 14:35:00,"2","Not_High_Value"
"14154",239.85,8,6460.7,807.5875,3222,0.524989404510716,236,"United Kingdom",2010-01-13 12:47:00,2011-04-14 16:26:00,"1","High_Value"
"14155",266.942361111111,1,118.75,118.75,25,30,6,"United Kingdom",2011-03-18 14:13:00,2011-03-18 14:13:00,"2","Not_High_Value"
"14156",10.0805555555556,156,313437.62,2009.21551282051,164325,6.41154443328158,1446,"EIRE",2009-12-01 12:30:00,2011-11-30 10:54:00,"1","High_Value"
"14157",20.0541666666667,5,978.69,195.738,521,0.23893726016396,75,"United Kingdom",2010-03-03 16:49:00,2011-11-20 11:32:00,"1","High_Value"
"14158",40.9041666666667,1,507.66,507.66,781,30,41,"United Kingdom",2011-10-30 15:08:00,2011-10-30 15:08:00,"2","Not_High_Value"
"14159",20.0097222222222,20,7860.8,393.04,6520,0.835650554924197,706,"United Kingdom",2009-12-03 12:31:00,2011-11-20 12:36:00,"1","High_Value"
"14160",610.930555555556,7,8421.47,1203.06714285714,4661,2.35690235690236,80,"United Kingdom",2010-01-10 12:06:00,2010-04-08 14:30:00,"1","High_Value"
"14161",216.047916666667,7,2996.93,428.132857142857,1480,0.410159031568953,202,"United Kingdom",2009-12-13 11:46:00,2011-05-08 11:41:00,"1","High_Value"
"14162",174.051388888889,2,289.36,144.68,142,0.500162089566063,25,"United Kingdom",2011-02-20 12:32:00,2011-06-19 11:36:00,"2","Not_High_Value"
"14163",87.8972222222222,5,2594.62,518.924,950,0.399022395131927,42,"United Kingdom",2010-09-03 17:15:00,2011-09-13 15:18:00,"1","High_Value"
"14164",71.0180555555555,2,1631.77,815.885,1033,5.45248012116623,28,"United Kingdom",2011-09-20 12:18:00,2011-09-30 12:24:00,"1","High_Value"
"14165",276.007638888889,1,120.44,120.44,53,30,23,"United Kingdom",2011-03-09 12:39:00,2011-03-09 12:39:00,"2","Not_High_Value"
"14166",505.713888888889,2,251.15,125.575,82,0.491043011730472,39,"United Kingdom",2010-03-23 15:10:00,2010-07-22 19:42:00,"2","Not_High_Value"
"14167",39.93125,8,1274.29,159.28625,340,0.373289898058158,48,"United Kingdom",2010-01-27 16:07:00,2011-10-31 14:29:00,"1","High_Value"
"14168",421.084027777778,2,370.45,185.225,147,0.413989391521842,11,"United Kingdom",2010-05-24 12:28:00,2010-10-15 10:49:00,"2","Not_High_Value"
"14169",431.170138888889,2,621.51,310.755,205,4.05519571951563,50,"United Kingdom",2010-09-21 13:39:00,2010-10-05 08:45:00,"2","Not_High_Value"
"14170",375.986111111111,3,570.18,190.06,270,4.29366551815531,123,"United Kingdom",2010-11-09 14:06:00,2010-11-29 13:10:00,"2","Not_High_Value"
"14171",98.8381944444444,2,498.79,249.395,211,0.0947687434256926,61,"United Kingdom",2009-12-09 13:50:00,2011-09-02 16:43:00,"2","Not_High_Value"
"14172",605.975,3,369.02,123.006666666667,78,2.36203251439819,38,"United Kingdom",2010-03-07 10:58:00,2010-04-13 13:26:00,"2","Not_High_Value"
"14173",11.0388888888889,6,586,97.6666666666667,194,0.249665763811564,30,"United Kingdom",2009-12-09 12:46:00,2011-11-29 11:54:00,"1","High_Value"
"14174",33.98125,1,134.46,134.46,94,30,26,"United Kingdom",2011-11-06 13:17:00,2011-11-06 13:17:00,"2","Not_High_Value"
"14175",60.0381944444444,8,7678.88,959.86,3009,0.421755557508128,237,"United Kingdom",2010-03-22 10:43:00,2011-10-11 11:55:00,"1","High_Value"
"14176",297.984722222222,5,756.46,151.292,265,1.76483564968012,33,"United Kingdom",2010-11-23 13:21:00,2011-02-15 13:12:00,"2","Not_High_Value"
"14177",86.9020833333333,13,2209.69,169.976153846154,1043,0.688883655204899,141,"United Kingdom",2010-02-26 11:59:00,2011-09-14 15:11:00,"1","High_Value"
"14178",9.03402777777778,7,1600.26,228.608571428571,1494,1.20023814248859,191,"United Kingdom",2011-06-10 12:51:00,2011-12-01 12:01:00,"1","High_Value"
"14179",41.0298611111111,2,701.57,350.785,319,4.64341376901166,135,"United Kingdom",2011-10-18 14:00:00,2011-10-30 12:07:00,"1","High_Value"
"14180",11.0791666666667,33,6117.5,185.378787878788,847,1.83730281472317,125,"United Kingdom",2010-06-09 14:56:00,2011-11-29 10:56:00,"1","High_Value"
"14181",411.182638888889,2,308.35,154.175,120,0.392593434056572,48,"United Kingdom",2010-05-26 12:32:00,2010-10-25 08:27:00,"2","Not_High_Value"
"14182",444.045138888889,4,678.77,169.6925,174,0.780033313922782,42,"United Kingdom",2010-04-22 15:36:00,2010-09-22 11:45:00,"2","Not_High_Value"
"14183",411.920138888889,2,278.34,139.17,60,0.845492176261633,27,"United Kingdom",2010-08-15 15:36:00,2010-10-24 14:45:00,"2","Not_High_Value"
"14184",67.0048611111111,1,452.89,452.89,127,30,24,"United Kingdom",2011-10-04 12:43:00,2011-10-04 12:43:00,"2","Not_High_Value"
"14185",331.956944444444,1,197.65,197.65,6,30,3,"United Kingdom",2011-01-12 13:52:00,2011-01-12 13:52:00,"2","Not_High_Value"
"14186",427.972222222222,5,1550.63,310.126,1550,0.687781998579858,75,"United Kingdom",2010-03-05 11:17:00,2010-10-08 13:30:00,"1","High_Value"
"14187",474.030555555556,1,123.5,123.5,50,30,8,"United Kingdom",2010-08-23 12:06:00,2010-08-23 12:06:00,"2","Not_High_Value"
"14188",31.0034722222222,6,2054.36,342.393333333333,1162,0.640665976237027,34,"United Kingdom",2011-02-02 13:46:00,2011-11-09 12:45:00,"1","High_Value"
"14189",2.87152777777778,16,5503.15,343.946875,4392,1.23944934880493,199,"United Kingdom",2010-11-16 09:28:00,2011-12-07 15:55:00,"1","High_Value"
"14190",666.932638888889,1,79.9,79.9,2,30,1,"United Kingdom",2010-02-11 14:27:00,2010-02-11 14:27:00,"2","Not_High_Value"
"14191",2.14375,15,4817.66,321.177333333333,3724,0.618181991633555,147,"United Kingdom",2009-12-11 10:48:00,2011-12-08 09:23:00,"1","High_Value"
"14192",388.795833333333,1,293.74,293.74,218,30,14,"United Kingdom",2010-11-16 17:44:00,2010-11-16 17:44:00,"2","Not_High_Value"
"14193",68.1361111111111,3,1210.19,403.396666666667,653,0.272828894600893,49,"United Kingdom",2010-11-08 12:31:00,2011-10-03 09:34:00,"1","High_Value"
"14194",5.09166666666667,36,18670.59,518.6275,10037,1.54521482182139,432,"United Kingdom",2010-01-06 12:16:00,2011-12-05 10:38:00,"1","High_Value"
"14195",202.097916666667,6,2615.6,435.933333333333,2144,0.415014162038053,10,"United Kingdom",2010-03-15 17:12:00,2011-05-22 10:29:00,"1","High_Value"
"14196",107.100694444444,1,335.52,335.52,142,30,6,"United Kingdom",2011-08-25 10:25:00,2011-08-25 10:25:00,"2","Not_High_Value"
"14197",411.117361111111,1,390.05,390.05,143,30,20,"United Kingdom",2010-10-25 10:01:00,2010-10-25 10:01:00,"2","Not_High_Value"
"14198",18.84375,9,1569.73,174.414444444444,623,0.393431475327556,58,"United Kingdom",2010-01-05 10:07:00,2011-11-21 16:35:00,"1","High_Value"
"14199",218.9625,4,1091.7,272.925,254,0.383309191656814,15,"United Kingdom",2010-06-27 12:13:00,2011-05-05 13:44:00,"2","Not_High_Value"
"14200",617.992361111111,1,379.2,379.2,140,30,21,"United Kingdom",2010-04-01 13:01:00,2010-04-01 13:01:00,"2","Not_High_Value"
"14201",60.9743055555556,10,1193.54,119.354,806,0.567087650484978,47,"United Kingdom",2010-04-30 13:00:00,2011-10-10 13:27:00,"1","High_Value"
"14202",381.817361111111,3,847.76,282.586666666667,166,0.368436164738726,27,"United Kingdom",2010-03-25 10:36:00,2010-11-23 17:13:00,"2","Not_High_Value"
"14203",397.96875,1,339.34,339.34,80,30,16,"United Kingdom",2010-11-07 13:35:00,2010-11-07 13:35:00,"2","Not_High_Value"
"14204",2.96666666666667,4,1024.83,256.2075,469,0.163041632227896,186,"United Kingdom",2009-12-02 13:26:00,2011-12-07 13:38:00,"1","High_Value"
"14205",17.0798611111111,9,2414.2,268.244444444444,1342,0.430662553514364,79,"United Kingdom",2010-03-07 12:20:00,2011-11-23 10:55:00,"1","High_Value"
"14206",239.841666666667,3,1185.01,395.003333333333,930,0.548081924714858,62,"United Kingdom",2010-11-02 11:37:00,2011-04-14 16:38:00,"1","High_Value"
"14207",688.136805555556,1,157.8,157.8,36,30,2,"United Kingdom",2010-01-21 09:33:00,2010-01-21 09:33:00,"2","Not_High_Value"
"14208",95.0013888888889,2,567.05,283.525,529,0.131008935597887,34,"United Kingdom",2010-06-06 13:11:00,2011-09-06 12:48:00,"1","High_Value"
"14209",11.1055555555556,15,4993.27,332.884666666667,1739,0.66470401181696,133,"United Kingdom",2010-01-22 10:28:00,2011-11-29 10:18:00,"1","High_Value"
"14210",106.009722222222,16,5556.57,347.285625,2511,0.80254604015749,143,"United Kingdom",2010-01-06 10:17:00,2011-08-26 12:36:00,"1","High_Value"
"14211",53.9770833333333,18,4402.29,244.571666666667,2575,0.796431625791848,155,"United Kingdom",2009-12-09 12:48:00,2011-10-17 13:23:00,"1","High_Value"
"14212",90.0034722222222,2,2190.14,1095.07,2046,0.16804859405178,18,"United Kingdom",2010-09-20 11:48:00,2011-09-11 12:45:00,"1","High_Value"
"14213",405.092361111111,1,1192.2,1192.2,244,30,5,"United Kingdom",2010-10-31 10:37:00,2010-10-31 10:37:00,"2","Not_High_Value"
"14214",31.0965277777778,5,1004.38,200.876,751,0.605033542947578,64,"United Kingdom",2011-03-07 12:26:00,2011-11-09 10:31:00,"1","High_Value"
"14215",12.0215277777778,9,3250.33,361.147777777778,2181,0.374420745682798,167,"United Kingdom",2009-12-08 09:35:00,2011-11-28 12:19:00,"1","High_Value"
"14216",3.9125,5,2150.04,430.008,712,0.364084420389402,65,"United Kingdom",2010-10-21 15:07:00,2011-12-06 14:56:00,"1","High_Value"
"14217",2.03958333333333,23,3298.59,143.416956521739,1230,1.30940316465455,122,"United Kingdom",2010-06-30 12:54:00,2011-12-08 11:53:00,"1","High_Value"
"14218",43.1180555555556,1,169.48,169.48,160,30,12,"United Kingdom",2011-10-28 10:00:00,2011-10-28 10:00:00,"2","Not_High_Value"
"14219",4.85208333333333,3,633.83,211.276666666667,363,0.183647182021848,39,"United Kingdom",2010-08-03 14:42:00,2011-12-05 16:23:00,"1","High_Value"
"14220",247.977083333333,4,1515,378.75,468,0.371519424144893,26,"United Kingdom",2010-05-19 13:26:00,2011-04-06 13:23:00,"1","High_Value"
"14221",42.9638888888889,17,6517.49,383.381764705882,3808,0.893200293841491,166,"United Kingdom",2010-04-06 14:10:00,2011-10-28 13:42:00,"1","High_Value"
"14222",177.838888888889,1,683.17,683.17,607,30,41,"United Kingdom",2011-06-15 16:42:00,2011-06-15 16:42:00,"2","Not_High_Value"
"14223",92.9666666666667,3,991.13,330.376666666667,585,0.520532099479468,50,"United Kingdom",2011-03-20 16:02:00,2011-09-08 13:38:00,"1","High_Value"
"14224",110.976388888889,9,1841.71,204.634444444444,826,0.620711455383171,189,"United Kingdom",2010-06-13 13:46:00,2011-08-21 13:24:00,"1","High_Value"
"14225",435.095833333333,4,2031.07,507.7675,1167,0.456599286563615,70,"United Kingdom",2010-01-12 15:02:00,2010-10-01 10:32:00,"1","High_Value"
"14226",29.0527777777778,6,2985.13,497.521666666667,1714,0.434912463799242,89,"United Kingdom",2010-09-24 14:32:00,2011-11-11 11:34:00,"1","High_Value"
"14227",26.8763888888889,15,6368.71,424.580666666667,4048,0.698479083353993,246,"United Kingdom",2010-02-08 09:38:00,2011-11-13 15:48:00,"1","High_Value"
"14228",438.128472222222,3,745.5,248.5,260,0.819029803584519,38,"United Kingdom",2010-06-11 12:29:00,2010-09-28 09:45:00,"2","Not_High_Value"
"14229",52.1152777777778,7,2594.04,370.577142857143,934,0.498897114018778,41,"United Kingdom",2010-08-25 11:47:00,2011-10-19 10:04:00,"1","High_Value"
"14230",436.154861111111,3,979.8,326.6,246,0.790865986050003,27,"United Kingdom",2010-06-09 13:56:00,2010-09-30 09:07:00,"2","Not_High_Value"
"14231",184.072916666667,4,1235.62,308.905,610,0.447676512268357,66,"United Kingdom",2010-09-15 09:52:00,2011-06-09 11:05:00,"1","High_Value"
"14232",43.0701388888889,5,2048.07,409.614,1941,0.672844794019157,81,"United Kingdom",2011-03-20 12:44:00,2011-10-28 11:09:00,"1","High_Value"
"14233",49.8722222222222,7,2904.27,414.895714285714,1261,0.352365826574023,42,"United Kingdom",2010-03-05 16:35:00,2011-10-21 15:54:00,"1","High_Value"
"14234",22.7895833333333,4,754.12,188.53,951,3.31829092654825,122,"United Kingdom",2011-10-13 13:58:00,2011-11-17 17:53:00,"1","High_Value"
"14235",75.9256944444444,9,4717.99,524.221111111111,3014,0.495374340169788,107,"United Kingdom",2010-03-30 13:36:00,2011-09-25 14:37:00,"1","High_Value"
"14236",81.1506944444444,5,1555.34,311.068,774,0.352293003395713,39,"United Kingdom",2010-07-22 14:27:00,2011-09-20 09:13:00,"1","High_Value"
"14237",373.979166666667,2,471.14,235.57,238,0.275057622024984,26,"United Kingdom",2010-04-28 10:04:00,2010-12-01 13:20:00,"2","Not_High_Value"
"14238",326.923611111111,3,434.23,144.743333333333,189,0.219965986740939,13,"United Kingdom",2009-12-05 10:58:00,2011-01-17 14:40:00,"2","Not_High_Value"
"14239",43.9236111111111,21,4263.17,203.008095238095,1729,0.910291349422639,97,"United Kingdom",2009-12-05 12:36:00,2011-10-27 14:40:00,"1","High_Value"
"14240",30.9618055555556,3,1247.49,415.83,655,0.228403449315054,46,"United Kingdom",2010-10-12 12:48:00,2011-11-09 13:45:00,"1","High_Value"
"14241",184.044444444444,2,333.7,166.85,242,0.11676385726159,12,"United Kingdom",2010-01-12 15:11:00,2011-06-09 11:46:00,"2","Not_High_Value"
"14242",235.044444444444,2,280.55,140.275,123,0.651323377533866,13,"United Kingdom",2011-01-18 08:53:00,2011-04-19 11:46:00,"2","Not_High_Value"
"14243",9.06805555555556,17,7217.75,424.573529411765,3631,1.08766000553901,235,"United Kingdom",2010-08-20 13:41:00,2011-12-01 11:12:00,"1","High_Value"
"14244",661.048611111111,1,366.42,366.42,814,30,16,"United Kingdom",2010-02-17 11:40:00,2010-02-17 11:40:00,"2","Not_High_Value"
"14245",220.173611111111,2,1693.45,846.725,976,1.33582770296387,107,"United Kingdom",2011-03-21 10:41:00,2011-05-04 08:40:00,"1","High_Value"
"14246",111.041666666667,3,1474.06,491.353333333333,804,0.661072712897549,57,"United Kingdom",2011-04-08 08:25:00,2011-08-21 11:50:00,"1","High_Value"
"14247",278.895138888889,5,753.56,150.712,378,0.547425831402981,82,"United Kingdom",2010-06-06 15:07:00,2011-03-06 15:21:00,"1","High_Value"
"14248",318.920138888889,3,1032.95,344.316666666667,692,0.454516760305536,41,"United Kingdom",2010-07-12 14:27:00,2011-01-25 14:45:00,"1","High_Value"
"14249",411.011111111111,12,5400.461,450.038416666667,2383,1.3337003753605,178,"United Kingdom",2010-01-29 14:21:00,2010-10-25 12:34:00,"1","High_Value"
"14250",7.93055555555556,3,1904.05,634.683333333333,1200,1.08392017797702,94,"United Kingdom",2011-09-11 13:44:00,2011-12-02 14:30:00,"1","High_Value"
"14251",2.17916666666667,5,2879.7,575.94,1674,2.63974775743651,37,"United Kingdom",2011-10-13 12:46:00,2011-12-08 08:32:00,"1","High_Value"
"14252",381.968055555556,1,350.99,350.99,111,30,10,"United Kingdom",2010-11-23 13:36:00,2010-11-23 13:36:00,"2","Not_High_Value"
"14253",493.913194444444,2,363.4,181.7,88,0.458046833168104,11,"United Kingdom",2010-03-26 15:08:00,2010-08-03 14:55:00,"2","Not_High_Value"
"14254",433.040277777778,1,601.03,601.03,263,30,23,"United Kingdom",2010-10-03 11:52:00,2010-10-03 11:52:00,"2","Not_High_Value"
"14255",546.872222222222,1,1000.63,1000.63,1,30,1,"United Kingdom",2010-06-11 15:54:00,2010-06-11 15:54:00,"2","Not_High_Value"
"14256",260.98125,5,2460.79,492.158,1147,0.344738429716453,100,"United Kingdom",2010-01-14 10:35:00,2011-03-24 13:17:00,"1","High_Value"
"14257",64.8305555555555,9,5954.45,661.605555555555,3332,0.461495730452309,167,"United Kingdom",2010-03-01 15:36:00,2011-10-06 16:54:00,"1","High_Value"
"14258",9.89097222222222,25,32051.34,1282.0536,17488,1.03123200714988,97,"United Kingdom",2009-12-04 08:36:00,2011-11-30 15:27:00,"1","High_Value"
"14259",142.0875,1,120,120,68,30,5,"United Kingdom",2011-07-21 10:44:00,2011-07-21 10:44:00,"2","Not_High_Value"
"14260",471.913194444444,3,824.28,274.76,544,1.15167241318025,50,"United Kingdom",2010-06-09 11:23:00,2010-08-25 14:55:00,"1","High_Value"
"14261",51.1152777777778,2,1163.45,581.725,406,2.07109811347892,52,"United Kingdom",2011-09-22 10:47:00,2011-10-20 10:04:00,"1","High_Value"
"14262",8.93958333333333,8,2618.23,327.27875,1645,1.02969305851016,87,"United Kingdom",2011-04-13 12:23:00,2011-12-01 14:17:00,"1","High_Value"
"14263",423.945138888889,1,322.93,322.93,171,30,16,"United Kingdom",2010-10-12 14:09:00,2010-10-12 14:09:00,"2","Not_High_Value"
"14264",155.104166666667,6,1517.36,252.893333333333,553,0.39312098935449,59,"United Kingdom",2010-04-07 13:21:00,2011-07-08 10:20:00,"1","High_Value"
"14265",109.970833333333,4,1373.35,343.3375,715,0.23811722036729,74,"Unspecified",2010-04-06 14:39:00,2011-08-22 13:32:00,"1","High_Value"
"14266",428.970833333333,1,40.56,40.56,24,30,1,"United Kingdom",2010-10-07 13:32:00,2010-10-07 13:32:00,"2","Not_High_Value"
"14267",163.111805555556,3,1516.24,505.413333333333,530,0.909658807757368,25,"United Kingdom",2011-03-24 11:38:00,2011-06-30 10:09:00,"1","High_Value"
"14268",471.086805555556,1,354.85,354.85,147,30,19,"United Kingdom",2010-08-26 10:45:00,2010-08-26 10:45:00,"2","Not_High_Value"
"14269",439.997916666667,1,295.73,295.73,123,30,16,"United Kingdom",2010-09-26 12:53:00,2010-09-26 12:53:00,"2","Not_High_Value"
"14270",332.136805555556,1,492.65,492.65,197,30,29,"United Kingdom",2011-01-12 09:33:00,2011-01-12 09:33:00,"2","Not_High_Value"
"14271",226.002083333333,2,214.18,107.09,148,0.324633847587414,38,"United Kingdom",2010-10-26 17:01:00,2011-04-28 12:47:00,"2","Not_High_Value"
"14272",74.1125,4,920.81,230.2025,1097,0.235368792114056,62,"United Kingdom",2010-05-06 14:01:00,2011-09-27 10:08:00,"1","High_Value"
"14273",51.9791666666667,4,559.97,139.9925,264,0.625009042376192,22,"United Kingdom",2011-04-11 13:24:00,2011-10-19 13:20:00,"2","Not_High_Value"
"14274",686.999305555556,1,256.6,256.6,178,30,15,"United Kingdom",2010-01-22 12:51:00,2010-01-22 12:51:00,"2","Not_High_Value"
"14275",396.155555555556,6,1189.38,198.23,538,0.845638372146134,14,"United Kingdom",2010-04-11 12:32:00,2010-11-09 09:06:00,"1","High_Value"
"14276",99.1284722222222,7,2102.68,300.382857142857,1406,0.373096117900347,75,"United Kingdom",2010-02-17 13:10:00,2011-09-02 09:45:00,"1","High_Value"
"14277",15.9090277777778,9,17197.61,1910.84555555556,89806,0.37922901804264,334,"France",2009-12-13 15:43:00,2011-11-24 15:01:00,"1","High_Value"
"14278",410.029861111111,1,205.83,205.83,131,30,13,"United Kingdom",2010-10-26 12:07:00,2010-10-26 12:07:00,"2","Not_High_Value"
"14279",521.172222222222,2,191.86,95.93,46,0.371121267310402,3,"United Kingdom",2010-01-27 16:34:00,2010-07-07 08:42:00,"2","Not_High_Value"
"14280",197.092361111111,1,134.04,134.04,52,30,8,"United Kingdom",2011-05-27 10:37:00,2011-05-27 10:37:00,"2","Not_High_Value"
"14281",408.920138888889,1,245.15,245.15,45,30,7,"United Kingdom",2010-10-27 14:45:00,2010-10-27 14:45:00,"2","Not_High_Value"
"14282",3.82361111111111,25,7250.76,290.0304,5166,1.13595486472671,100,"United Kingdom",2010-02-15 11:22:00,2011-12-06 17:04:00,"1","High_Value"
"14283",463.919444444444,4,628.44,157.11,550,1.12044817927171,36,"United Kingdom",2010-05-19 12:22:00,2010-09-02 14:46:00,"2","Not_High_Value"
"14284",31.19375,3,1299.65,433.216666666667,510,0.14426849970779,59,"United Kingdom",2010-02-24 12:06:00,2011-11-09 08:11:00,"1","High_Value"
"14285",21.9166666666667,8,3284.42,410.5525,954,0.337540544420863,48,"United Kingdom",2009-12-08 14:13:00,2011-11-18 14:50:00,"1","High_Value"
"14286",24.0944444444444,7,8479.76,1211.39428571429,8795,0.294497455284885,270,"United Kingdom",2009-12-04 08:40:00,2011-11-16 10:34:00,"1","High_Value"
"14287",8.97569444444444,3,176.63,58.8766666666667,261,0.471026080888553,9,"United Kingdom",2011-05-25 11:41:00,2011-12-01 13:25:00,"2","Not_High_Value"
"14288",213.977777777778,1,426.6,426.6,188,30,16,"United Kingdom",2011-05-10 13:22:00,2011-05-10 13:22:00,"2","Not_High_Value"
"14289",9.04583333333333,6,911.26,151.876666666667,292,0.638374902408929,33,"United Kingdom",2011-02-23 12:33:00,2011-12-01 11:44:00,"1","High_Value"
"14290",11.95,8,4516.56,564.57,1600,0.332826774064936,120,"United Kingdom",2009-12-08 11:44:00,2011-11-28 14:02:00,"1","High_Value"
"14291",2.1,23,7904.1,343.65652173913,6146,0.945223463155692,241,"United Kingdom",2009-12-09 10:46:00,2011-12-08 10:26:00,"1","High_Value"
"14292",8.04166666666667,16,9226.25,576.640625,3429,0.769196527932339,120,"United Kingdom",2010-03-19 11:10:00,2011-12-02 11:50:00,"1","High_Value"
"14293",3.89791666666667,9,2903.01,322.556666666667,1558,0.371297056745039,88,"United Kingdom",2009-12-10 10:57:00,2011-12-06 15:17:00,"1","High_Value"
"14294",407.850694444444,1,375.34,375.34,190,30,23,"United Kingdom",2010-10-28 16:25:00,2010-10-28 16:25:00,"2","Not_High_Value"
"14295",40.875,5,2362.91,472.582,1029,0.216684506355577,66,"United Kingdom",2009-12-08 09:49:00,2011-10-30 15:50:00,"1","High_Value"
"14296",421.941666666667,2,456.4,228.2,314,0.38964553080184,27,"United Kingdom",2010-05-14 14:34:00,2010-10-14 14:14:00,"2","Not_High_Value"
"14297",18.1555555555556,4,1305.33,326.3325,865,0.4650724657184,48,"United Kingdom",2011-03-10 08:31:00,2011-11-22 09:06:00,"1","High_Value"
"14298",8.98472222222222,82,91194.49,1112.12792682927,100272,3.41204947394681,1370,"United Kingdom",2009-12-11 13:49:00,2011-12-01 13:12:00,"1","High_Value"
"14299",8.86458333333333,27,14070.25,521.12037037037,8136,1.1092650833518,164,"United Kingdom",2009-12-02 10:58:00,2011-12-01 16:05:00,"1","High_Value"
"14300",19.1618055555556,1,43.2,43.2,32,30,3,"United Kingdom",2011-11-21 08:57:00,2011-11-21 08:57:00,"2","Not_High_Value"
"14301",117.886805555556,4,1992.18,498.045,1686,0.218141605209141,37,"United Kingdom",2010-02-11 13:07:00,2011-08-14 15:33:00,"1","High_Value"
"14302",431.194444444444,3,742.9,247.633333333333,298,0.292211745288762,25,"United Kingdom",2009-12-02 08:16:00,2010-10-05 08:10:00,"2","Not_High_Value"
"14303",407.884027777778,2,277.94,138.97,218,2.12671688081524,21,"United Kingdom",2010-10-01 10:31:00,2010-10-28 15:37:00,"2","Not_High_Value"
"14304",223.041666666667,3,1725.01,575.003333333333,775,0.257848871911185,69,"United Kingdom",2010-05-18 10:50:00,2011-05-01 11:50:00,"1","High_Value"
"14305",71.8895833333333,3,1858.96,619.653333333333,1089,1.38350680544436,96,"United Kingdom",2011-07-27 14:14:00,2011-09-29 15:29:00,"1","High_Value"
"14306",51.9770833333333,6,3151.4,525.233333333333,2065,0.287087381114036,43,"United Kingdom",2010-01-31 13:42:00,2011-10-19 13:23:00,"1","High_Value"
"14307",89.1333333333333,10,4287.92,428.792,2816,0.465220462808209,205,"United Kingdom",2009-12-07 13:06:00,2011-09-12 09:38:00,"1","High_Value"
"14308",549.834722222222,2,1147.02,573.51,2,59.6273291925466,1,"United Kingdom",2010-06-08 16:39:00,2010-06-08 16:48:00,"2","Not_High_Value"
"14309",8.97013888888889,11,3780.81,343.71,2583,0.60758794490282,125,"United Kingdom",2010-06-07 10:24:00,2011-12-01 13:33:00,"1","High_Value"
"14310",433.011111111111,1,492.1,492.1,230,30,22,"United Kingdom",2010-10-03 12:34:00,2010-10-03 12:34:00,"2","Not_High_Value"
"14311",243.108333333333,2,516.45,258.225,235,0.184054568771223,31,"United Kingdom",2010-05-21 10:28:00,2011-04-11 10:14:00,"2","Not_High_Value"
"14312",47.1277777777778,11,3090.29,280.935454545455,1904,0.719301405755925,148,"United Kingdom",2010-07-23 15:05:00,2011-10-24 09:46:00,"1","High_Value"
"14314",107.090972222222,2,229.8,114.9,332,0.184552684024017,10,"United Kingdom",2010-10-05 08:00:00,2011-08-25 10:39:00,"2","Not_High_Value"
"14315",45.0305555555556,8,3197.82,399.7275,1344,0.406111889936157,83,"United Kingdom",2010-03-15 12:49:00,2011-10-26 12:06:00,"1","High_Value"
"14316",422.846527777778,5,1370.34,274.068,4494,0.717529307418124,21,"United Kingdom",2010-03-19 15:18:00,2010-10-13 16:31:00,"1","High_Value"
"14317",65.0875,1,508.58,508.58,255,30,24,"United Kingdom",2011-10-06 10:44:00,2011-10-06 10:44:00,"2","Not_High_Value"
"14318",460.8875,1,158.02,158.02,152,30,9,"United Kingdom",2010-09-05 15:32:00,2010-09-05 15:32:00,"2","Not_High_Value"
"14319",424.966666666667,1,494.85,494.85,329,30,26,"United Kingdom",2010-10-11 13:38:00,2010-10-11 13:38:00,"2","Not_High_Value"
"14320",207.143055555556,5,1346.75,269.35,713,0.311266103697726,68,"United Kingdom",2010-01-21 11:44:00,2011-05-17 09:24:00,"1","High_Value"
"14321",11.1270833333333,7,2218.06,316.865714285714,3275,0.452714264541425,162,"United Kingdom",2010-08-23 12:56:00,2011-11-29 09:47:00,"1","High_Value"
"14322",429.897916666667,4,474.1,118.525,158,0.518875289765425,10,"United Kingdom",2010-02-18 08:49:00,2010-10-06 15:17:00,"2","Not_High_Value"
"14323",115.050694444444,2,605.06,302.53,350,0.480018667392621,32,"United Kingdom",2011-04-15 11:44:00,2011-08-17 11:37:00,"2","Not_High_Value"
"14324",410.045833333333,2,701.61,350.805,402,0.210581218787549,41,"United Kingdom",2010-01-15 13:31:00,2010-10-26 11:44:00,"2","Not_High_Value"
"14325",570.145833333333,1,245.48,245.48,320,30,18,"United Kingdom",2010-05-19 09:20:00,2010-05-19 09:20:00,"2","Not_High_Value"
"14326",242.906944444444,3,940.98,313.66,572,0.309149980678126,54,"United Kingdom",2010-06-25 12:10:00,2011-04-11 15:04:00,"1","High_Value"
"14327",163.952777777778,6,1894.93,315.821666666667,1296,0.334575081901192,99,"United Kingdom",2010-01-08 14:04:00,2011-06-29 13:58:00,"1","High_Value"
"14328",438.867361111111,1,445.05,445.05,1,30,1,"United Kingdom",2010-09-27 16:01:00,2010-09-27 16:01:00,"2","Not_High_Value"
"14329",17.875,15,9887.62,659.174666666667,5913,0.636480342284984,349,"United Kingdom",2009-12-16 15:31:00,2011-11-22 15:50:00,"1","High_Value"
"14330",624.152777777778,1,200.63,200.63,103,30,13,"United Kingdom",2010-03-26 09:10:00,2010-03-26 09:10:00,"2","Not_High_Value"
"14331",124.98125,2,462.66,231.33,252,5.03408495018353,27,"United Kingdom",2011-07-27 15:14:00,2011-08-07 13:17:00,"2","Not_High_Value"
"14332",23.0388888888889,5,1917.41,383.482,875,0.379791571792036,47,"United Kingdom",2010-10-19 13:01:00,2011-11-17 11:54:00,"1","High_Value"
"14333",68.0916666666667,1,415.2,415.2,58,30,15,"United Kingdom",2011-10-03 10:38:00,2011-10-03 10:38:00,"2","Not_High_Value"
"14334",17.1173611111111,12,4318.48,359.873333333333,2986,0.650997027565655,148,"United Kingdom",2010-05-20 10:04:00,2011-11-23 10:01:00,"1","High_Value"
"14335",16.9645833333333,2,454.86,227.43,375,0.740524881293176,55,"Germany",2011-09-04 13:07:00,2011-11-23 13:41:00,"1","High_Value"
"14336",17.0486111111111,4,1614.91,403.7275,1759,0.460147204499217,77,"United Kingdom",2011-03-08 16:48:00,2011-11-23 11:40:00,"1","High_Value"
"14338",161.945833333333,3,928.1,309.366666666667,622,0.239266250166157,43,"United Kingdom",2010-06-21 10:32:00,2011-07-01 14:08:00,"1","High_Value"
"14339",243.072222222222,2,620.27,310.135,456,0.320693648484129,21,"United Kingdom",2010-10-07 08:50:00,2011-04-11 11:06:00,"2","Not_High_Value"
"14340",219.129166666667,1,134.7,134.7,58,30,6,"United Kingdom",2011-05-05 09:44:00,2011-05-05 09:44:00,"2","Not_High_Value"
"14341",45.8763888888889,18,4452.02,247.334444444444,2813,0.777936068381541,185,"United Kingdom",2009-12-01 12:20:00,2011-10-25 15:48:00,"1","High_Value"
"14342",21.9784722222222,6,918.44,153.073333333333,521,0.398219075799895,27,"United Kingdom",2010-08-24 13:03:00,2011-11-18 13:21:00,"1","High_Value"
"14343",421.989583333333,4,1079.66,269.915,626,0.444698361718883,193,"United Kingdom",2010-01-18 16:47:00,2010-10-14 13:05:00,"1","High_Value"
"14344",127.957638888889,20,2993.05,149.6525,1546,1.2001933644865,140,"United Kingdom",2010-03-23 15:47:00,2011-08-04 13:51:00,"1","High_Value"
"14345",39.1243055555556,1,108.98,108.98,50,30,6,"United Kingdom",2011-11-01 09:51:00,2011-11-01 09:51:00,"2","Not_High_Value"
"14346",121.127083333333,5,2315.75,463.15,1878,0.396866955865087,123,"United Kingdom",2010-07-30 10:44:00,2011-08-11 09:47:00,"1","High_Value"
"14347",737.084027777778,1,82.6,82.6,48,30,6,"United Kingdom",2009-12-03 10:49:00,2009-12-03 10:49:00,"2","Not_High_Value"
"14348",260.852083333333,1,409.57,409.57,183,30,18,"United Kingdom",2011-03-24 16:23:00,2011-03-24 16:23:00,"2","Not_High_Value"
"14349",10.8826388888889,1,133.5,133.5,86,30,31,"United Kingdom",2011-11-29 15:39:00,2011-11-29 15:39:00,"2","Not_High_Value"
"14350",274.941666666667,3,972.03,324.01,543,0.573497004186174,55,"United Kingdom",2010-10-05 15:52:00,2011-03-10 14:14:00,"1","High_Value"
"14351",165.0375,1,51,51,12,30,1,"United Kingdom",2011-06-28 11:56:00,2011-06-28 11:56:00,"2","Not_High_Value"
"14352",157.88125,4,1078.96,269.74,538,1.02537932507729,44,"United Kingdom",2011-03-11 14:58:00,2011-07-05 15:41:00,"1","High_Value"
"14353",215.863888888889,3,376.5,125.5,344,0.41447065445428,18,"United Kingdom",2010-10-04 12:38:00,2011-05-08 16:06:00,"2","Not_High_Value"
"14354",6.05416666666667,2,163.62,81.81,210,2.32283041187224,9,"United Kingdom",2011-11-09 15:36:00,2011-12-04 11:32:00,"2","Not_High_Value"
"14355",366.023611111111,3,840.05,280.016666666667,617,0.342360810253918,57,"United Kingdom",2010-03-22 15:08:00,2010-12-09 12:16:00,"1","High_Value"
"14356",80.1472222222222,2,701.23,350.615,277,21.6270337922403,33,"United Kingdom",2011-09-19 14:43:00,2011-09-21 09:18:00,"2","Not_High_Value"
"14357",43.8520833333333,1,225.12,225.12,147,30,39,"United Kingdom",2011-10-27 16:23:00,2011-10-27 16:23:00,"2","Not_High_Value"
"14358",389.874305555556,2,400.06,200.03,338,1.50247804538736,21,"United Kingdom",2010-10-07 17:26:00,2010-11-15 15:51:00,"2","Not_High_Value"
"14359",19.98125,3,912.18,304.06,371,1.30102194470657,44,"United Kingdom",2011-09-13 09:03:00,2011-11-20 13:17:00,"1","High_Value"
"14360",32.1513888888889,4,2118.03,529.5075,1139,1.87838337282866,104,"United Kingdom",2011-09-06 11:58:00,2011-11-08 09:12:00,"1","High_Value"
"14361",579.014583333333,1,214.71,214.71,251,30,14,"United Kingdom",2010-05-10 12:29:00,2010-05-10 12:29:00,"2","Not_High_Value"
"14362",22.9041666666667,1,151.5,151.5,96,30,37,"United Kingdom",2011-11-17 15:08:00,2011-11-17 15:08:00,"2","Not_High_Value"
"14363",402.825694444444,2,227.47,113.735,105,1.19763799173852,8,"United Kingdom",2010-09-14 14:39:00,2010-11-02 17:01:00,"2","Not_High_Value"
"14364",109.075694444444,8,3717.35,464.66875,1967,2.30946573557419,61,"United Kingdom",2011-05-12 12:56:00,2011-08-23 11:01:00,"1","High_Value"
"14365",395.123611111111,2,634.68,317.34,557,0.208329314635134,50,"United Kingdom",2010-01-27 09:44:00,2010-11-10 09:52:00,"1","High_Value"
"14366",525.810416666667,1,136,136,16,30,1,"United Kingdom",2010-07-02 17:23:00,2010-07-02 17:23:00,"2","Not_High_Value"
"14367",8.97986111111111,16,9227.82,576.73875,4426,1.78463079675813,270,"United Kingdom",2011-03-08 14:12:00,2011-12-01 13:19:00,"1","High_Value"
"14368",320.123611111111,1,155,155,36,30,8,"United Kingdom",2011-01-24 09:52:00,2011-01-24 09:52:00,"2","Not_High_Value"
"14369",642.877083333333,2,469.13,234.565,255,2.96713486040043,24,"United Kingdom",2010-02-16 10:28:00,2010-03-07 15:47:00,"2","Not_High_Value"
"14370",451.08125,6,1175.78,195.963333333333,266,0.792616920169532,37,"United Kingdom",2010-02-01 08:35:00,2010-09-15 10:53:00,"1","High_Value"
"14371",295.84375,1,100.5,100.5,34,30,4,"United Kingdom",2011-02-17 16:35:00,2011-02-17 16:35:00,"2","Not_High_Value"
"14372",443.85625,2,860.08,430.04,378,0.382131800088456,36,"United Kingdom",2010-04-19 15:57:00,2010-09-22 16:17:00,"2","Not_High_Value"
"14373",358.881944444444,1,76.55,76.55,17,30,4,"United Kingdom",2010-12-16 15:40:00,2010-12-16 15:40:00,"2","Not_High_Value"
"14374",541.934027777778,1,108,108,20,30,7,"United Kingdom",2010-06-16 14:25:00,2010-06-16 14:25:00,"2","Not_High_Value"
"14375",185.9625,3,1106.82,368.94,647,0.252125362332938,176,"United Kingdom",2010-06-16 14:34:00,2011-06-07 13:44:00,"1","High_Value"
"14376",683.884722222222,1,215.46,215.46,50,30,17,"United Kingdom",2010-01-25 15:36:00,2010-01-25 15:36:00,"2","Not_High_Value"
"14377",191.970833333333,2,617.05,308.525,219,0.833381561432953,11,"United Kingdom",2011-03-22 13:38:00,2011-06-01 13:32:00,"2","Not_High_Value"
"14378",622.019444444444,1,131.25,131.25,57,30,9,"United Kingdom",2010-03-28 12:22:00,2010-03-28 12:22:00,"2","Not_High_Value"
"14379",44.8381944444444,4,1265.16,316.29,712,0.274568127216566,93,"United Kingdom",2010-08-16 15:31:00,2011-10-26 16:43:00,"1","High_Value"
"14380",682.81875,1,48.96,48.96,1,30,1,"United Kingdom",2010-01-26 17:11:00,2010-01-26 17:11:00,"2","Not_High_Value"
"14381",52.8194444444444,2,625.94,312.97,449,0.149985678450842,104,"United Kingdom",2010-09-14 16:15:00,2011-10-18 17:10:00,"1","High_Value"
"14382",26.8555555555556,2,1193.63,596.815,1667,0.164387940318045,227,"United Kingdom",2010-11-14 16:32:00,2011-11-13 16:18:00,"1","High_Value"
"14383",38.8729166666667,3,1247.69,415.896666666667,817,0.712969330215926,49,"United Kingdom",2011-06-29 10:18:00,2011-11-01 15:53:00,"1","High_Value"
"14384",501.122916666667,1,58.5,58.5,30,30,3,"United Kingdom",2010-07-27 09:53:00,2010-07-27 09:53:00,"2","Not_High_Value"
"14385",9.88472222222222,3,202.11,67.37,159,5.93923284909033,13,"United Kingdom",2011-11-16 11:55:00,2011-11-30 15:36:00,"2","Not_High_Value"
"14386",297.128472222222,1,142.4,142.4,54,30,7,"United Kingdom",2011-02-16 09:45:00,2011-02-16 09:45:00,"2","Not_High_Value"
"14387",33.0145833333333,3,1727.6,575.866666666667,795,1.15491552006844,125,"United Kingdom",2011-08-22 14:13:00,2011-11-07 12:29:00,"1","High_Value"
"14388",10.9708333333333,16,6388.2,399.2625,4190,0.706851096989542,184,"United Kingdom",2010-01-20 11:54:00,2011-11-29 13:32:00,"1","High_Value"
"14389",65.8979166666667,5,1898.01,379.602,1388,0.285163572993953,48,"United Kingdom",2010-04-28 14:57:00,2011-10-05 15:17:00,"1","High_Value"
"14390",10.9590277777778,13,6150.03,473.079230769231,2830,0.93756416955621,197,"United Kingdom",2010-10-10 14:30:00,2011-11-29 13:49:00,"1","High_Value"
"14391",577.130555555556,1,135.6,135.6,168,30,14,"United Kingdom",2010-05-12 09:42:00,2010-05-12 09:42:00,"2","Not_High_Value"
"14392",432.995833333333,1,266.4,266.4,114,30,14,"United Kingdom",2010-10-03 12:56:00,2010-10-03 12:56:00,"2","Not_High_Value"
"14393",218.773611111111,1,67.95,67.95,13,30,5,"United Kingdom",2011-05-05 18:16:00,2011-05-05 18:16:00,"2","Not_High_Value"
"14394",565.088194444444,1,93.8,93.8,58,30,6,"United Kingdom",2010-05-24 10:43:00,2010-05-24 10:43:00,"2","Not_High_Value"
"14395",2.92777777777778,20,7801.93,390.0965,3872,1.00157423357546,320,"United Kingdom",2010-04-18 13:12:00,2011-12-07 14:34:00,"1","High_Value"
"14396",65.8618055555555,7,1969.38,281.34,959,0.312000891431118,202,"United Kingdom",2009-12-02 14:21:00,2011-10-05 16:09:00,"1","High_Value"
"14397",3.14444444444444,19,2612.96,137.524210526316,1890,2.69029193994041,18,"United Kingdom",2011-05-10 12:25:00,2011-12-07 09:22:00,"1","High_Value"
"14398",401.961111111111,2,707.79,353.895,267,0.472159528714841,50,"United Kingdom",2010-06-30 11:57:00,2010-11-03 13:46:00,"2","Not_High_Value"
"14399",394.977083333333,8,2108.21,263.52625,965,0.854062977259585,119,"United Kingdom",2010-02-03 13:09:00,2010-11-10 13:23:00,"1","High_Value"
"14400",149.875,3,1732.47,577.49,1706,0.186276750333099,71,"United Kingdom",2010-03-18 12:11:00,2011-07-13 15:50:00,"1","High_Value"
"14401",4.97222222222222,22,6795.9,308.904545454545,6401,0.914120389963143,171,"United Kingdom",2009-12-14 13:22:00,2011-12-05 13:30:00,"1","High_Value"
"14402",652.979166666667,1,285.6,285.6,240,30,8,"United Kingdom",2010-02-25 13:20:00,2010-02-25 13:20:00,"2","Not_High_Value"
"14403",130.995138888889,6,1880.51,313.418333333333,737,0.352971455884696,20,"United Kingdom",2010-03-10 14:00:00,2011-08-01 12:57:00,"1","High_Value"
"14404",34.0138888888889,13,2724.13,209.548461538462,1577,0.567760198149927,123,"United Kingdom",2009-12-20 14:40:00,2011-11-06 12:30:00,"1","High_Value"
"14405",387.048611111111,1,195,195,100,30,2,"United Kingdom",2010-11-18 11:40:00,2010-11-18 11:40:00,"2","Not_High_Value"
"14406",119.830555555556,1,156.75,156.75,77,30,8,"United Kingdom",2011-08-12 16:54:00,2011-08-12 16:54:00,"2","Not_High_Value"
"14407",107.95,6,2157.73,359.621666666667,1415,1.05829178966451,67,"United Kingdom",2011-03-08 11:59:00,2011-08-24 14:02:00,"1","High_Value"
"14408",11.0479166666667,11,4102.27,372.933636363636,2438,0.456447756807094,63,"United Kingdom",2009-12-07 12:18:00,2011-11-29 11:41:00,"1","High_Value"
"14409",71.7722222222222,9,3427.29,380.81,2233,0.543188971922663,76,"United Kingdom",2010-05-21 16:45:00,2011-09-29 18:18:00,"1","High_Value"
"14410",92.9041666666667,11,2631.9,239.263636363636,1369,0.953829972581403,307,"United Kingdom",2010-09-28 15:46:00,2011-09-08 15:08:00,"1","High_Value"
"14411",311.079166666667,1,1063,1063,196,30,14,"United Kingdom",2011-02-02 10:56:00,2011-02-02 10:56:00,"2","Not_High_Value"
"14412",43.0868055555556,3,1426.19,475.396666666667,1428,0.235032969902722,75,"United Kingdom",2010-10-11 12:33:00,2011-10-28 10:45:00,"1","High_Value"
"14413",362.967361111111,4,764.52,191.13,277,0.365892392063862,93,"United Kingdom",2010-01-19 14:27:00,2010-12-12 13:37:00,"1","High_Value"
"14414",92.0284722222222,8,2399.33,299.91625,2877,0.844828724176622,99,"United Kingdom",2010-11-30 10:12:00,2011-09-09 12:09:00,"1","High_Value"
"14415",1.925,23,11980.09,520.87347826087,6263,0.954329347356289,445,"United Kingdom",2009-12-16 14:08:00,2011-12-08 14:38:00,"1","High_Value"
"14416",22.8944444444444,2,490.22,245.11,326,2.85600952003173,13,"United Kingdom",2011-10-28 15:10:00,2011-11-17 15:22:00,"2","Not_High_Value"
"14417",388.079861111111,1,524.65,524.65,543,30,106,"United Kingdom",2010-11-17 10:55:00,2010-11-17 10:55:00,"2","Not_High_Value"
"14418",4.04930555555556,3,1937.25,645.75,1711,0.85094648098174,114,"United Kingdom",2011-08-23 17:18:00,2011-12-06 11:39:00,"1","High_Value"
"14419",11.0611111111111,7,1254.64,179.234285714286,552,0.562989054852336,118,"United Kingdom",2010-11-22 11:09:00,2011-11-29 11:22:00,"1","High_Value"
"14420",99.7798611111111,4,1639.17,409.7925,1120,0.202283651313556,85,"United Kingdom",2010-01-17 12:41:00,2011-09-01 18:07:00,"1","High_Value"
"14421",57.9763888888889,6,2469.37,411.561666666667,1342,0.283429231263819,72,"United Kingdom",2010-01-17 11:30:00,2011-10-13 13:24:00,"1","High_Value"
"14422",1.05833333333333,19,10271.52,540.606315789474,6067,0.788416577495932,317,"United Kingdom",2009-12-17 12:12:00,2011-12-09 11:26:00,"1","High_Value"
"14423",218.901388888889,3,916.61,305.536666666667,419,0.188623499635415,12,"United Kingdom",2010-01-14 11:49:00,2011-05-05 15:12:00,"2","Not_High_Value"
"14424",18.0430555555556,1,322.08,322.08,48,30,1,"United Kingdom",2011-11-22 11:48:00,2011-11-22 11:48:00,"2","Not_High_Value"
"14425",435.101388888889,3,661.39,220.463333333333,325,0.296097949932944,35,"United Kingdom",2009-12-02 11:31:00,2010-10-01 10:24:00,"2","Not_High_Value"
"14426",24.0173611111111,17,11727.94,689.878823529412,7023,0.818739137269242,452,"United Kingdom",2010-03-04 14:36:00,2011-11-16 12:25:00,"1","High_Value"
"14427",50.9354166666667,4,1263.52,315.88,538,0.206118179193992,43,"United Kingdom",2010-03-18 09:49:00,2011-10-20 14:23:00,"1","High_Value"
"14428",7.98125,5,1224.06,244.812,428,0.470426302057244,108,"United Kingdom",2011-01-18 16:39:00,2011-12-02 13:17:00,"1","High_Value"
"14429",404.1125,1,516.28,516.28,286,30,22,"United Kingdom",2010-11-01 10:08:00,2010-11-01 10:08:00,"2","Not_High_Value"
"14430",512.052083333333,3,1220.9,406.966666666667,446,0.92959201239456,29,"United Kingdom",2010-04-11 15:59:00,2010-07-16 11:35:00,"1","High_Value"
"14431",303.090277777778,4,2614.2,653.55,1202,0.310885862789229,72,"United Kingdom",2010-01-21 10:49:00,2011-02-10 10:40:00,"1","High_Value"
"14432",10.1986111111111,6,2248.5,374.75,2013,2.22919802193077,256,"United Kingdom",2011-09-11 14:09:00,2011-11-30 08:04:00,"1","High_Value"
"14433",466.010416666667,1,280.7,280.7,131,30,72,"United Kingdom",2010-08-31 12:35:00,2010-08-31 12:35:00,"2","Not_High_Value"
"14434",22.1625,6,1372.8,228.8,368,3.47989528092905,3,"United Kingdom",2011-09-28 15:31:00,2011-11-18 08:56:00,"2","Not_High_Value"
"14435",502.011805555556,1,90.42,90.42,282,30,3,"United Kingdom",2010-07-26 12:33:00,2010-07-26 12:33:00,"2","Not_High_Value"
"14436",99.1090277777778,2,271.7,135.85,297,0.131594779464513,11,"United Kingdom",2010-06-04 11:32:00,2011-09-02 10:13:00,"2","Not_High_Value"
"14437",366.140972222222,5,873.34,174.668,420,0.685307452401273,34,"United Kingdom",2010-05-05 12:20:00,2010-12-09 09:27:00,"1","High_Value"
"14438",306.9125,1,131.9,131.9,82,30,9,"United Kingdom",2011-02-06 14:56:00,2011-02-06 14:56:00,"2","Not_High_Value"
"14439",320.049305555556,5,9443.04,1888.608,2244,0.406612727731364,105,"Greece",2010-01-21 14:01:00,2011-01-24 11:39:00,"1","High_Value"
"14440",8.88055555555556,13,5982.03,460.156153846154,1605,0.534140377341263,63,"United Kingdom",2009-12-02 12:13:00,2011-12-01 15:42:00,"1","High_Value"
"14441",1.15486111111111,11,4611.69,419.244545454546,1260,0.477613380411218,103,"United Kingdom",2010-01-18 10:40:00,2011-12-09 09:07:00,"1","High_Value"
"14442",205.051388888889,7,5367.02,766.717142857143,1431,0.431262541054796,128,"Channel Islands",2010-01-18 12:59:00,2011-05-19 11:36:00,"1","High_Value"
"14443",54.1111111111111,5,2082.97,416.594,1357,0.458957316969522,119,"United Kingdom",2010-11-25 14:18:00,2011-10-17 10:10:00,"1","High_Value"
"14444",456.745833333333,1,120.44,120.44,172,30,11,"United Kingdom",2010-09-09 18:56:00,2010-09-09 18:56:00,"2","Not_High_Value"
"14445",456.070138888889,1,221.65,221.65,83,30,32,"United Kingdom",2010-09-10 11:09:00,2010-09-10 11:09:00,"2","Not_High_Value"
"14446",1.05277777777778,5,1200.28,240.056,1091,0.387620548195949,259,"United Kingdom",2010-11-18 12:08:00,2011-12-09 11:34:00,"1","High_Value"
"14447",19.1819444444444,6,1711.73,285.288333333333,913,0.470233084670982,81,"United Kingdom",2010-11-04 13:32:00,2011-11-21 08:28:00,"1","High_Value"
"14448",9.95833333333333,2,375.35,187.675,104,0.168610369537727,20,"United Kingdom",2010-12-10 17:26:00,2011-11-30 13:50:00,"2","Not_High_Value"
"14449",19.0305555555556,8,2230.96,278.87,1604,0.572857874558049,301,"United Kingdom",2010-09-29 13:15:00,2011-11-21 12:06:00,"1","High_Value"
"14450",181.086111111111,7,1128.44,161.205714285714,522,0.48730414772535,47,"United Kingdom",2010-04-08 12:09:00,2011-06-12 10:46:00,"1","High_Value"
"14451",60.9666666666667,12,3258.68,271.556666666667,1737,0.569505736254247,245,"United Kingdom",2010-01-17 10:35:00,2011-10-10 13:38:00,"1","High_Value"
"14452",11.0305555555556,4,658.95,164.7375,285,0.234396300662088,108,"United Kingdom",2010-07-06 13:13:00,2011-11-29 12:06:00,"1","High_Value"
"14453",190.940972222222,1,119.93,119.93,49,30,22,"United Kingdom",2011-06-02 14:15:00,2011-06-02 14:15:00,"2","Not_High_Value"
"14454",376.975,5,977.3,195.46,400,0.418970032004655,93,"United Kingdom",2009-12-06 12:56:00,2010-11-28 13:26:00,"1","High_Value"
"14455",432.876388888889,4,617.72,154.43,706,1.87211544711924,65,"United Kingdom",2010-08-01 13:26:00,2010-10-03 15:48:00,"2","Not_High_Value"
"14456",5.95208333333333,9,3017.28,335.253333333333,2885,1.95600006037037,580,"United Kingdom",2011-07-20 13:06:00,2011-12-04 13:59:00,"1","High_Value"
"14457",311.132638888889,1,113.64,113.64,88,30,4,"United Kingdom",2011-02-02 09:39:00,2011-02-02 09:39:00,"2","Not_High_Value"
"14458",381.004861111111,1,228.07,228.07,317,30,46,"United Kingdom",2010-11-24 12:43:00,2010-11-24 12:43:00,"2","Not_High_Value"
"14459",155.96875,2,5375.741,2687.8705,2303,0.120722827932244,113,"United Kingdom",2010-02-26 13:26:00,2011-07-07 13:35:00,"1","High_Value"
"14460",110.938194444444,9,1093.5,121.5,1879,0.439166712789714,33,"United Kingdom",2009-12-15 19:06:00,2011-08-21 14:19:00,"1","High_Value"
"14461",148.81875,13,6676.91,513.608461538461,3005,0.717990546969188,515,"United Kingdom",2010-01-18 12:48:00,2011-07-14 17:11:00,"1","High_Value"
"14462",66.8715277777778,12,2242.81,186.900833333333,1063,0.980737142013916,182,"United Kingdom",2010-10-03 14:13:00,2011-10-04 15:55:00,"1","High_Value"
"14463",98.8958333333333,4,786.57,196.6425,210,0.298391483409744,7,"United Kingdom",2010-07-28 11:35:00,2011-09-02 15:20:00,"2","Not_High_Value"
"14464",568.784722222222,2,111,55.5,62,0.99815157116451,4,"United Kingdom",2010-03-22 15:20:00,2010-05-20 18:00:00,"2","Not_High_Value"
"14465",247.008333333333,11,3925.85,356.895454545455,2539,0.723844050602061,128,"United Kingdom",2010-01-07 15:03:00,2011-04-07 12:38:00,"1","High_Value"
"14466",29.9465277777778,13,4267.15,328.242307692308,2507,0.55879318184758,77,"United Kingdom",2009-12-13 15:44:00,2011-11-10 14:07:00,"1","High_Value"
"14467",18.0013888888889,12,2203.24,183.603333333333,1187,0.499304595066285,144,"United Kingdom",2009-12-02 12:44:00,2011-11-22 12:48:00,"1","High_Value"
"14468",734.020138888889,1,204.24,204.24,164,30,12,"United Kingdom",2009-12-06 12:21:00,2009-12-06 12:21:00,"2","Not_High_Value"
"14469",416.930555555556,4,2093.46,523.365,973,0.454308835360371,120,"United Kingdom",2010-01-29 11:12:00,2010-10-19 14:30:00,"1","High_Value"
"14470",12.0965277777778,3,712.04,237.346666666667,282,0.214331075359865,56,"United Kingdom",2010-10-05 12:39:00,2011-11-28 10:31:00,"1","High_Value"
"14471",591.818055555556,2,400.95,200.475,187,0.421945049471104,38,"United Kingdom",2009-12-07 12:26:00,2010-04-27 17:12:00,"2","Not_High_Value"
"14472",104.075694444444,9,2118.72,235.413333333333,1271,0.460035591230926,173,"United Kingdom",2010-01-19 13:09:00,2011-08-28 11:01:00,"1","High_Value"
"14473",74.9027777777778,2,234.34,117.17,88,0.287010769547626,7,"United Kingdom",2011-03-02 13:56:00,2011-09-26 15:10:00,"2","Not_High_Value"
"14474",46.975,2,1258.89,629.445,448,0.112348738807387,122,"United Kingdom",2010-05-09 12:12:00,2011-10-24 13:26:00,"1","High_Value"
"14475",72.0861111111111,4,1151.15,287.7875,541,0.354966865650793,40,"United Kingdom",2010-10-27 09:20:00,2011-09-29 10:46:00,"1","High_Value"
"14476",257.882638888889,1,193,193,110,30,17,"United Kingdom",2011-03-27 15:39:00,2011-03-27 15:39:00,"2","Not_High_Value"
"14477",20.06875,7,1969.6,281.371428571429,1120,0.306206142349403,7,"United Kingdom",2010-01-04 15:41:00,2011-11-20 11:11:00,"1","High_Value"
"14478",382.889583333333,4,1276.66,319.165,1226,0.336050127477349,59,"United Kingdom",2009-12-01 13:20:00,2010-11-22 15:29:00,"1","High_Value"
"14479",254.154861111111,4,1124.71,281.1775,562,0.249581503237482,127,"United Kingdom",2009-12-06 13:48:00,2011-03-31 09:07:00,"1","High_Value"
"14480",11.84375,4,1299.52,324.88,670,0.169491026686009,52,"United Kingdom",2009-12-21 16:32:00,2011-11-28 16:35:00,"1","High_Value"
"14481",165.091666666667,5,2284.69,456.938,1568,0.291878086847244,114,"United Kingdom",2010-01-31 12:43:00,2011-06-28 10:38:00,"1","High_Value"
"14482",18.9833333333333,12,4306.72,358.893333333333,2869,0.794773871195733,185,"United Kingdom",2010-08-26 14:13:00,2011-11-21 13:14:00,"1","High_Value"
"14483",282.1,2,257.1,128.55,193,0.131576943577248,13,"United Kingdom",2009-12-03 10:16:00,2011-03-03 10:26:00,"2","Not_High_Value"
"14484",50.94375,4,1070.98,267.745,744,0.178270405668339,47,"United Kingdom",2009-12-17 10:57:00,2011-10-20 14:11:00,"1","High_Value"
"14485",39.0173611111111,1,162.8,162.8,70,30,44,"United Kingdom",2011-11-01 12:25:00,2011-11-01 12:25:00,"2","Not_High_Value"
"14486",512.130555555556,2,175.5,87.75,90,1.39643134212568,4,"United Kingdom",2010-06-04 10:30:00,2010-07-16 09:42:00,"2","Not_High_Value"
"14487",27.0229166666667,7,1266.27,180.895714285714,761,0.593312287489626,129,"United Kingdom",2010-11-25 13:36:00,2011-11-13 12:17:00,"1","High_Value"
"14488",68.1388888888889,1,1064.28,1064.28,799,30,46,"United Kingdom",2011-10-03 09:30:00,2011-10-03 09:30:00,"2","Not_High_Value"
"14489",207.915972222222,4,1574.93,393.7325,1011,0.295415419385611,65,"United Kingdom",2010-04-06 09:52:00,2011-05-16 14:51:00,"1","High_Value"
"14490",406.906944444444,2,1273.47,636.735,933,2.59241478636582,72,"United Kingdom",2010-10-07 11:36:00,2010-10-29 15:04:00,"1","High_Value"
"14491",175.894444444444,2,340.93,170.465,139,0.302826379542396,17,"United Kingdom",2010-12-02 12:10:00,2011-06-17 15:22:00,"2","Not_High_Value"
"14492",430.978472222222,7,1921.91,274.558571428571,751,1.10551367634479,70,"United Kingdom",2010-03-30 14:23:00,2010-10-05 13:21:00,"1","High_Value"
"14493",7.85833333333333,10,5087.86,508.786,3148,0.472202881093412,292,"United Kingdom",2010-03-08 08:33:00,2011-12-02 16:14:00,"1","High_Value"
"14494",26.1451388888889,3,401.46,133.82,210,0.127328960657709,17,"United Kingdom",2009-12-08 13:25:00,2011-11-14 09:21:00,"2","Not_High_Value"
"14495",51.0152777777778,3,174.8,58.2666666666667,68,0.147504208308721,7,"United Kingdom",2010-02-18 08:49:00,2011-10-20 12:28:00,"2","Not_High_Value"
"14496",312.159027777778,7,2363.89,337.698571428571,905,0.650510039452229,64,"United Kingdom",2010-03-16 13:15:00,2011-02-01 09:01:00,"1","High_Value"
"14497",309.825694444444,2,697.06,348.53,332,0.164251685290729,40,"United Kingdom",2010-02-04 09:59:00,2011-02-03 17:01:00,"2","Not_High_Value"
"14498",43.0284722222222,10,3900.83,390.083,2120,0.589580797135074,276,"United Kingdom",2010-06-07 16:05:00,2011-10-28 12:09:00,"1","High_Value"
"14499",26.9923611111111,7,2101.79,300.255714285714,1231,0.472925633069763,199,"United Kingdom",2010-08-27 11:57:00,2011-11-13 13:01:00,"1","High_Value"
"14500",88.8368055555556,3,356.85,118.95,117,0.879974469876491,6,"United Kingdom",2011-06-03 10:08:00,2011-09-12 16:45:00,"2","Not_High_Value"
"14501",184.033333333333,2,251.21,125.605,161,0.437780896741471,9,"United Kingdom",2011-01-24 10:43:00,2011-06-09 12:02:00,"2","Not_High_Value"
"14502",20.0416666666667,11,2429.83,220.893636363636,1480,1.11928170002685,368,"United Kingdom",2011-01-30 15:52:00,2011-11-20 11:50:00,"1","High_Value"
"14503",3.97222222222222,6,3543.26,590.543333333333,2004,1.02188054405677,113,"United Kingdom",2011-06-14 10:00:00,2011-12-06 13:30:00,"1","High_Value"
"14504",47.8680555555556,4,673.26,168.315,308,0.517114453468677,85,"United Kingdom",2011-03-06 14:38:00,2011-10-23 16:00:00,"1","High_Value"
"14505",17.8784722222222,19,11879.08,625.214736842105,5325,0.798275072285325,898,"United Kingdom",2009-12-09 14:48:00,2011-11-22 15:45:00,"1","High_Value"
"14506",17.9916666666667,7,2960.25,422.892857142857,936,0.360087878589418,251,"United Kingdom",2010-04-19 08:27:00,2011-11-22 13:02:00,"1","High_Value"
"14507",24.0201388888889,11,3216.74,292.430909090909,1491,0.466890745404044,182,"United Kingdom",2009-12-10 17:04:00,2011-11-16 12:21:00,"1","High_Value"
"14508",22.7097222222222,5,822.92,164.584,347,0.2888604189011,142,"United Kingdom",2010-06-17 13:02:00,2011-11-17 19:48:00,"1","High_Value"
"14509",534.978472222222,1,110.95,110.95,38,30,25,"United Kingdom",2010-06-23 13:21:00,2010-06-23 13:21:00,"2","Not_High_Value"
"14510",376.002777777778,3,979.85,326.616666666667,793,1.45241003687059,67,"United Kingdom",2010-09-29 13:35:00,2010-11-29 12:46:00,"1","High_Value"
"14511",11.8229166666667,5,1314.81,262.962,784,1.2175050165716,53,"United Kingdom",2011-07-29 12:13:00,2011-11-28 17:05:00,"1","High_Value"
"14512",188.007638888889,7,1215.97,173.71,736,0.384649630487045,55,"United Kingdom",2009-12-07 13:49:00,2011-06-05 12:39:00,"1","High_Value"
"14513",101.059027777778,6,788.01,131.335,593,0.384018205307511,15,"United Kingdom",2010-05-20 17:57:00,2011-08-31 11:25:00,"1","High_Value"
"14514",61.8645833333333,9,4380.04,486.671111111111,2362,0.4053360911756,212,"United Kingdom",2009-12-13 13:21:00,2011-10-09 16:05:00,"1","High_Value"
"14515",18.0506944444444,12,3724.06,310.338333333333,1893,0.674209910261412,109,"United Kingdom",2010-06-07 12:37:00,2011-11-22 11:37:00,"1","High_Value"
"14516",516.946527777778,1,151.17,151.17,63,30,35,"United Kingdom",2010-07-11 14:07:00,2010-07-11 14:07:00,"2","Not_High_Value"
"14517",33.9375,2,330.45,165.225,91,0.549905166817297,17,"United Kingdom",2011-07-21 11:42:00,2011-11-06 14:20:00,"2","Not_High_Value"
"14518",64.9215277777778,1,174.37,174.37,278,30,16,"United Kingdom",2011-10-06 14:43:00,2011-10-06 14:43:00,"2","Not_High_Value"
"14519",684.063888888889,2,203.14,101.57,81,1.30359998792963,38,"United Kingdom",2009-12-11 10:40:00,2010-01-25 11:18:00,"2","Not_High_Value"
"14520",2.12777777777778,2,270.6,135.3,146,0.206881194164226,3,"United Kingdom",2011-02-22 09:15:00,2011-12-08 09:46:00,"2","Not_High_Value"
"14521",491.84375,1,199.45,199.45,211,30,17,"United Kingdom",2010-08-05 16:35:00,2010-08-05 16:35:00,"2","Not_High_Value"
"14522",24.9763888888889,8,1748.42,218.5525,956,0.363098058539056,34,"United Kingdom",2010-01-24 13:55:00,2011-11-15 13:24:00,"1","High_Value"
"14523",108.984027777778,1,241.09,241.09,251,30,12,"United Kingdom",2011-08-23 13:13:00,2011-08-23 13:13:00,"2","Not_High_Value"
"14524",32.0145833333333,13,2909.86,223.835384615385,1169,1.01028090342427,250,"United Kingdom",2010-10-19 11:44:00,2011-11-08 12:29:00,"1","High_Value"
"14525",20.0506944444444,17,8026.54,472.149411764706,5106,0.720440740217545,340,"United Kingdom",2009-12-13 14:01:00,2011-11-20 11:37:00,"1","High_Value"
"14526",389.970833333333,1,258.65,258.65,178,30,41,"United Kingdom",2010-11-15 13:32:00,2010-11-15 13:32:00,"2","Not_High_Value"
"14527",3.02152777777778,122,27246.88,223.335081967213,6647,4.9727650910079,607,"United Kingdom",2009-12-02 12:06:00,2011-12-07 12:19:00,"1","High_Value"
"14528",37.8201388888889,1,364.22,364.22,278,30,18,"United Kingdom",2011-11-02 17:09:00,2011-11-02 17:09:00,"2","Not_High_Value"
"14529",60.8909722222222,3,578.61,192.87,325,1.76285757035788,177,"United Kingdom",2011-08-21 14:10:00,2011-10-10 15:27:00,"1","High_Value"
"14530",26.0916666666667,16,6088.87,380.554375,2989,0.724017543179707,269,"United Kingdom",2010-01-21 11:25:00,2011-11-14 10:38:00,"1","High_Value"
"14531",480.106944444444,1,376.34,376.34,260,30,29,"United Kingdom",2010-08-17 10:16:00,2010-08-17 10:16:00,"2","Not_High_Value"
"14532",236.989583333333,11,3845.78,349.616363636364,1111,0.712659606057607,209,"United Kingdom",2010-01-10 11:47:00,2011-04-17 13:05:00,"1","High_Value"
"14533",25.03125,11,3466.37,315.124545454545,6038,0.562185899923338,74,"United Kingdom",2010-04-08 12:13:00,2011-11-15 12:05:00,"1","High_Value"
"14534",3.02152777777778,26,6187.66,237.986923076923,2822,1.23238567351655,437,"United Kingdom",2010-03-15 14:16:00,2011-12-07 12:19:00,"1","High_Value"
"14535",60.8826388888889,9,5973.23,663.692222222222,3214,0.454526324649636,589,"United Kingdom",2010-02-24 15:03:00,2011-10-10 15:39:00,"1","High_Value"
"14536",260.020138888889,1,170.95,170.95,39,30,18,"United Kingdom",2011-03-25 12:21:00,2011-03-25 12:21:00,"2","Not_High_Value"
"14537",58.0805555555556,2,641.4,320.7,228,0.105842143303402,23,"United Kingdom",2010-03-26 13:44:00,2011-10-13 10:54:00,"2","Not_High_Value"
"14538",65.0965277777778,5,1370.84,274.168,284,0.242019789599648,45,"United Kingdom",2010-01-25 15:42:00,2011-10-06 10:31:00,"1","High_Value"
"14539",16.125,2,537.48,268.74,428,2.0061764227831,31,"United Kingdom",2011-10-26 12:03:00,2011-11-24 09:50:00,"1","High_Value"
"14540",10.1076388888889,11,3709.64,337.24,1595,0.455873253421208,197,"United Kingdom",2009-12-07 13:00:00,2011-11-30 10:15:00,"1","High_Value"
"14541",59.1125,14,2491.38,177.955714285714,1123,0.652251984094887,99,"United Kingdom",2010-01-07 11:59:00,2011-10-12 10:08:00,"1","High_Value"
"14542",186.188194444444,1,103.25,103.25,19,30,5,"United Kingdom",2011-06-07 08:19:00,2011-06-07 08:19:00,"2","Not_High_Value"
"14543",29.0034722222222,39,14587.87,374.047948717949,2639,1.64566927595631,106,"United Kingdom",2009-12-01 13:47:00,2011-11-11 12:45:00,"1","High_Value"
"14544",24.9055555555556,3,2938.53,979.51,2412,0.201359174427385,148,"United Kingdom",2010-08-26 16:00:00,2011-11-15 15:06:00,"1","High_Value"
"14545",674.89375,1,349.25,349.25,236,30,23,"United Kingdom",2010-02-03 15:23:00,2010-02-03 15:23:00,"2","Not_High_Value"
"14546",5.99305555555556,11,5184.84,471.349090909091,2688,0.452679209335556,410,"United Kingdom",2009-12-06 13:10:00,2011-12-04 13:00:00,"1","High_Value"
"14547",4.07222222222222,8,3974.75,496.84375,2639,4.62830282171124,198,"United Kingdom",2011-10-16 14:35:00,2011-12-06 11:06:00,"1","High_Value"
"14548",151.021527777778,9,2541.29,282.365555555556,986,0.462384299864781,66,"United Kingdom",2009-12-06 14:00:00,2011-07-12 12:19:00,"1","High_Value"
"14549",311.960416666667,4,913.6,228.4,394,0.281039129169032,117,"United Kingdom",2009-12-02 14:06:00,2011-02-01 13:47:00,"1","High_Value"
"14550",11.0263888888889,4,1345.06,336.265,771,0.253161960657342,77,"United Kingdom",2010-08-13 12:05:00,2011-11-29 12:12:00,"1","High_Value"
"14551",18.9680555555556,7,878.09,125.441428571429,486,0.316235294117647,69,"United Kingdom",2010-01-27 12:06:00,2011-11-21 13:36:00,"1","High_Value"
"14552",152.000694444444,3,507.93,169.31,258,0.203637506383313,124,"United Kingdom",2010-04-26 13:44:00,2011-07-11 12:49:00,"1","High_Value"
"14553",19.9791666666667,9,1818.6,202.066666666667,1118,0.549841397343847,233,"United Kingdom",2010-07-18 12:07:00,2011-11-20 13:20:00,"1","High_Value"
"14554",10.8375,4,2279.49,569.8725,1443,2.78081750885098,147,"United Kingdom",2011-10-18 13:04:00,2011-11-29 16:44:00,"1","High_Value"
"14555",57.8513888888889,6,2304.03,384.005,842,0.27059615715874,94,"United Kingdom",2009-12-18 11:39:00,2011-10-13 16:24:00,"1","High_Value"
"14556",596.911805555556,3,815.69,271.896666666667,323,0.966385301398872,158,"United Kingdom",2010-01-20 11:49:00,2010-04-22 14:57:00,"1","High_Value"
"14557",85.8763888888889,1,788.38,788.38,510,30,16,"United Kingdom",2011-09-15 15:48:00,2011-09-15 15:48:00,"2","Not_High_Value"
"14558",654.999305555556,3,655.5,218.5,162,1.15251222765674,13,"United Kingdom",2009-12-08 10:41:00,2010-02-23 12:51:00,"2","Not_High_Value"
"14559",390.864583333333,1,75.6,75.6,72,30,2,"United Kingdom",2010-11-14 16:05:00,2010-11-14 16:05:00,"2","Not_High_Value"
"14560",7.89444444444444,44,6114.03,138.955227272727,4580,1.80521906610684,60,"United Kingdom",2009-12-02 10:15:00,2011-12-02 15:22:00,"1","High_Value"
"14561",76.0076388888889,3,1080.76,360.253333333333,1014,0.81842465883185,67,"United Kingdom",2011-06-08 13:26:00,2011-09-25 12:39:00,"1","High_Value"
"14562",4.07291666666667,26,6638.15,255.313461538462,2574,1.16788928343047,245,"United Kingdom",2010-02-07 14:10:00,2011-12-06 11:05:00,"1","High_Value"
"14563",510.034027777778,2,640.54,320.27,279,0.714581093375238,95,"United Kingdom",2010-04-26 12:51:00,2010-07-18 12:01:00,"2","Not_High_Value"
"14564",435.158333333333,2,2605.62,1302.81,1295,0.198686918628048,107,"Channel Islands",2009-12-04 09:27:00,2010-10-01 09:02:00,"1","High_Value"
"14565",96.1548611111111,5,3859.22,771.844,1940,0.395808099039982,139,"United Kingdom",2010-08-23 09:48:00,2011-09-05 09:07:00,"1","High_Value"
"14566",111.072916666667,4,4092,1023,2400,0.283004498919899,9,"Channel Islands",2010-06-24 10:34:00,2011-08-21 11:05:00,"1","High_Value"
"14567",57.1034722222222,2,1530.36,765.18,412,0.80153627786591,33,"United Kingdom",2011-08-01 13:48:00,2011-10-14 10:21:00,"1","High_Value"
"14568",435.815972222222,1,919.7,919.7,645,30,47,"Channel Islands",2010-09-30 17:15:00,2010-09-30 17:15:00,"2","Not_High_Value"
"14569",1.91111111111111,4,597.33,149.3325,257,0.198961668790997,31,"United Kingdom",2010-04-15 11:49:00,2011-12-08 14:58:00,"1","High_Value"
"14570",281.077777777778,3,613.75,204.583333333333,431,0.549080417402799,64,"United Kingdom",2010-09-22 13:07:00,2011-03-04 10:58:00,"1","High_Value"
"14571",425.905555555556,1,160,160,56,30,30,"United Kingdom",2010-10-10 15:06:00,2010-10-10 15:06:00,"2","Not_High_Value"
"14572",3.92361111111111,11,5526.88,502.443636363636,2878,0.533086234999938,336,"United Kingdom",2010-03-28 13:47:00,2011-12-06 14:40:00,"1","High_Value"
"14573",180.065972222222,13,2163.12,166.393846153846,683,0.747443638943198,183,"United Kingdom",2010-01-08 16:34:00,2011-06-13 11:15:00,"1","High_Value"
"14574",733.005555555556,1,143.7,143.7,63,30,11,"United Kingdom",2009-12-07 12:42:00,2009-12-07 12:42:00,"2","Not_High_Value"
"14575",488.915972222222,1,420.22,420.22,163,30,71,"United Kingdom",2010-08-08 14:51:00,2010-08-08 14:51:00,"2","Not_High_Value"
"14576",372.790972222222,1,35.4,35.4,12,30,1,"United Kingdom",2010-12-02 17:51:00,2010-12-02 17:51:00,"2","Not_High_Value"
"14577",13.0020833333333,7,1364.15,194.878571428571,569,0.292876250099272,104,"United Kingdom",2009-12-11 12:09:00,2011-11-27 12:47:00,"1","High_Value"
"14578",3.81388888888889,1,168.63,168.63,240,30,24,"United Kingdom",2011-12-06 17:18:00,2011-12-06 17:18:00,"2","Not_High_Value"
"14579",432.926388888889,1,105.56,105.56,56,30,24,"United Kingdom",2010-10-03 14:36:00,2010-10-03 14:36:00,"2","Not_High_Value"
"14580",518.895833333333,1,14.85,14.85,3,30,1,"United Kingdom",2010-07-09 15:20:00,2010-07-09 15:20:00,"2","Not_High_Value"
"14581",17.0076388888889,2,409.65,204.825,304,0.113449698058356,59,"United Kingdom",2010-06-13 15:48:00,2011-11-23 12:39:00,"1","High_Value"
"14582",41.0375,1,114.11,114.11,73,30,6,"United Kingdom",2011-10-30 11:56:00,2011-10-30 11:56:00,"2","Not_High_Value"
"14583",6.0125,8,1660.29,207.53625,1071,0.389050743203995,353,"United Kingdom",2010-03-28 15:16:00,2011-12-04 12:32:00,"1","High_Value"
"14584",169.761805555556,8,1738.16,217.27,960,0.487617671625618,127,"United Kingdom",2010-02-17 14:01:00,2011-06-23 18:33:00,"1","High_Value"
"14585",50.9284722222222,5,1143.27,228.654,630,0.408614192532954,88,"United Kingdom",2010-10-19 12:17:00,2011-10-20 14:33:00,"1","High_Value"
"14586",277.115277777778,1,237.36,237.36,444,30,19,"United Kingdom",2011-03-08 10:04:00,2011-03-08 10:04:00,"2","Not_High_Value"
"14587",19.0527777777778,9,1580.29,175.587777777778,749,0.860066628618452,170,"United Kingdom",2011-01-12 13:16:00,2011-11-21 11:34:00,"1","High_Value"
"14588",578.904166666667,1,135.39,135.39,62,30,16,"United Kingdom",2010-05-10 15:08:00,2010-05-10 15:08:00,"2","Not_High_Value"
"14589",372.047222222222,1,39.75,39.75,5,30,3,"United Kingdom",2010-12-03 11:42:00,2010-12-03 11:42:00,"2","Not_High_Value"
"14590",425.030555555556,20,2993.37,149.6685,901,1.94228884352885,124,"United Kingdom",2009-12-07 14:10:00,2010-10-11 12:06:00,"1","High_Value"
"14591",15.9534722222222,4,1320.21,330.0525,1228,0.603040328321956,138,"United Kingdom",2011-05-10 14:09:00,2011-11-24 13:57:00,"1","High_Value"
"14592",35.84375,3,557.94,185.98,407,3.00647226668523,132,"United Kingdom",2011-10-06 18:08:00,2011-11-04 16:35:00,"1","High_Value"
"14593",22.0013888888889,12,3665.53,305.460833333333,1848,0.507046716960537,436,"United Kingdom",2009-12-09 12:57:00,2011-11-18 12:48:00,"1","High_Value"
"14594",7.97361111111111,2,363.33,181.665,183,0.163495782035901,48,"United Kingdom",2010-12-01 13:54:00,2011-12-02 13:28:00,"1","High_Value"
"14595",20.0263888888889,8,2164.45,270.55625,1228,0.358248686369653,119,"United Kingdom",2010-01-20 13:59:00,2011-11-20 12:12:00,"1","High_Value"
"14596",627.025694444444,1,222.22,222.22,75,30,50,"United Kingdom",2010-03-23 12:13:00,2010-03-23 12:13:00,"2","Not_High_Value"
"14597",11.9840277777778,6,2184.63,364.105,1436,0.421548409760667,79,"United Kingdom",2010-09-28 13:17:00,2011-11-28 13:13:00,"1","High_Value"
"14598",44.9798611111111,2,384.04,192.02,354,0.114066633925318,83,"United Kingdom",2010-05-19 13:07:00,2011-10-26 13:19:00,"1","High_Value"
"14599",390.917361111111,2,457.89,228.945,292,0.500188149477523,77,"United Kingdom",2010-07-18 15:54:00,2010-11-14 14:49:00,"2","Not_High_Value"
"14600",306.126388888889,2,865.17,432.585,487,0.676098660323025,53,"United Kingdom",2010-11-11 15:56:00,2011-02-07 09:48:00,"1","High_Value"
"14601",11.1263888888889,1,213.96,213.96,168,30,7,"United Kingdom",2011-11-29 09:48:00,2011-11-29 09:48:00,"2","Not_High_Value"
"14602",656.877083333333,1,205.36,205.36,80,30,31,"United Kingdom",2010-02-21 15:47:00,2010-02-21 15:47:00,"2","Not_High_Value"
"14603",275.099305555556,1,660,660,400,30,2,"United Kingdom",2011-03-10 10:27:00,2011-03-10 10:27:00,"2","Not_High_Value"
"14604",633.993055555556,1,143.86,143.86,88,30,20,"United Kingdom",2010-03-16 13:00:00,2010-03-16 13:00:00,"2","Not_High_Value"
"14605",374.946527777778,4,921.56,230.39,416,0.335190329138282,88,"United Kingdom",2009-12-08 13:59:00,2010-11-30 14:07:00,"1","High_Value"
"14606",1.72361111111111,192,29951.37,155.99671875,15217,7.82307535595446,1262,"United Kingdom",2009-12-03 12:40:00,2011-12-08 19:28:00,"1","High_Value"
"14607",16.09375,22,23763.13,1080.14227272727,15335,0.929622927568836,106,"United Kingdom",2009-12-15 11:25:00,2011-11-24 10:35:00,"1","High_Value"
"14608",4.83194444444444,11,3352.94,304.812727272727,927,0.451943872223142,15,"United Kingdom",2009-12-06 12:34:00,2011-12-05 16:52:00,"1","High_Value"
"14609",72.9972222222222,10,1486.2,148.62,12720,0.502403862927479,6,"United Kingdom",2010-02-09 09:48:00,2011-09-28 12:54:00,"1","High_Value"
"14610",396.077777777778,2,24.35,12.175,15,0.500892795028175,10,"United Kingdom",2010-07-13 16:06:00,2010-11-09 10:58:00,"2","Not_High_Value"
"14611",444.146527777778,2,604.33,302.165,582,0.384718140528987,37,"United Kingdom",2010-04-20 10:19:00,2010-09-22 09:19:00,"2","Not_High_Value"
"14612",415.867361111111,1,877.7,877.7,134,30,14,"United Kingdom",2010-10-20 16:01:00,2010-10-20 16:01:00,"2","Not_High_Value"
"14613",680.991666666667,1,76.32,76.32,72,30,1,"United Kingdom",2010-01-28 13:02:00,2010-01-28 13:02:00,"2","Not_High_Value"
"14614",386.990277777778,1,295.13,295.13,189,30,19,"United Kingdom",2010-11-18 13:04:00,2010-11-18 13:04:00,"2","Not_High_Value"
"14615",394.968055555556,5,951.76,190.352,495,0.967841668272268,40,"United Kingdom",2010-06-09 13:59:00,2010-11-10 13:36:00,"1","High_Value"
"14616",243.122222222222,5,527.78,105.556,170,0.488586086154013,3,"United Kingdom",2010-06-09 09:42:00,2011-04-11 09:54:00,"2","Not_High_Value"
"14617",403.047916666667,2,190.47,95.235,81,4.27278571781811,7,"United Kingdom",2010-10-20 10:40:00,2010-11-02 11:41:00,"2","Not_High_Value"
"14618",9.96180555555556,7,1342.32,191.76,704,0.390226780603251,40,"United Kingdom",2010-06-11 10:11:00,2011-11-30 13:45:00,"1","High_Value"
"14619",246.217361111111,2,1291.24,645.62,594,0.202220682682045,58,"United Kingdom",2010-06-16 14:41:00,2011-04-08 07:37:00,"1","High_Value"
"14620",206.036111111111,2,412.78,206.39,214,0.758107538958304,26,"United Kingdom",2011-03-01 08:30:00,2011-05-18 11:58:00,"2","Not_High_Value"
"14621",1.85277777777778,9,3000.57,333.396666666667,1706,0.395140423231167,134,"United Kingdom",2010-01-25 09:08:00,2011-12-08 16:22:00,"1","High_Value"
"14622",185.005555555556,1,320.58,320.58,146,30,21,"United Kingdom",2011-06-08 12:42:00,2011-06-08 12:42:00,"2","Not_High_Value"
"14623",32.9541666666667,10,2016.98,201.698,1025,0.525519315267796,193,"United Kingdom",2010-04-16 17:12:00,2011-11-07 13:56:00,"1","High_Value"
"14624",57.9625,6,814.07,135.678333333333,645,0.328392246294185,39,"United Kingdom",2010-04-14 10:44:00,2011-10-13 13:44:00,"1","High_Value"
"14625",196.8875,11,4497.88,408.898181818182,2155,0.624893977110891,167,"United Kingdom",2009-12-16 13:23:00,2011-05-27 15:32:00,"1","High_Value"
"14626",24.0923611111111,11,5410.92,491.901818181818,3135,0.466880194926411,181,"United Kingdom",2009-12-10 14:57:00,2011-11-16 10:37:00,"1","High_Value"
"14627",379.845833333333,1,462.75,462.75,284,30,29,"United Kingdom",2010-11-25 16:32:00,2010-11-25 16:32:00,"2","Not_High_Value"
"14628",91.9111111111111,5,1998,399.6,1147,0.25294576421239,65,"United Kingdom",2010-01-25 14:40:00,2011-09-09 14:58:00,"1","High_Value"
"14629",4.82986111111111,2,955.26,477.63,378,1.36273303681272,133,"United Kingdom",2011-10-23 16:13:00,2011-12-05 16:55:00,"1","High_Value"
"14630",484.841666666667,1,338.65,338.65,111,30,21,"United Kingdom",2010-08-12 16:38:00,2010-08-12 16:38:00,"2","Not_High_Value"
"14631",51.0645833333333,6,2025.69,337.615,1407,0.411094475600782,65,"United Kingdom",2010-08-09 14:45:00,2011-10-20 11:17:00,"1","High_Value"
"14632",263.167361111111,1,114.56,114.56,96,30,8,"United Kingdom",2011-03-22 08:49:00,2011-03-22 08:49:00,"2","Not_High_Value"
"14633",266.821527777778,1,344.9,344.9,96,30,20,"United Kingdom",2011-03-18 17:07:00,2011-03-18 17:07:00,"2","Not_High_Value"
"14634",438.090277777778,4,2124.46,531.115,1906,1.14246423187793,105,"United Kingdom",2010-06-16 09:48:00,2010-09-28 10:40:00,"1","High_Value"
"14635",454.085416666667,1,215.22,215.22,118,30,15,"United Kingdom",2010-09-12 10:47:00,2010-09-12 10:47:00,"2","Not_High_Value"
"14636",36.8597222222222,2,609.85,304.925,241,0.257219410538851,27,"United Kingdom",2011-03-16 09:52:00,2011-11-03 16:12:00,"1","High_Value"
"14637",677.873611111111,1,106.68,106.68,100,30,7,"United Kingdom",2010-01-31 15:52:00,2010-01-31 15:52:00,"2","Not_High_Value"
"14638",51.1111111111111,1,443.6,443.6,166,30,16,"United Kingdom",2011-10-20 10:10:00,2011-10-20 10:10:00,"2","Not_High_Value"
"14639",52.9055555555556,9,4978.96,553.217777777778,2410,0.442546875480194,203,"United Kingdom",2010-02-16 12:35:00,2011-10-18 15:06:00,"1","High_Value"
"14640",24.9881944444444,10,3649.36,364.936,1645,0.452563110030454,165,"United Kingdom",2010-01-22 15:44:00,2011-11-15 13:07:00,"1","High_Value"
"14641",22.0888888888889,1,110.46,110.46,90,30,7,"United Kingdom",2011-11-18 10:42:00,2011-11-18 10:42:00,"2","Not_High_Value"
"14642",59.0708333333333,1,96.12,96.12,76,30,2,"United Kingdom",2011-10-12 11:08:00,2011-10-12 11:08:00,"2","Not_High_Value"
"14643",170.922916666667,5,1679.89,335.978,1377,0.26827998991466,57,"United Kingdom",2009-12-11 11:52:00,2011-06-22 14:41:00,"1","High_Value"
"14644",68.1805555555556,7,2247.72,321.102857142857,770,0.313586899036218,50,"United Kingdom",2009-12-03 16:24:00,2011-10-03 08:30:00,"1","High_Value"
"14645",157.149305555556,3,876.89,292.296666666667,587,0.187929039386795,45,"United Kingdom",2010-03-15 11:33:00,2011-07-06 09:15:00,"1","High_Value"
"14646",2.02638888888889,151,528602.52,3500.67894039735,367193,6.14816211121583,961,"Netherlands",2009-12-02 16:52:00,2011-12-08 12:12:00,"1","High_Value"
"14647",201.965277777778,2,506.04,253.02,175,0.185753322168068,42,"United Kingdom",2010-07-04 13:27:00,2011-05-22 13:40:00,"2","Not_High_Value"
"14648",416.984722222222,15,4466.65,297.776666666667,3265,1.4332700010838,286,"United Kingdom",2009-12-10 13:59:00,2010-10-19 13:12:00,"1","High_Value"
"14649",5.01388888888889,9,3651.19,405.687777777778,2415,0.394176568392879,374,"United Kingdom",2010-01-20 13:10:00,2011-12-05 12:30:00,"1","High_Value"
"14650",589.682638888889,1,62.5,62.5,22,30,4,"United Kingdom",2010-04-29 20:27:00,2010-04-29 20:27:00,"2","Not_High_Value"
"14651",67.8736111111111,9,2025.52,225.057777777778,880,0.477727550306997,216,"United Kingdom",2010-03-18 11:39:00,2011-10-03 15:52:00,"1","High_Value"
"14652",77.9368055555556,1,114.18,114.18,53,30,29,"United Kingdom",2011-09-23 14:21:00,2011-09-23 14:21:00,"2","Not_High_Value"
"14653",1.96180555555556,12,3593.06,299.421666666667,1969,0.488414292901599,271,"United Kingdom",2009-12-02 11:51:00,2011-12-08 13:45:00,"1","High_Value"
"14654",738.995138888889,1,246.86,246.86,273,30,27,"United Kingdom",2009-12-01 12:57:00,2009-12-01 12:57:00,"2","Not_High_Value"
"14655",8.84861111111111,7,3878.51,554.072857142857,2341,0.356486486167876,72,"United Kingdom",2010-04-22 14:29:00,2011-12-01 16:28:00,"1","High_Value"
"14656",169.957638888889,5,790,158,309,0.344771995575426,148,"United Kingdom",2010-04-15 12:10:00,2011-06-23 13:51:00,"1","High_Value"
"14657",18.0020833333333,6,1450.19,241.698333333333,879,0.42990065181696,143,"United Kingdom",2010-09-30 19:57:00,2011-11-22 12:47:00,"1","High_Value"
"14658",5.88541666666667,2,247.15,123.575,47,0.530996294088364,27,"United Kingdom",2011-08-14 15:42:00,2011-12-04 15:35:00,"2","Not_High_Value"
"14659",9.02291666666667,9,2529.93,281.103333333333,1195,0.876674768993493,147,"United Kingdom",2011-01-28 12:43:00,2011-12-01 12:17:00,"1","High_Value"
"14660",87.0527777777778,2,285.74,142.87,228,3.99002493765586,24,"United Kingdom",2011-08-31 10:40:00,2011-09-14 11:34:00,"2","Not_High_Value"
"14661",27.0409722222222,1,107.95,107.95,35,30,4,"United Kingdom",2011-11-13 11:51:00,2011-11-13 11:51:00,"2","Not_High_Value"
"14662",29.0256944444444,7,1376.43,196.632857142857,907,0.296271331241929,199,"United Kingdom",2009-12-03 16:47:00,2011-11-11 12:13:00,"1","High_Value"
"14663",430.978472222222,2,490.6,245.3,397,59.6273291925466,60,"United Kingdom",2010-10-05 13:12:00,2010-10-05 13:21:00,"2","Not_High_Value"
"14664",20.0770833333333,2,636.24,318.12,465,4.04437578991715,78,"United Kingdom",2011-11-06 14:56:00,2011-11-20 10:59:00,"1","High_Value"
"14665",61.15,7,2749.65,392.807142857143,1144,0.394059398199367,94,"United Kingdom",2010-04-26 11:17:00,2011-10-10 09:14:00,"1","High_Value"
"14666",24.9951388888889,1,195.25,195.25,161,30,14,"United Kingdom",2011-11-15 12:57:00,2011-11-15 12:57:00,"2","Not_High_Value"
"14667",11.0555555555556,54,20395.34,377.691481481482,11939,2.2254190786185,578,"United Kingdom",2009-12-02 12:38:00,2011-11-29 11:30:00,"1","High_Value"
"14668",445.907638888889,1,111.63,111.63,49,30,10,"United Kingdom",2010-09-20 15:03:00,2010-09-20 15:03:00,"2","Not_High_Value"
"14669",242.046527777778,7,3216.78,459.54,2043,0.422584219889128,334,"United Kingdom",2009-12-02 13:06:00,2011-04-12 11:43:00,"1","High_Value"
"14670",280.942361111111,3,583.33,194.443333333333,423,0.198671232834713,159,"United Kingdom",2009-12-07 13:59:00,2011-03-04 14:13:00,"1","High_Value"
"14671",549.965972222222,2,1127.45,563.725,571,3.0296654744372,48,"United Kingdom",2010-05-20 18:21:00,2010-06-08 13:39:00,"1","High_Value"
"14672",235.104861111111,4,1113.14,278.285,646,0.268487242194759,93,"United Kingdom",2010-01-28 11:33:00,2011-04-19 10:19:00,"1","High_Value"
"14673",3.92986111111111,7,3037.32,433.902857142857,1822,0.515744358619702,86,"United Kingdom",2010-10-26 10:14:00,2011-12-06 14:31:00,"1","High_Value"
"14674",509.934027777778,1,173.66,173.66,103,30,14,"United Kingdom",2010-07-18 14:25:00,2010-07-18 14:25:00,"2","Not_High_Value"
"14675",16.9944444444444,2,1015.58,507.79,660,0.160847128208565,196,"United Kingdom",2010-11-16 12:22:00,2011-11-23 12:58:00,"1","High_Value"
"14676",31.9729166666667,12,8356.79,696.399166666667,8792,0.590971945932451,77,"United Kingdom",2010-03-10 09:30:00,2011-11-08 13:29:00,"1","High_Value"
"14677",593.126388888889,1,184.91,184.91,139,30,14,"United Kingdom",2010-04-26 09:48:00,2010-04-26 09:48:00,"2","Not_High_Value"
"14678",579.929166666667,1,403.39,403.39,179,30,24,"United Kingdom",2010-05-09 14:32:00,2010-05-09 14:32:00,"2","Not_High_Value"
"14679",382.040972222222,3,1289.44,429.813333333333,794,0.256573711489197,49,"United Kingdom",2009-12-08 17:13:00,2010-11-23 11:51:00,"1","High_Value"
"14680",25.8270833333333,58,55688.5,960.146551724138,26894,2.44662890353802,222,"United Kingdom",2009-12-04 12:36:00,2011-11-14 16:59:00,"1","High_Value"
"14681",71.8736111111111,6,875.15,145.858333333333,172,0.308594205762806,19,"United Kingdom",2010-02-24 08:54:00,2011-09-29 15:52:00,"2","Not_High_Value"
"14682",188.026388888889,6,1514.81,252.468333333333,949,0.370452417873757,79,"United Kingdom",2010-02-05 14:47:00,2011-06-05 12:12:00,"1","High_Value"
"14683",588.813888888889,1,146.56,146.56,386,30,21,"United Kingdom",2010-04-30 17:18:00,2010-04-30 17:18:00,"2","Not_High_Value"
"14684",26.0534722222222,6,1430.03,238.338333333333,1005,0.491947024593555,272,"United Kingdom",2010-11-14 14:07:00,2011-11-14 11:33:00,"1","High_Value"
"14685",576.9875,8,4536.64,567.08,1969,1.58870255957635,109,"United Kingdom",2009-12-13 11:32:00,2010-05-12 13:08:00,"1","High_Value"
"14686",414.763194444444,5,852.53,170.506,457,0.609752654964685,185,"United Kingdom",2010-02-18 18:29:00,2010-10-21 18:31:00,"1","High_Value"
"14687",107.035416666667,3,1402.06,467.353333333333,850,0.20176764649561,34,"United Kingdom",2010-06-06 10:36:00,2011-08-25 11:59:00,"1","High_Value"
"14688",8.01666666666667,28,7190.42,256.800714285714,5041,1.86669259295268,197,"United Kingdom",2010-09-09 12:35:00,2011-12-02 12:26:00,"1","High_Value"
"14689",209.061111111111,1,112.8,112.8,76,30,13,"United Kingdom",2011-05-15 11:22:00,2011-05-15 11:22:00,"2","Not_High_Value"
"14690",44.8826388888889,4,777.68,194.42,341,0.326852400038587,69,"United Kingdom",2010-10-25 12:20:00,2011-10-26 15:39:00,"1","High_Value"
"14691",31.0138888888889,5,2114.33,422.866,707,0.819190291078032,50,"United Kingdom",2011-05-11 09:55:00,2011-11-09 12:30:00,"1","High_Value"
"14692",137.904166666667,12,1715.14,142.928333333333,890,0.748371598835866,101,"United Kingdom",2010-04-01 14:04:00,2011-07-25 15:08:00,"1","High_Value"
"14693",265,7,1165.36,166.48,388,0.80097048805166,43,"United Kingdom",2010-07-02 08:28:00,2011-03-20 12:50:00,"1","High_Value"
"14694",617.711111111111,1,244.31,244.31,193,30,15,"United Kingdom",2010-04-01 19:46:00,2010-04-01 19:46:00,"2","Not_High_Value"
"14695",519.938888888889,3,1534.22,511.406666666667,661,0.420297516158429,76,"United Kingdom",2009-12-07 11:05:00,2010-07-08 14:18:00,"1","High_Value"
"14696",4.96319444444444,8,2473.28,309.16,1867,0.574048235997608,137,"United Kingdom",2010-10-14 11:43:00,2011-12-05 13:43:00,"1","High_Value"
"14697",218.882638888889,2,188.61,94.305,181,59.5862068965517,22,"United Kingdom",2011-05-05 15:29:00,2011-05-05 15:39:00,"2","Not_High_Value"
"14698",2.01666666666667,5,1217.27,243.454,602,2.94229826186455,148,"United Kingdom",2011-10-19 12:54:00,2011-12-08 12:26:00,"1","High_Value"
"14699",214.913888888889,4,702.6,175.65,484,0.384469907664924,45,"United Kingdom",2010-07-02 12:04:00,2011-05-09 14:54:00,"1","High_Value"
"14700",32.9236111111111,5,3076.06,615.212,1606,0.330325232718714,111,"United Kingdom",2010-08-11 12:19:00,2011-11-07 14:40:00,"1","High_Value"
"14701",11.0083333333333,15,4487.11,299.140666666667,1744,0.666650892005642,455,"United Kingdom",2010-01-24 12:15:00,2011-11-29 12:38:00,"1","High_Value"
"14702",1.72291666666667,29,6368.78,219.613103448276,2878,1.1934758937494,338,"United Kingdom",2009-12-10 20:22:00,2011-12-08 19:29:00,"1","High_Value"
"14703",15.14375,1,318.17,318.17,183,30,22,"United Kingdom",2011-11-25 09:23:00,2011-11-25 09:23:00,"2","Not_High_Value"
"14704",11.9993055555556,11,1752.92,159.356363636364,1164,0.537623459932797,319,"United Kingdom",2010-03-25 17:21:00,2011-11-28 12:51:00,"1","High_Value"
"14705",199.007638888889,1,179,179,100,30,1,"United Kingdom",2011-05-25 12:39:00,2011-05-25 12:39:00,"2","Not_High_Value"
"14706",619.070138888889,1,367.54,367.54,246,30,25,"United Kingdom",2010-03-31 11:09:00,2010-03-31 11:09:00,"2","Not_High_Value"
"14707",436.050694444444,2,139.2,69.6,96,0.422473228692973,1,"United Kingdom",2010-05-12 11:07:00,2010-09-30 11:37:00,"2","Not_High_Value"
"14708",3.18680555555556,5,1793.22,358.644,1159,0.330459660207914,27,"United Kingdom",2010-09-10 10:26:00,2011-12-07 08:21:00,"1","High_Value"
"14709",15.88125,25,8886.33,355.4532,4141,1.04165159647575,105,"United Kingdom",2009-12-05 15:26:00,2011-11-24 15:41:00,"1","High_Value"
"14710",14.9145833333333,13,1899.79,146.137692307692,1135,0.539491114631295,310,"United Kingdom",2009-12-03 17:12:00,2011-11-25 14:53:00,"1","High_Value"
"14711",10.9111111111111,11,2839.62,258.147272727273,966,1.30403999934139,221,"United Kingdom",2011-03-22 13:32:00,2011-11-29 14:58:00,"1","High_Value"
"14712",29.99375,4,1328.07,332.0175,411,0.307752586867086,24,"United Kingdom",2010-10-17 14:49:00,2011-11-10 12:59:00,"1","High_Value"
"14713",9.85,21,5115.76,243.607619047619,3329,0.865529927185578,222,"United Kingdom",2009-12-03 19:22:00,2011-11-30 16:26:00,"1","High_Value"
"14714",24.9881944444444,4,906.24,226.56,642,0.180708528020279,64,"United Kingdom",2010-01-21 11:51:00,2011-11-15 13:07:00,"1","High_Value"
"14715",25.0277777777778,8,1825.45,228.18125,1030,0.360363366394448,102,"United Kingdom",2010-01-19 12:18:00,2011-11-15 12:10:00,"1","High_Value"
"14716",43.80625,3,543.28,181.093333333333,643,0.223756133438766,85,"United Kingdom",2010-09-21 12:07:00,2011-10-27 17:29:00,"1","High_Value"
"14717",733.989583333333,1,81.3,81.3,32,30,11,"United Kingdom",2009-12-06 13:05:00,2009-12-06 13:05:00,"2","Not_High_Value"
"14718",410.988194444444,1,226.42,226.42,202,30,11,"United Kingdom",2010-10-25 13:07:00,2010-10-25 13:07:00,"2","Not_High_Value"
"14719",2.00486111111111,5,1581.84,316.368,1025,0.602567607527632,177,"United Kingdom",2011-04-04 14:17:00,2011-12-08 12:43:00,"1","High_Value"
"14720",6.03333333333333,3,663.81,221.27,219,0.737721714975295,34,"United Kingdom",2011-08-05 12:06:00,2011-12-04 12:02:00,"1","High_Value"
"14721",379.9875,1,109.07,109.07,57,30,24,"United Kingdom",2010-11-25 13:08:00,2010-11-25 13:08:00,"2","Not_High_Value"
"14722",147.911111111111,3,489.52,163.173333333333,214,0.264657232126447,72,"United Kingdom",2010-08-10 13:28:00,2011-07-15 14:58:00,"2","Not_High_Value"
"14723",10.89375,11,1803.06,163.914545454545,1168,0.454440694628668,287,"United Kingdom",2009-12-04 11:22:00,2011-11-29 15:23:00,"1","High_Value"
"14724",590.975,1,341.9,341.9,184,30,40,"United Kingdom",2010-04-28 13:26:00,2010-04-28 13:26:00,"2","Not_High_Value"
"14725",25.0055555555556,4,1252.74,313.185,1335,0.234811960190676,85,"United Kingdom",2010-06-23 11:34:00,2011-11-15 12:42:00,"1","High_Value"
"14726",655.010416666667,1,116.5,116.5,82,30,15,"United Kingdom",2010-02-23 12:35:00,2010-02-23 12:35:00,"2","Not_High_Value"
"14727",274.920138888889,3,463.73,154.576666666667,458,0.329601578832254,43,"United Kingdom",2010-06-11 13:23:00,2011-03-10 14:45:00,"2","Not_High_Value"
"14728",413.870138888889,1,190.58,190.58,68,30,14,"United Kingdom",2010-10-22 15:57:00,2010-10-22 15:57:00,"2","Not_High_Value"
"14729",374.004861111111,3,586.24,195.413333333333,372,0.355777123201555,126,"United Kingdom",2010-03-24 13:30:00,2010-12-01 12:43:00,"1","High_Value"
"14730",1.92430555555556,8,1897.57,237.19625,1078,0.869324613256194,317,"United Kingdom",2011-03-08 12:49:00,2011-12-08 14:39:00,"1","High_Value"
"14731",47.8722222222222,3,380.02,126.673333333333,256,0.541787900070232,38,"United Kingdom",2011-05-11 13:06:00,2011-10-23 15:54:00,"2","Not_High_Value"
"14732",8.92777777777778,19,5517.07,290.372105263158,2273,0.788210642764269,162,"United Kingdom",2009-12-09 10:48:00,2011-12-01 14:34:00,"1","High_Value"
"14733",16.8826388888889,15,14335.15,955.676666666667,5799,1.16279695734796,140,"United Kingdom",2010-11-02 15:42:00,2011-11-23 15:39:00,"1","High_Value"
"14734",426.031944444444,4,1056.42,264.105,378,0.945869756799807,48,"United Kingdom",2010-06-06 15:15:00,2010-10-10 12:04:00,"1","High_Value"
"14735",4.02847222222222,56,12240.16,218.574285714286,4513,2.29187054796662,198,"United Kingdom",2009-12-04 11:32:00,2011-12-06 12:09:00,"1","High_Value"
"14736",485.895138888889,2,374.05,187.025,148,59.6685082872928,70,"United Kingdom",2010-08-11 15:13:00,2010-08-11 15:21:00,"2","Not_High_Value"
"14737",4.10694444444444,4,3554.17,888.5425,1071,0.301545946493045,28,"United Kingdom",2010-11-04 11:29:00,2011-12-06 10:16:00,"1","High_Value"
"14738",43.1625,9,1821.9,202.433333333333,757,0.390771441924509,58,"United Kingdom",2009-12-07 10:21:00,2011-10-28 08:56:00,"1","High_Value"
"14739",4.83055555555556,25,11573.62,462.9448,9696,1.02159442512139,129,"United Kingdom",2009-12-02 13:23:00,2011-12-05 16:54:00,"1","High_Value"
"14740",197.772916666667,11,4161.06,378.278181818182,2081,0.723246940431056,173,"United Kingdom",2010-02-25 11:40:00,2011-05-26 18:17:00,"1","High_Value"
"14741",12.1680555555556,7,1713.09,244.727142857143,1006,0.516010135913384,48,"United Kingdom",2010-10-18 09:33:00,2011-11-28 08:48:00,"1","High_Value"
"14742",435.946527777778,1,579.85,579.85,374,30,34,"United Kingdom",2010-09-30 14:07:00,2010-09-30 14:07:00,"2","Not_High_Value"
"14743",593.1,1,50.48,50.48,40,30,3,"United Kingdom",2010-04-26 10:26:00,2010-04-26 10:26:00,"2","Not_High_Value"
"14744",16.9993055555556,14,3660.08,261.434285714286,2399,0.756827780384796,57,"United Kingdom",2010-05-18 14:06:00,2011-11-23 12:51:00,"1","High_Value"
"14745",113.114583333333,12,2551.41,212.6175,1969,0.684435947674449,74,"United Kingdom",2010-03-12 10:33:00,2011-08-19 10:05:00,"1","High_Value"
"14746",406.920833333333,4,593.5,148.375,398,6.61106435075369,7,"United Kingdom",2010-10-12 11:06:00,2010-10-29 14:44:00,"2","Not_High_Value"
"14747",249.945138888889,1,328.2,328.2,84,30,18,"United Kingdom",2011-04-04 14:09:00,2011-04-04 14:09:00,"2","Not_High_Value"
"14748",29.7618055555556,10,2681.9,268.19,2422,0.486177150799322,129,"United Kingdom",2010-03-04 17:08:00,2011-11-10 18:33:00,"1","High_Value"
"14749",480.009722222222,1,310.15,310.15,403,30,18,"United Kingdom",2010-08-17 12:36:00,2010-08-17 12:36:00,"2","Not_High_Value"
"14750",736.786805555556,1,112.03,112.03,65,30,32,"United Kingdom",2009-12-03 17:57:00,2009-12-03 17:57:00,"2","Not_High_Value"
"14751",684.967361111111,2,126.45,63.225,65,1.39604776293041,7,"United Kingdom",2009-12-13 14:08:00,2010-01-24 13:37:00,"2","Not_High_Value"
"14752",44.0381944444444,1,389.64,389.64,260,30,5,"United Kingdom",2011-10-27 11:55:00,2011-10-27 11:55:00,"2","Not_High_Value"
"14753",87.9166666666667,2,869.51,434.755,412,0.160360514193019,45,"United Kingdom",2010-09-05 11:04:00,2011-09-13 14:50:00,"1","High_Value"
"14754",45.0340277777778,6,1547.93,257.988333333333,1010,0.278190090121998,110,"United Kingdom",2010-01-18 11:04:00,2011-10-26 12:01:00,"1","High_Value"
"14755",10.0597222222222,25,9972.55,398.902,4401,1.03054123453115,219,"United Kingdom",2009-12-03 16:51:00,2011-11-30 11:24:00,"1","High_Value"
"14756",15.7756944444444,3,2653.76,884.586666666667,1423,0.219369887082059,102,"United Kingdom",2010-10-11 11:50:00,2011-11-24 18:13:00,"1","High_Value"
"14757",75.9263888888889,1,420.5,420.5,160,30,19,"United Kingdom",2011-09-25 14:36:00,2011-09-25 14:36:00,"2","Not_High_Value"
"14758",145.186805555556,7,2864.97,409.281428571429,840,0.449682813015819,91,"United Kingdom",2010-04-08 08:27:00,2011-07-18 08:21:00,"1","High_Value"
"14759",5.03263888888889,3,1625.97,541.99,569,0.392932073686891,92,"United Kingdom",2011-04-21 10:55:00,2011-12-05 12:03:00,"1","High_Value"
"14760",297.849305555556,1,89.2,89.2,40,30,5,"United Kingdom",2011-02-15 16:27:00,2011-02-15 16:27:00,"2","Not_High_Value"
"14761",59.0277777777778,3,447.92,149.306666666667,206,0.23261323741627,21,"United Kingdom",2010-09-21 14:22:00,2011-10-12 12:10:00,"2","Not_High_Value"
"14762",264.1875,2,417.57,208.785,428,0.164972390037501,28,"United Kingdom",2010-03-23 15:36:00,2011-03-21 08:20:00,"2","Not_High_Value"
"14764",47.0388888888889,1,278.3,278.3,190,30,6,"United Kingdom",2011-10-24 11:54:00,2011-10-24 11:54:00,"2","Not_High_Value"
"14765",29.70625,3,254.11,84.7033333333333,135,0.608096694881853,38,"United Kingdom",2011-06-16 19:49:00,2011-11-10 19:53:00,"2","Not_High_Value"
"14766",8.86458333333333,11,6375.73,579.611818181818,3999,0.606390065003177,251,"United Kingdom",2010-06-06 11:11:00,2011-12-01 16:05:00,"1","High_Value"
"14767",474.913888888889,1,382.81,382.81,117,30,18,"United Kingdom",2010-08-22 14:54:00,2010-08-22 14:54:00,"2","Not_High_Value"
"14768",17.9972222222222,2,192.6,96.3,52,0.540645395440807,4,"United Kingdom",2011-08-04 13:25:00,2011-11-22 12:54:00,"2","Not_High_Value"
"14769",3.10138888888889,17,15514.11,912.594705882353,11058,0.706325673457101,834,"United Kingdom",2009-12-16 09:17:00,2011-12-07 10:24:00,"1","High_Value"
"14770",232.936805555556,8,3637.64,454.705,1598,0.570331851944756,152,"United Kingdom",2010-02-25 18:58:00,2011-04-21 14:21:00,"1","High_Value"
"14771",621.998611111111,2,594.62,297.31,622,0.51665988949219,46,"United Kingdom",2009-12-03 09:44:00,2010-03-28 12:52:00,"2","Not_High_Value"
"14772",112.906944444444,1,139.26,139.26,82,30,9,"United Kingdom",2011-08-19 15:04:00,2011-08-19 15:04:00,"2","Not_High_Value"
"14773",593.097916666667,1,140.55,140.55,53,30,10,"United Kingdom",2010-04-26 10:29:00,2010-04-26 10:29:00,"2","Not_High_Value"
"14774",529.016666666667,1,241.45,241.45,99,30,13,"United Kingdom",2010-06-29 12:26:00,2010-06-29 12:26:00,"2","Not_High_Value"
"14775",58.8909722222222,3,1011.9,337.3,1174,0.285759014307795,57,"United Kingdom",2010-12-02 16:38:00,2011-10-12 15:27:00,"1","High_Value"
"14776",51.8861111111111,15,3708.3,247.22,4658,1.13620025178759,68,"United Kingdom",2010-09-19 14:12:00,2011-10-19 15:34:00,"1","High_Value"
"14777",404,1,307.56,307.56,212,30,16,"United Kingdom",2010-11-01 12:50:00,2010-11-01 12:50:00,"2","Not_High_Value"
"14778",127.89375,2,730.86,365.43,306,0.329393823865803,34,"United Kingdom",2011-02-04 11:43:00,2011-08-04 15:23:00,"1","High_Value"
"14779",281.005555555556,3,386.15,128.716666666667,84,2.04422852455913,40,"United Kingdom",2011-01-20 12:04:00,2011-03-04 12:42:00,"2","Not_High_Value"
"14780",55.0027777777778,2,447.68,223.84,310,2.31691292805235,26,"United Kingdom",2011-09-21 15:15:00,2011-10-16 12:46:00,"2","Not_High_Value"
"14782",320.068055555556,1,200.1,200.1,114,30,6,"United Kingdom",2011-01-24 11:12:00,2011-01-24 11:12:00,"2","Not_High_Value"
"14783",659.856944444444,1,307.3,307.3,262,30,17,"United Kingdom",2010-02-18 16:16:00,2010-02-18 16:16:00,"2","Not_High_Value"
"14784",26.9722222222222,3,449.93,149.976666666667,363,0.247148542758033,25,"United Kingdom",2010-11-15 09:49:00,2011-11-13 13:30:00,"1","High_Value"
"14785",10.9784722222222,2,77.4,38.7,84,10.0220392065886,2,"United Kingdom",2011-11-24 13:40:00,2011-11-29 13:21:00,"2","Not_High_Value"
"14786",550.963888888889,1,90.96,90.96,112,30,7,"United Kingdom",2010-06-07 13:42:00,2010-06-07 13:42:00,"2","Not_High_Value"
"14787",471.925,1,110.65,110.65,59,30,14,"United Kingdom",2010-08-25 14:38:00,2010-08-25 14:38:00,"2","Not_High_Value"
"14788",7.82222222222222,3,1156.32,385.44,719,0.15255494214448,53,"United Kingdom",2010-04-22 18:16:00,2011-12-02 17:06:00,"1","High_Value"
"14789",29.1604166666667,1,197.64,197.64,116,30,6,"United Kingdom",2011-11-11 08:59:00,2011-11-11 08:59:00,"2","Not_High_Value"
"14790",17.1402777777778,10,2526.62,252.662,2642,0.4208840318352,65,"United Kingdom",2009-12-11 14:37:00,2011-11-23 09:28:00,"1","High_Value"
"14791",607.101388888889,1,303.63,303.63,127,30,19,"United Kingdom",2010-04-12 10:24:00,2010-04-12 10:24:00,"2","Not_High_Value"
"14792",64.1465277777778,1,6.2,6.2,2,30,2,"United Kingdom",2011-10-07 09:19:00,2011-10-07 09:19:00,"2","Not_High_Value"
"14793",21.9166666666667,2,625.9,312.95,361,0.116524337942159,39,"United Kingdom",2010-06-22 16:54:00,2011-11-18 14:50:00,"1","High_Value"
"14794",3.11041666666667,10,1953.9,195.39,783,0.617577808370753,85,"United Kingdom",2010-08-09 15:44:00,2011-12-07 10:11:00,"1","High_Value"
"14795",166.990277777778,1,131.45,131.45,17,30,6,"United Kingdom",2011-06-26 13:04:00,2011-06-26 13:04:00,"2","Not_High_Value"
"14796",1.88819444444444,27,10169.33,376.641851851852,7188,1.11721462608654,487,"United Kingdom",2009-12-14 15:06:00,2011-12-08 15:31:00,"1","High_Value"
"14797",507.946527777778,1,300.31,300.31,99,30,16,"United Kingdom",2010-07-20 14:07:00,2010-07-20 14:07:00,"2","Not_High_Value"
"14798",53.0777777777778,8,724.31,90.53875,601,0.40194459305436,30,"United Kingdom",2010-03-01 08:38:00,2011-10-18 10:58:00,"1","High_Value"
"14799",51.8569444444444,2,338.15,169.075,495,0.0873099442388574,20,"United Kingdom",2009-12-02 11:18:00,2011-10-19 16:16:00,"2","Not_High_Value"
"14800",48.0027777777778,17,7191.33,423.019411764706,6501,1.31131617289947,337,"United Kingdom",2010-09-30 14:38:00,2011-10-23 12:46:00,"1","High_Value"
"14801",61.8930555555556,1,189.34,189.34,173,30,56,"United Kingdom",2011-10-09 15:24:00,2011-10-09 15:24:00,"2","Not_High_Value"
"14802",438.844444444444,2,1502.98,751.49,2,59.9167822468793,1,"United Kingdom",2010-09-27 16:32:00,2010-09-27 16:34:00,"2","Not_High_Value"
"14803",162.952777777778,3,845.55,281.85,370,0.68688817396927,35,"United Kingdom",2011-02-20 13:21:00,2011-06-30 13:58:00,"1","High_Value"
"14804",9.0625,1,353.27,353.27,121,30,12,"United Kingdom",2011-12-01 11:20:00,2011-12-01 11:20:00,"2","Not_High_Value"
"14805",15.8541666666667,7,1082.55,154.65,416,0.345874327752526,88,"United Kingdom",2010-03-28 12:34:00,2011-11-24 16:20:00,"1","High_Value"
"14806",75.8875,2,303.43,151.715,423,0.164389191410665,17,"United Kingdom",2010-09-26 15:50:00,2011-09-25 15:32:00,"2","Not_High_Value"
"14807",391.002083333333,2,504.14,252.07,234,0.230723628342689,37,"United Kingdom",2010-02-28 11:33:00,2010-11-14 12:47:00,"2","Not_High_Value"
"14808",40.0201388888889,8,2718.6,339.825,2120,1.79134184773594,176,"United Kingdom",2011-06-20 12:53:00,2011-10-31 12:21:00,"1","High_Value"
"14809",621.879166666667,2,686.76,343.38,232,59.9167822468793,18,"United Kingdom",2010-03-28 15:42:00,2010-03-28 15:44:00,"2","Not_High_Value"
"14810",41.0631944444444,13,2354.03,181.079230769231,1162,1.00020125132016,125,"United Kingdom",2010-10-06 13:12:00,2011-10-30 11:19:00,"1","High_Value"
"14811",387.986805555556,1,170.5,170.5,74,30,28,"United Kingdom",2010-11-17 13:09:00,2010-11-17 13:09:00,"2","Not_High_Value"
"14812",599.025694444444,1,178.85,178.85,135,30,36,"United Kingdom",2010-04-20 12:13:00,2010-04-20 12:13:00,"2","Not_High_Value"
"14813",370.036805555556,4,888.91,222.2275,392,0.495856385298776,110,"United Kingdom",2010-04-08 11:49:00,2010-12-05 11:57:00,"1","High_Value"
"14814",581.944444444444,1,154.21,154.21,93,30,28,"United Kingdom",2010-05-07 14:10:00,2010-05-07 14:10:00,"2","Not_High_Value"
"14815",37.0513888888889,2,778.5,389.25,744,1.875,53,"United Kingdom",2011-10-03 11:36:00,2011-11-03 11:36:00,"1","High_Value"
"14816",197.981944444444,1,271.85,271.85,5,30,4,"United Kingdom",2011-05-26 13:16:00,2011-05-26 13:16:00,"2","Not_High_Value"
"14817",200.96875,7,3959.86,565.694285714286,2462,0.49058654618311,142,"United Kingdom",2010-03-22 12:10:00,2011-05-23 13:35:00,"1","High_Value"
"14818",74.0756944444445,6,1153.56,192.26,543,0.313083937175456,87,"United Kingdom",2010-03-02 12:48:00,2011-09-27 11:01:00,"1","High_Value"
"14819",64.9645833333333,4,456.41,114.1025,170,0.183231944283916,52,"United Kingdom",2009-12-21 15:54:00,2011-10-06 13:41:00,"2","Not_High_Value"
"14820",21.88125,9,1274.76,141.64,724,0.410884204207759,51,"United Kingdom",2010-01-31 12:49:00,2011-11-18 15:41:00,"1","High_Value"
"14821",367.171527777778,7,1230.15,175.735714285714,459,0.675678695117864,65,"United Kingdom",2010-02-01 13:33:00,2010-12-08 08:43:00,"1","High_Value"
"14822",485.998611111111,1,157.7,157.7,94,30,9,"United Kingdom",2010-08-11 12:52:00,2010-08-11 12:52:00,"2","Not_High_Value"
"14823",180.984722222222,3,321.43,107.143333333333,88,5.99334073251942,56,"United Kingdom",2011-05-29 12:48:00,2011-06-12 13:12:00,"2","Not_High_Value"
"14824",10.9375,10,4022.91,402.291,1954,0.477668447234775,84,"United Kingdom",2010-03-12 13:07:00,2011-11-29 14:20:00,"1","High_Value"
"14825",4.05,24,4735.08,197.295,2774,1.18053752715646,187,"United Kingdom",2010-04-06 14:14:00,2011-12-06 11:38:00,"1","High_Value"
"14826",582.159722222222,2,385.2,192.6,152,0.522521650781363,10,"United Kingdom",2010-01-13 13:08:00,2010-05-07 09:00:00,"2","Not_High_Value"
"14828",197.106944444444,13,9839.46,756.881538461539,9718,0.72631615704259,72,"United Kingdom",2009-12-07 11:19:00,2011-05-27 10:16:00,"1","High_Value"
"14829",29.8569444444444,7,1455.87,207.981428571429,957,0.514546487845881,77,"United Kingdom",2010-09-29 13:14:00,2011-11-10 16:16:00,"1","High_Value"
"14830",53.93125,1,188.88,188.88,164,30,39,"United Kingdom",2011-10-17 14:29:00,2011-10-17 14:29:00,"2","Not_High_Value"
"14831",680.929861111111,3,1676.57,558.856666666667,885,1.54598592389359,67,"United Kingdom",2009-12-02 09:21:00,2010-01-28 14:31:00,"1","High_Value"
"14832",630.9,1,322.69,322.69,1,30,1,"United Kingdom",2010-03-19 15:14:00,2010-03-19 15:14:00,"2","Not_High_Value"
"14833",499.113888888889,1,94.8,94.8,58,30,7,"United Kingdom",2010-07-29 10:06:00,2010-07-29 10:06:00,"2","Not_High_Value"
"14834",18.0972222222222,7,2206.16,315.165714285714,872,0.537492023824547,55,"United Kingdom",2010-10-28 17:37:00,2011-11-22 10:30:00,"1","High_Value"
"14835",529.1125,2,297,148.5,180,0.669590960522033,1,"United Kingdom",2010-04-01 19:34:00,2010-06-29 10:08:00,"2","Not_High_Value"
"14836",10.8368055555556,3,102.45,34.15,45,4.25769571930747,5,"United Kingdom",2011-11-09 13:26:00,2011-11-29 16:45:00,"2","Not_High_Value"
"14837",90.0777777777778,9,3460.32,384.48,3030,0.453000076898161,171,"United Kingdom",2010-01-24 10:20:00,2011-09-11 10:58:00,"1","High_Value"
"14838",423.877777777778,2,769.92,384.96,361,0.190933319190125,69,"United Kingdom",2009-12-03 09:52:00,2010-10-12 15:46:00,"1","High_Value"
"14839",418.992361111111,3,915.28,305.093333333333,927,0.31374675601348,61,"United Kingdom",2010-01-04 16:29:00,2010-10-17 13:01:00,"1","High_Value"
"14840",268.034722222222,2,362.71,181.355,179,0.219904402669395,20,"United Kingdom",2010-06-18 15:42:00,2011-03-17 12:00:00,"2","Not_High_Value"
"14841",53.9076388888889,14,7163,511.642857142857,4164,0.613204582000904,196,"United Kingdom",2009-12-02 16:49:00,2011-10-17 15:03:00,"1","High_Value"
"14842",44.0090277777778,4,2824.69,706.1725,1166,0.451334021130163,128,"United Kingdom",2011-02-04 15:32:00,2011-10-27 12:37:00,"1","High_Value"
"14843",437.007638888889,1,211.8,211.8,132,30,9,"United Kingdom",2010-09-29 12:39:00,2010-09-29 12:39:00,"2","Not_High_Value"
"14844",64.0895833333333,10,6702.43,670.243,4369,0.551561416746783,158,"United Kingdom",2010-04-12 12:50:00,2011-10-07 10:41:00,"1","High_Value"
"14845",600.104861111111,1,150,150,600,30,1,"United Kingdom",2010-04-19 10:19:00,2010-04-19 10:19:00,"2","Not_High_Value"
"14846",427.821527777778,1,437.4,437.4,193,30,12,"United Kingdom",2010-10-08 17:07:00,2010-10-08 17:07:00,"2","Not_High_Value"
"14847",149.081944444444,3,1348.95,449.65,533,0.215862207957254,56,"United Kingdom",2010-05-24 12:29:00,2011-07-14 10:52:00,"1","High_Value"
"14848",405.019444444444,1,310.56,310.56,260,30,11,"United Kingdom",2010-10-31 12:22:00,2010-10-31 12:22:00,"2","Not_High_Value"
"14849",22.0777777777778,43,15407.61,358.316511627907,11838,1.90273672048331,279,"United Kingdom",2010-01-10 11:40:00,2011-11-18 10:58:00,"1","High_Value"
"14850",312.061805555556,7,1770.96,252.994285714286,1393,0.814231824509347,129,"United Kingdom",2010-05-20 13:28:00,2011-02-01 11:21:00,"1","High_Value"
"14851",23.9375,3,829.41,276.47,631,0.148001297295322,38,"United Kingdom",2010-03-19 11:52:00,2011-11-16 14:20:00,"1","High_Value"
"14852",58.9791666666667,18,6132.43,340.690555555556,4366,0.920030904330274,152,"United Kingdom",2010-03-05 14:51:00,2011-10-12 13:20:00,"1","High_Value"
"14853",24.8291666666667,5,1376.87,275.374,345,0.257593646023398,26,"United Kingdom",2010-04-13 09:26:00,2011-11-15 16:56:00,"1","High_Value"
"14854",78.8263888888889,11,4303.06,391.187272727273,2987,0.541605120630231,170,"United Kingdom",2010-01-22 09:48:00,2011-09-22 17:00:00,"1","High_Value"
"14855",119.95,7,6520.3,931.471428571429,3510,0.426701585456023,168,"United Kingdom",2010-04-08 10:30:00,2011-08-12 14:02:00,"1","High_Value"
"14856",36.9145833333333,3,1290.53,430.176666666667,711,4.24111525623405,65,"United Kingdom",2011-10-14 09:35:00,2011-11-03 14:53:00,"1","High_Value"
"14857",60.14375,7,3651.851,521.693,2081,0.36462597501878,170,"United Kingdom",2010-03-15 11:00:00,2011-10-11 09:23:00,"1","High_Value"
"14858",506.082638888889,1,180.75,180.75,105,30,11,"United Kingdom",2010-07-22 10:51:00,2010-07-22 10:51:00,"2","Not_High_Value"
"14859",13.0638888888889,5,1705.64,341.128,888,0.276224724158921,51,"United Kingdom",2010-06-03 10:26:00,2011-11-27 11:18:00,"1","High_Value"
"14860",19.9395833333333,1,170.32,170.32,232,30,11,"United Kingdom",2011-11-20 14:17:00,2011-11-20 14:17:00,"2","Not_High_Value"
"14861",52.9972222222222,10,1380.73,138.073,1076,0.441157548389469,62,"United Kingdom",2009-12-08 12:12:00,2011-10-18 12:54:00,"1","High_Value"
"14862",26.1173611111111,2,841.2,420.6,772,0.484085140715258,47,"United Kingdom",2011-07-14 11:20:00,2011-11-14 10:01:00,"1","High_Value"
"14863",29.9069444444444,1,266.76,266.76,132,30,11,"United Kingdom",2011-11-10 15:04:00,2011-11-10 15:04:00,"2","Not_High_Value"
"14865",7.85069444444444,4,92.52,23.13,204,0.163931315814439,4,"United Kingdom",2009-12-01 16:05:00,2011-12-02 16:25:00,"2","Not_High_Value"
"14866",11.0451388888889,19,20746.54,1091.92315789474,9089,1.23645927954555,40,"United Kingdom",2010-08-26 11:54:00,2011-11-29 11:45:00,"1","High_Value"
"14867",186.049305555556,16,2952.06,184.50375,996,0.873000636562964,67,"United Kingdom",2009-12-05 15:47:00,2011-06-07 11:39:00,"1","High_Value"
"14868",3.91736111111111,12,4184.01,348.6675,2230,0.861248311644296,132,"United Kingdom",2010-10-15 14:52:00,2011-12-06 14:49:00,"1","High_Value"
"14869",9.00972222222222,6,2778.14,463.023333333333,2130,0.251383725813287,187,"United Kingdom",2009-12-16 11:43:00,2011-12-01 12:36:00,"1","High_Value"
"14870",262.082638888889,6,1838.95,306.491666666667,483,0.425457876059131,43,"United Kingdom",2010-01-25 09:05:00,2011-03-23 10:51:00,"1","High_Value"
"14871",3.96388888888889,9,1228.17,136.463333333333,446,0.366811485501606,123,"United Kingdom",2009-12-01 11:57:00,2011-12-06 13:42:00,"1","High_Value"
"14872",484.011111111111,3,816.6,272.2,662,0.596374814208078,34,"United Kingdom",2010-03-16 14:41:00,2010-08-13 12:34:00,"1","High_Value"
"14873",210.956944444444,2,854.13,427.065,311,0.141467496041694,48,"United Kingdom",2010-03-16 10:51:00,2011-05-13 13:52:00,"1","High_Value"
"14874",535.911111111111,1,116.18,116.18,148,30,6,"United Kingdom",2010-06-22 14:58:00,2010-06-22 14:58:00,"2","Not_High_Value"
"14875",108.020833333333,3,2862.4,954.133333333333,1332,0.26859435620254,88,"United Kingdom",2010-09-24 10:28:00,2011-08-24 12:20:00,"1","High_Value"
"14876",521.911805555556,2,256.7,128.35,162,1.46173106855248,12,"United Kingdom",2010-05-27 13:49:00,2010-07-06 14:57:00,"2","Not_High_Value"
"14877",418.986805555556,2,425.85,212.925,168,0.266630457592179,57,"United Kingdom",2010-03-07 12:25:00,2010-10-17 13:09:00,"2","Not_High_Value"
"14878",13.0659722222222,25,4076.5,163.06,2416,1.1627894457478,159,"United Kingdom",2010-02-21 11:14:00,2011-11-27 11:15:00,"1","High_Value"
"14879",685.052083333333,1,185.06,185.06,104,30,27,"United Kingdom",2010-01-24 11:35:00,2010-01-24 11:35:00,"2","Not_High_Value"
"14880",77.9638888888889,3,690.59,230.196666666667,365,0.424424031045832,45,"United Kingdom",2011-02-24 12:27:00,2011-09-23 13:42:00,"1","High_Value"
"14881",20.0722222222222,1,255.4,255.4,316,30,17,"United Kingdom",2011-11-20 11:06:00,2011-11-20 11:06:00,"2","Not_High_Value"
"14882",27.0020833333333,14,3546.65,253.332142857143,1614,0.707182320441989,32,"United Kingdom",2010-03-30 15:02:00,2011-11-13 12:47:00,"1","High_Value"
"14883",19.1020833333333,6,761.59,126.931666666667,790,0.927722141491943,39,"United Kingdom",2011-05-12 09:49:00,2011-11-21 10:23:00,"1","High_Value"
"14884",669.995833333333,1,120.6,120.6,72,30,8,"United Kingdom",2010-02-08 12:56:00,2010-02-08 12:56:00,"2","Not_High_Value"
"14885",132.03125,3,1598.12,532.706666666667,1308,0.268593242890362,24,"United Kingdom",2010-08-31 10:11:00,2011-07-31 12:05:00,"1","High_Value"
"14886",253.1625,1,364.8,364.8,160,30,18,"United Kingdom",2011-04-01 08:56:00,2011-04-01 08:56:00,"2","Not_High_Value"
"14887",79.8875,1,1862,1862,1100,30,6,"United Kingdom",2011-09-21 15:32:00,2011-09-21 15:32:00,"2","Not_High_Value"
"14888",207.911111111111,1,369.2,369.2,184,30,20,"United Kingdom",2011-05-16 14:58:00,2011-05-16 14:58:00,"2","Not_High_Value"
"14889",336.896527777778,1,135.9,135.9,90,30,10,"United Kingdom",2011-01-07 15:19:00,2011-01-07 15:19:00,"2","Not_High_Value"
"14890",254.036805555556,3,817.25,272.416666666667,636,0.22106345851734,55,"United Kingdom",2010-02-18 09:00:00,2011-03-31 11:57:00,"1","High_Value"
"14891",148.779166666667,4,1106.73,276.6825,788,0.414898904407581,55,"United Kingdom",2010-09-29 12:41:00,2011-07-14 18:08:00,"1","High_Value"
"14892",691.161111111111,1,202.35,202.35,79,30,13,"United Kingdom",2010-01-18 08:58:00,2010-01-18 08:58:00,"2","Not_High_Value"
"14893",10.0131944444444,3,1809.61,603.203333333333,1047,0.14774820786896,98,"United Kingdom",2010-04-01 09:03:00,2011-11-30 12:31:00,"1","High_Value"
"14894",85.9576388888889,3,1492.81,497.603333333333,603,0.13779772442369,39,"United Kingdom",2009-12-02 10:42:00,2011-09-15 13:51:00,"1","High_Value"
"14895",8.14375,38,25119.54,661.04052631579,10714,1.57721644740066,441,"United Kingdom",2009-12-10 14:22:00,2011-12-02 09:23:00,"1","High_Value"
"14896",205.104166666667,8,1826,228.25,931,0.452914457354487,150,"United Kingdom",2009-12-06 12:42:00,2011-05-19 10:20:00,"1","High_Value"
"14897",8.09583333333333,8,3140.54,392.5675,1162,0.334388941943462,94,"United Kingdom",2009-12-15 17:05:00,2011-12-02 10:32:00,"1","High_Value"
"14898",23.9138888888889,14,3365.95,240.425,2207,0.588295945543717,185,"United Kingdom",2009-12-03 16:40:00,2011-11-16 14:54:00,"1","High_Value"
"14899",395.895833333333,1,1331.38,1331.38,570,30,126,"United Kingdom",2010-11-09 15:20:00,2010-11-09 15:20:00,"2","Not_High_Value"
"14900",522.903472222222,1,13.92,13.92,48,30,1,"United Kingdom",2010-07-05 15:09:00,2010-07-05 15:09:00,"2","Not_High_Value"
"14901",11.8201388888889,12,1919,159.916666666667,880,0.73732928636652,103,"United Kingdom",2010-07-29 11:11:00,2011-11-28 17:09:00,"1","High_Value"
"14902",26.0944444444444,3,1035.62,345.206666666667,716,0.170159353709566,51,"United Kingdom",2010-06-04 12:35:00,2011-11-14 10:34:00,"1","High_Value"
"14903",21.8631944444444,5,2795.33,559.066,1531,0.580993444995253,227,"United Kingdom",2011-03-06 11:50:00,2011-11-18 16:07:00,"1","High_Value"
"14904",2.99652777777778,4,1630.49,407.6225,2522,0.281686926498948,127,"United Kingdom",2010-10-08 12:48:00,2011-12-07 12:55:00,"1","High_Value"
"14905",158.00625,8,1971.39,246.42375,1009,0.41385008711688,45,"United Kingdom",2009-12-03 14:36:00,2011-07-05 12:41:00,"1","High_Value"
"14906",445.847222222222,1,68.44,68.44,1,30,1,"United Kingdom",2010-09-20 16:30:00,2010-09-20 16:30:00,"2","Not_High_Value"
"14907",3.94166666666667,16,5547.72,346.7325,2583,0.799968519757324,153,"United Kingdom",2010-04-16 13:40:00,2011-12-06 14:14:00,"1","High_Value"
"14908",74.9958333333333,2,381.9,190.95,182,0.153907267308778,14,"United Kingdom",2010-09-02 16:39:00,2011-09-26 12:56:00,"2","Not_High_Value"
"14909",437.829166666667,3,1404.68,468.226666666667,888,0.396392097850123,61,"United Kingdom",2010-02-14 15:47:00,2010-09-28 16:56:00,"1","High_Value"
"14910",3.11388888888889,4,434.35,108.5875,238,2.26593233674272,25,"United Kingdom",2011-10-16 11:06:00,2011-12-07 10:06:00,"2","Not_High_Value"
"14911",1.87222222222222,398,291420.81,732.213090452261,147972,16.1750110303837,2550,"EIRE",2009-12-01 11:41:00,2011-12-08 15:54:00,"1","High_Value"
"14912",17.1458333333333,6,1889.25,314.875,1819,0.269985657011971,44,"Italy",2010-01-26 16:29:00,2011-11-23 09:20:00,"1","High_Value"
"14913",36.18125,8,4073.13,509.14125,3955,0.532159789599787,176,"United Kingdom",2010-08-11 08:40:00,2011-11-04 08:29:00,"1","High_Value"
"14915",91.9694444444444,11,1811.25,164.659090909091,707,0.510727754807687,65,"United Kingdom",2009-12-03 10:17:00,2011-09-09 13:34:00,"1","High_Value"
"14916",71.1458333333333,8,3042.95,380.36875,2415,0.438010045334547,113,"United Kingdom",2010-04-01 10:57:00,2011-09-30 09:20:00,"1","High_Value"
"14917",597.056944444444,2,1123.75,561.875,891,55.9585492227979,29,"United Kingdom",2010-04-22 09:44:00,2010-04-22 11:28:00,"2","Not_High_Value"
"14918",116.041666666667,9,5955.81,661.756666666667,2551,0.544330451144662,79,"United Kingdom",2010-04-08 11:18:00,2011-08-16 11:50:00,"1","High_Value"
"14919",539.988888888889,1,359.35,359.35,129,30,13,"United Kingdom",2010-06-18 13:06:00,2010-06-18 13:06:00,"2","Not_High_Value"
"14920",213.095833333333,3,1607.17,535.723333333333,886,0.254383502758766,90,"United Kingdom",2010-05-23 15:25:00,2011-05-11 10:32:00,"1","High_Value"
"14921",30.98125,2,1316.07,658.035,953,0.348800594252864,78,"United Kingdom",2011-05-22 12:51:00,2011-11-09 13:17:00,"1","High_Value"
"14922",394.066666666667,2,843.74,421.87,376,0.52145887777704,49,"United Kingdom",2010-07-20 09:45:00,2010-11-11 11:14:00,"1","High_Value"
"14923",51.0409722222222,1,749.1,749.1,418,30,44,"United Kingdom",2011-10-20 11:51:00,2011-10-20 11:51:00,"2","Not_High_Value"
"14924",246.142361111111,3,931.01,310.336666666667,312,0.227930649989272,30,"United Kingdom",2010-03-10 12:51:00,2011-04-08 09:25:00,"1","High_Value"
"14926",382.234027777778,2,359.4,179.7,204,0.27537497529912,2,"United Kingdom",2010-04-20 09:59:00,2010-11-23 07:13:00,"2","Not_High_Value"
"14927",397.013888888889,1,308.2,308.2,196,30,20,"United Kingdom",2010-11-08 12:30:00,2010-11-08 12:30:00,"2","Not_High_Value"
"14928",628.15,1,223.91,223.91,268,30,21,"United Kingdom",2010-03-22 09:14:00,2010-03-22 09:14:00,"2","Not_High_Value"
"14929",32.8118055555556,2,836.69,418.345,487,0.153764288599909,34,"United Kingdom",2010-10-14 12:22:00,2011-11-07 17:21:00,"1","High_Value"
"14930",109.096527777778,6,5236.73,872.788333333333,2193,0.36074704700985,213,"Channel Islands",2010-04-12 11:22:00,2011-08-23 10:31:00,"1","High_Value"
"14931",5.10486111111111,5,1257.68,251.536,417,0.63282424185605,30,"Channel Islands",2011-04-13 09:32:00,2011-12-05 10:19:00,"1","High_Value"
"14932",366.043055555556,2,666.13,333.065,257,2.84285338246907,29,"Channel Islands",2010-11-19 09:16:00,2010-12-09 11:48:00,"2","Not_High_Value"
"14933",444.085416666667,4,1770,442.5,600,69.7336561743341,1,"Channel Islands",2010-09-21 17:29:00,2010-09-22 10:47:00,"2","Not_High_Value"
"14934",82.1111111111111,5,3503.5,700.7,2100,0.415606805176614,115,"Channel Islands",2010-09-24 12:08:00,2011-09-19 10:10:00,"1","High_Value"
"14935",297.920833333333,2,2849.83,1424.915,1931,0.185688250060177,25,"Channel Islands",2010-03-30 11:48:00,2011-02-15 14:44:00,"1","High_Value"
"14936",34.0972222222222,12,12410.81,1034.23416666667,6274,0.653453065834388,267,"Channel Islands",2010-05-05 12:26:00,2011-11-06 10:30:00,"1","High_Value"
"14937",57.0145833333333,3,1621.88,540.626666666667,484,1.20119006793768,33,"Channel Islands",2011-08-01 14:16:00,2011-10-14 12:29:00,"1","High_Value"
"14938",562.966666666667,2,2322.43,1161.215,1369,59.8752598752599,71,"Channel Islands",2010-05-26 13:35:00,2010-05-26 13:38:00,"1","High_Value"
"14940",418.085416666667,2,531.49,265.745,384,0.189398506294651,32,"United Kingdom",2009-12-06 15:46:00,2010-10-18 10:47:00,"2","Not_High_Value"
"14941",579.055555555556,1,182.1,182.1,80,30,7,"United Kingdom",2010-05-10 11:30:00,2010-05-10 11:30:00,"2","Not_High_Value"
"14942",402.082638888889,4,746.56,186.64,354,0.364727014071962,12,"United Kingdom",2009-12-10 10:32:00,2010-11-03 10:51:00,"2","Not_High_Value"
"14943",663.865277777778,1,107.62,107.62,46,30,5,"United Kingdom",2010-02-14 16:04:00,2010-02-14 16:04:00,"2","Not_High_Value"
"14944",30.1527777777778,19,9784.67,514.982631578947,4864,0.901875941514312,184,"United Kingdom",2010-02-17 08:47:00,2011-11-10 09:10:00,"1","High_Value"
"14945",414.058333333333,1,179.4,179.4,156,30,11,"United Kingdom",2010-10-22 11:26:00,2010-10-22 11:26:00,"2","Not_High_Value"
"14946",14.9701388888889,1,100.9,100.9,22,30,3,"United Kingdom",2011-11-25 13:33:00,2011-11-25 13:33:00,"2","Not_High_Value"
"14947",72.8763888888889,6,1049.79,174.965,416,0.325391455210343,47,"United Kingdom",2010-03-25 11:29:00,2011-09-28 15:48:00,"1","High_Value"
"14948",23.8152777777778,6,1101.97,183.661666666667,673,0.91324200913242,56,"United Kingdom",2011-05-04 14:52:00,2011-11-16 17:16:00,"1","High_Value"
"14949",469.883333333333,4,515,128.75,250,0.474295281750062,16,"United Kingdom",2009-12-18 15:28:00,2010-08-27 15:38:00,"2","Not_High_Value"
"14950",19.9597222222222,1,371.2,371.2,136,30,19,"United Kingdom",2011-11-20 13:48:00,2011-11-20 13:48:00,"2","Not_High_Value"
"14951",79.8993055555556,1,311.69,311.69,311,30,20,"United Kingdom",2011-09-21 15:15:00,2011-09-21 15:15:00,"2","Not_High_Value"
"14952",60.0951388888889,32,17629.35,550.9171875,6977,1.41636586992671,240,"United Kingdom",2009-12-03 15:34:00,2011-10-11 10:33:00,"1","High_Value"
"14953",25.9104166666667,4,971.32,242.83,1014,0.291890412717503,202,"United Kingdom",2010-09-30 12:16:00,2011-11-14 14:59:00,"1","High_Value"
"14954",12.9305555555556,2,462.12,231.06,209,0.0867163412127441,111,"United Kingdom",2010-01-05 16:38:00,2011-11-27 14:30:00,"1","High_Value"
"14955",733.052083333333,1,163.77,163.77,74,30,30,"United Kingdom",2009-12-07 11:35:00,2009-12-07 11:35:00,"2","Not_High_Value"
"14956",421.840277777778,1,1325,1325,2500,30,4,"United Kingdom",2010-10-14 16:40:00,2010-10-14 16:40:00,"2","Not_High_Value"
"14957",253.785416666667,2,261.69,130.845,97,0.152944987599773,27,"United Kingdom",2010-03-05 10:50:00,2011-03-31 17:59:00,"2","Not_High_Value"
"14958",147.9375,6,941.99,156.998333333333,248,0.305121377566516,52,"United Kingdom",2009-12-03 16:02:00,2011-07-15 14:20:00,"1","High_Value"
"14959",64.76875,4,695.42,173.855,494,0.514526132746551,37,"United Kingdom",2011-02-16 13:00:00,2011-10-06 18:23:00,"1","High_Value"
"14960",8.99722222222222,2,221.27,110.635,221,0.365921835030239,23,"United Kingdom",2011-06-21 13:38:00,2011-12-01 12:54:00,"2","Not_High_Value"
"14961",11.1305555555556,22,16410.15,745.915909090909,8372,0.909186572661265,328,"United Kingdom",2009-12-04 11:32:00,2011-11-29 09:42:00,"1","High_Value"
"14962",271.130555555556,4,366.91,91.7275,123,0.381217115060062,14,"United Kingdom",2010-05-04 14:57:00,2011-03-14 09:42:00,"2","Not_High_Value"
"14963",10.0236111111111,12,3123.57,260.2975,2287,0.696350206124497,304,"United Kingdom",2010-07-02 12:43:00,2011-11-30 12:16:00,"1","High_Value"
"14964",247.942361111111,1,206.21,206.21,143,30,13,"United Kingdom",2011-04-06 14:13:00,2011-04-06 14:13:00,"2","Not_High_Value"
"14965",96.9791666666667,2,596.09,298.045,363,59.7923875432526,80,"United Kingdom",2011-09-04 13:15:00,2011-09-04 13:20:00,"2","Not_High_Value"
"14966",15.0208333333333,6,1064.26,177.376666666667,1060,0.253186318561527,125,"United Kingdom",2009-12-15 13:48:00,2011-11-25 12:20:00,"1","High_Value"
"14967",50.0722222222222,6,1982.61,330.435,652,0.261675713929487,22,"United Kingdom",2009-12-03 14:07:00,2011-10-21 11:06:00,"1","High_Value"
"14968",30.9527777777778,2,501.24,250.62,257,0.139853348225125,83,"United Kingdom",2010-09-07 13:28:00,2011-11-09 13:58:00,"1","High_Value"
"14969",704.004861111111,1,906.23,906.23,665,30,13,"United Kingdom",2010-01-05 12:43:00,2010-01-05 12:43:00,"2","Not_High_Value"
"14970",68.9625,12,4919.35,409.945833333333,982,0.604021919097882,71,"United Kingdom",2010-02-14 13:37:00,2011-10-02 13:44:00,"1","High_Value"
"14971",35.8215277777778,3,1097.98,365.993333333333,639,9.83755882799453,144,"United Kingdom",2011-10-27 13:33:00,2011-11-04 17:07:00,"1","High_Value"
"14972",128.913888888889,2,145.07,72.535,40,0.236274088881718,20,"United Kingdom",2010-11-23 16:17:00,2011-08-03 14:54:00,"2","Not_High_Value"
"14973",107.874305555556,3,1314.45,438.15,369,0.755381216886501,29,"United Kingdom",2011-04-28 12:22:00,2011-08-24 15:51:00,"1","High_Value"
"14974",37.9923611111111,1,89.94,89.94,37,30,17,"United Kingdom",2011-11-02 13:01:00,2011-11-02 13:01:00,"2","Not_High_Value"
"14975",57.9458333333333,2,472.39,236.195,507,0.164384499911529,25,"United Kingdom",2010-10-14 14:11:00,2011-10-13 14:08:00,"2","Not_High_Value"
"14976",57.8423611111111,7,790.86,112.98,234,0.777122180876216,47,"United Kingdom",2011-01-17 11:09:00,2011-10-13 16:37:00,"1","High_Value"
"14977",726.092361111111,1,31.93,31.93,17,30,4,"United Kingdom",2009-12-14 10:37:00,2009-12-14 10:37:00,"2","Not_High_Value"
"14978",72.9881944444444,10,3112.19,311.219,736,0.577928740851134,175,"United Kingdom",2010-04-28 10:50:00,2011-09-28 13:07:00,"1","High_Value"
"14979",735.997222222222,1,429.66,429.66,209,30,42,"United Kingdom",2009-12-04 12:54:00,2009-12-04 12:54:00,"2","Not_High_Value"
"14980",737.945138888889,1,150.68,150.68,79,30,24,"United Kingdom",2009-12-02 14:09:00,2009-12-02 14:09:00,"2","Not_High_Value"
"14981",246.961805555556,2,372.92,186.46,241,0.336867058378593,20,"United Kingdom",2010-10-12 11:04:00,2011-04-07 13:45:00,"2","Not_High_Value"
"14982",572.873611111111,1,237.78,237.78,125,30,39,"United Kingdom",2010-05-16 15:52:00,2010-05-16 15:52:00,"2","Not_High_Value"
"14983",689.804166666667,1,183.2,183.2,90,30,30,"United Kingdom",2010-01-19 17:32:00,2010-01-19 17:32:00,"2","Not_High_Value"
"14984",19.9319444444444,6,1260.51,210.085,348,0.265077835934001,48,"United Kingdom",2010-01-11 13:22:00,2011-11-20 14:28:00,"1","High_Value"
"14985",198.93125,2,292.01,146.005,256,0.373189125683532,78,"United Kingdom",2010-12-16 19:51:00,2011-05-25 14:29:00,"2","Not_High_Value"
"14986",376.892361111111,2,563.1,281.55,338,0.194187413329258,87,"United Kingdom",2010-01-24 15:54:00,2010-11-28 15:25:00,"1","High_Value"
"14987",16.11875,8,1550.65,193.83125,607,0.332044929829568,4,"United Kingdom",2009-12-02 14:56:00,2011-11-24 09:59:00,"1","High_Value"
"14988",212.03125,7,2038.65,291.235714285714,1260,0.535798763623091,171,"United Kingdom",2010-04-16 13:34:00,2011-05-12 12:05:00,"1","High_Value"
"14989",662.090277777778,1,342.4,342.4,200,30,18,"United Kingdom",2010-02-16 10:40:00,2010-02-16 10:40:00,"2","Not_High_Value"
"14990",612.955555555556,2,304.17,152.085,129,0.50413401562582,41,"United Kingdom",2009-12-09 13:31:00,2010-04-06 13:54:00,"2","Not_High_Value"
"14991",430.992361111111,1,314.67,314.67,191,30,21,"United Kingdom",2010-10-05 13:01:00,2010-10-05 13:01:00,"2","Not_High_Value"
"14992",442.793055555556,1,210.5,210.5,145,30,27,"United Kingdom",2010-09-23 17:48:00,2010-09-23 17:48:00,"2","Not_High_Value"
"14993",564.002083333333,1,36.13,36.13,21,30,9,"United Kingdom",2010-05-25 12:47:00,2010-05-25 12:47:00,"2","Not_High_Value"
"14994",382.99375,5,946.72,189.344,568,0.619971699440016,233,"United Kingdom",2010-03-26 14:16:00,2010-11-22 12:59:00,"1","High_Value"
"14995",39.0493055555556,2,231.98,115.99,102,0.24698063317373,53,"United Kingdom",2011-03-04 13:14:00,2011-11-01 11:39:00,"2","Not_High_Value"
"14996",481.9625,2,442.29,221.145,404,59.8752598752599,37,"United Kingdom",2010-08-15 13:41:00,2010-08-15 13:44:00,"2","Not_High_Value"
"14997",46.9736111111111,4,776.6,194.15,1408,0.196704068518584,36,"United Kingdom",2010-02-22 12:11:00,2011-10-24 13:28:00,"1","High_Value"
"14998",170.805555555556,4,753.18,188.295,352,0.275192977482908,111,"United Kingdom",2010-04-13 16:07:00,2011-06-22 17:30:00,"1","High_Value"
"14999",593.085416666667,1,129.48,129.48,88,30,9,"United Kingdom",2010-04-26 10:47:00,2010-04-26 10:47:00,"2","Not_High_Value"
"15000",48.0472222222222,1,490.52,490.52,218,30,76,"United Kingdom",2011-10-23 11:42:00,2011-10-23 11:42:00,"2","Not_High_Value"
"15001",394.957638888889,2,199.11,99.555,70,59.1780821917808,44,"United Kingdom",2010-11-10 13:31:00,2010-11-10 13:51:00,"2","Not_High_Value"
"15002",116.0875,9,4138.08,459.786666666667,2214,0.463948526533846,220,"United Kingdom",2010-01-12 11:40:00,2011-08-16 10:44:00,"1","High_Value"
"15003",473.879166666667,6,1027.03,171.171666666667,525,0.856689582231623,253,"United Kingdom",2010-01-26 13:04:00,2010-08-23 15:44:00,"1","High_Value"
"15004",147.947916666667,1,1220.77,1220.77,623,30,154,"United Kingdom",2011-07-15 14:05:00,2011-07-15 14:05:00,"1","High_Value"
"15005",16.0173611111111,56,13754.58,245.6175,8666,2.32069574826897,591,"United Kingdom",2009-12-01 14:19:00,2011-11-24 12:25:00,"1","High_Value"
"15006",51.9041666666667,2,757.78,378.89,387,0.148851312355176,165,"United Kingdom",2010-09-12 13:03:00,2011-10-19 15:08:00,"1","High_Value"
"15007",159.868055555556,1,156.91,156.91,69,30,12,"United Kingdom",2011-07-03 16:00:00,2011-07-03 16:00:00,"2","Not_High_Value"
"15008",480.986805555556,2,360,180,1500,0.379553321970163,6,"United Kingdom",2010-03-12 11:13:00,2010-08-16 13:09:00,"2","Not_High_Value"
"15009",12.96875,3,1259.43,419.81,639,6.5076575445644,148,"United Kingdom",2011-11-14 17:40:00,2011-11-27 13:35:00,"1","High_Value"
"15010",36.0055555555556,1,308.94,308.94,184,30,20,"United Kingdom",2011-11-04 12:42:00,2011-11-04 12:42:00,"2","Not_High_Value"
"15011",396.069444444444,2,416.6,208.3,289,2.73201581027668,17,"United Kingdom",2010-10-19 12:05:00,2010-11-09 11:10:00,"2","Not_High_Value"
"15012",54.0194444444444,3,646.26,215.42,383,0.171748213937845,165,"United Kingdom",2010-05-12 11:49:00,2011-10-17 12:22:00,"1","High_Value"
"15013",488.03125,10,1610.82,161.082,1715,1.57073773770134,177,"United Kingdom",2010-01-31 12:15:00,2010-08-09 12:05:00,"1","High_Value"
"15014",43.6965277777778,2,257.67,128.835,149,0.44769854964324,29,"United Kingdom",2011-06-16 19:40:00,2011-10-27 20:07:00,"2","Not_High_Value"
"15015",501.958333333333,13,2354.97,181.151538461538,1584,1.73363297360038,158,"United Kingdom",2009-12-14 14:46:00,2010-07-26 13:50:00,"1","High_Value"
"15016",173.030555555556,5,620.89,124.178,243,0.403270975691722,93,"United Kingdom",2010-06-14 13:06:00,2011-06-20 12:06:00,"1","High_Value"
"15017",34.0951388888889,1,125.58,125.58,63,30,20,"United Kingdom",2011-11-06 10:33:00,2011-11-06 10:33:00,"2","Not_High_Value"
"15018",39.0020833333333,3,496.21,165.403333333333,189,0.272658419591012,30,"United Kingdom",2010-12-07 10:47:00,2011-11-01 12:47:00,"2","Not_High_Value"
"15019",267.010416666667,1,252.81,252.81,150,30,64,"United Kingdom",2011-03-18 12:35:00,2011-03-18 12:35:00,"2","Not_High_Value"
"15020",379.972916666667,1,198.47,198.47,111,30,27,"United Kingdom",2010-11-25 13:29:00,2010-11-25 13:29:00,"2","Not_High_Value"
"15021",9.03958333333333,12,2500.59,208.3825,1079,0.733490105524097,355,"United Kingdom",2010-07-29 16:35:00,2011-12-01 11:53:00,"1","High_Value"
"15022",12.0104166666667,5,1133.44,226.688,640,0.224936033815384,115,"United Kingdom",2010-01-31 16:02:00,2011-11-28 12:35:00,"1","High_Value"
"15023",3.81041666666667,20,11578.65,578.9325,4758,0.892766729559878,486,"United Kingdom",2010-02-03 15:45:00,2011-12-06 17:23:00,"1","High_Value"
"15024",10.0305555555556,16,3559.39,222.461875,1924,1.15432403906532,168,"United Kingdom",2010-10-11 16:14:00,2011-11-30 12:06:00,"1","High_Value"
"15025",33.8958333333333,2,979.79,489.895,503,0.111924057454349,132,"United Kingdom",2010-05-20 13:28:00,2011-11-06 15:20:00,"1","High_Value"
"15026",80.9569444444444,5,1048.89,209.778,655,0.40650406504065,109,"United Kingdom",2010-09-17 13:52:00,2011-09-20 13:52:00,"1","High_Value"
"15027",31.1069444444444,10,3195.6,319.56,2782,0.504356495983244,69,"United Kingdom",2010-03-25 14:39:00,2011-11-09 10:16:00,"1","High_Value"
"15028",8.94722222222222,6,962.94,160.49,673,0.465137980167033,65,"United Kingdom",2010-11-10 14:32:00,2011-12-01 14:06:00,"1","High_Value"
"15029",620.023611111111,1,365.1,365.1,234,30,10,"United Kingdom",2010-03-30 12:16:00,2010-03-30 12:16:00,"2","Not_High_Value"
"15030",72.0833333333333,8,1979.91,247.48875,1225,0.417582948696262,25,"United Kingdom",2010-03-04 17:10:00,2011-09-29 10:50:00,"1","High_Value"
"15031",4.93819444444444,14,3102.94,221.638571428571,1576,0.576900514231262,237,"United Kingdom",2009-12-08 13:38:00,2011-12-05 14:19:00,"1","High_Value"
"15032",256.907638888889,8,11010.05,1376.25625,6601,0.506346917964767,39,"United Kingdom",2009-12-10 15:27:00,2011-03-28 15:03:00,"1","High_Value"
"15033",5.00694444444444,10,2557.18,255.718,1672,0.920339503016668,315,"United Kingdom",2011-01-14 13:28:00,2011-12-05 12:40:00,"1","High_Value"
"15034",16.0270833333333,14,8231.2,587.942857142857,4748,0.746076253236636,416,"United Kingdom",2010-05-11 13:30:00,2011-11-24 12:11:00,"1","High_Value"
"15035",90.0708333333333,1,252.73,252.73,245,30,26,"United Kingdom",2011-09-11 11:08:00,2011-09-11 11:08:00,"2","Not_High_Value"
"15036",72.8805555555556,3,429.56,143.186666666667,316,0.832247002690675,107,"United Kingdom",2011-06-13 12:19:00,2011-09-28 15:42:00,"1","High_Value"
"15037",376.989583333333,2,397.76,198.88,298,57.9476861167002,40,"United Kingdom",2010-11-28 12:14:00,2010-11-28 13:05:00,"2","Not_High_Value"
"15038",59.0534722222222,9,1146.53,127.392222222222,381,0.733947725101843,190,"United Kingdom",2010-10-10 14:35:00,2011-10-12 11:33:00,"1","High_Value"
"15039",10.0548611111111,93,39141.48,420.876129032258,17780,3.86965533715008,562,"United Kingdom",2009-12-10 11:39:00,2011-11-30 11:31:00,"1","High_Value"
"15040",542.048611111111,1,7.49,7.49,1,30,1,"United Kingdom",2010-06-16 11:40:00,2010-06-16 11:40:00,"2","Not_High_Value"
"15041",170.856944444444,2,289.4,144.7,194,0.218082689686506,98,"United Kingdom",2010-09-21 13:16:00,2011-06-22 16:16:00,"2","Not_High_Value"
"15042",199.850694444444,2,315.45,157.725,238,0.151095441954168,9,"United Kingdom",2010-04-23 14:01:00,2011-05-24 16:25:00,"2","Not_High_Value"
"15043",31.9333333333333,6,2870.32,478.386666666667,1019,0.357894388017166,39,"United Kingdom",2010-06-24 15:50:00,2011-11-08 14:26:00,"1","High_Value"
"15044",19.9791666666667,35,16024.15,457.832857142857,5241,1.4895274986282,344,"United Kingdom",2009-12-16 15:13:00,2011-11-20 13:20:00,"1","High_Value"
"15045",152.053472222222,2,735.66,367.83,114,0.560787699017973,11,"United Kingdom",2011-03-27 11:44:00,2011-07-11 11:33:00,"2","Not_High_Value"
"15046",9.875,25,7623.79,304.9516,4585,1.09320482103326,248,"United Kingdom",2010-01-14 14:29:00,2011-11-30 15:50:00,"1","High_Value"
"15047",270.084027777778,1,343.62,343.62,222,30,22,"United Kingdom",2011-03-15 10:49:00,2011-03-15 10:49:00,"2","Not_High_Value"
"15048",65.9131944444444,4,381,95.25,192,0.394592619656558,86,"United Kingdom",2010-12-06 12:15:00,2011-10-05 14:55:00,"2","Not_High_Value"
"15049",274.025694444444,1,121.17,121.17,63,30,3,"United Kingdom",2011-03-11 12:13:00,2011-03-11 12:13:00,"2","Not_High_Value"
"15050",25.85625,5,4087.19,817.438,2600,0.3288186732471,116,"United Kingdom",2010-08-16 12:00:00,2011-11-14 16:17:00,"1","High_Value"
"15051",23.8833333333333,9,3926.91,436.323333333333,3052,0.377047797208799,226,"United Kingdom",2009-12-01 13:29:00,2011-11-16 15:38:00,"1","High_Value"
"15052",319.873611111111,1,207.73,207.73,79,30,27,"United Kingdom",2011-01-24 15:52:00,2011-01-24 15:52:00,"2","Not_High_Value"
"15053",5.02916666666667,3,693.95,231.316666666667,984,0.323739389791218,49,"United Kingdom",2011-03-03 12:06:00,2011-12-05 12:08:00,"1","High_Value"
"15054",12.9083333333333,2,302.1,151.05,198,2.06752973270478,105,"United Kingdom",2011-10-30 14:33:00,2011-11-27 15:02:00,"2","Not_High_Value"
"15055",475.072222222222,3,549.12,183.04,225,0.360282221073174,77,"United Kingdom",2009-12-16 15:48:00,2010-08-22 11:06:00,"2","Not_High_Value"
"15056",520.869444444444,1,113.65,113.65,69,30,6,"United Kingdom",2010-07-07 15:58:00,2010-07-07 15:58:00,"2","Not_High_Value"
"15057",275.897916666667,5,3255.96,651.192,1394,0.326091879406392,62,"United Kingdom",2009-12-05 15:27:00,2011-03-09 15:17:00,"1","High_Value"
"15058",25.9118055555556,16,3387.58,211.72375,1645,0.763073933827182,232,"United Kingdom",2010-02-24 14:07:00,2011-11-14 14:57:00,"1","High_Value"
"15059",41.0520833333333,19,3491.2,183.747368421053,1599,0.821360167634327,308,"United Kingdom",2009-12-06 12:17:00,2011-10-30 11:35:00,"1","High_Value"
"15060",8.96041666666667,4,294.25,73.5625,257,60.3351955307263,81,"United Kingdom",2011-11-30 14:03:00,2011-12-01 13:47:00,"2","Not_High_Value"
"15061",4.03055555555556,127,126389.02,995.189133858268,74280,5.17668904765679,131,"United Kingdom",2009-12-01 12:18:00,2011-12-06 12:06:00,"1","High_Value"
"15062",71.8326388888889,8,2585.62,323.2025,1872,0.444404438900819,98,"United Kingdom",2010-04-08 15:41:00,2011-09-29 16:51:00,"1","High_Value"
"15063",213.975694444444,1,370.8,370.8,56,30,5,"United Kingdom",2011-05-10 13:25:00,2011-05-10 13:25:00,"2","Not_High_Value"
"15064",410.929166666667,4,1254.41,313.6025,810,0.389702648760191,75,"United Kingdom",2009-12-22 16:17:00,2010-10-25 14:32:00,"1","High_Value"
"15065",38.1284722222222,5,3326.86,665.372,1446,0.401045689501515,156,"United Kingdom",2010-10-25 09:13:00,2011-11-02 09:45:00,"1","High_Value"
"15066",53.9756944444444,1,893.59,893.59,317,30,42,"United Kingdom",2011-10-17 13:25:00,2011-10-17 13:25:00,"2","Not_High_Value"
"15067",78.9791666666667,5,3862.88,772.576,2151,0.283075987555141,170,"United Kingdom",2010-04-11 15:54:00,2011-09-22 13:20:00,"1","High_Value"
"15068",46.91875,4,1174.9,293.725,832,0.208310981291793,178,"United Kingdom",2010-03-28 13:18:00,2011-10-24 14:47:00,"1","High_Value"
"15069",179.940277777778,1,1109.53,1109.53,520,30,70,"United Kingdom",2011-06-13 14:16:00,2011-06-13 14:16:00,"2","Not_High_Value"
"15070",373.060416666667,3,737.05,245.683333333333,339,0.255030757181595,26,"United Kingdom",2009-12-15 13:49:00,2010-12-02 11:23:00,"2","Not_High_Value"
"15071",94.0465277777778,4,1455.56,363.89,416,0.25106863995769,41,"United Kingdom",2010-05-18 12:45:00,2011-09-07 11:43:00,"1","High_Value"
"15072",479.877777777778,1,187.52,187.52,164,30,13,"United Kingdom",2010-08-17 15:46:00,2010-08-17 15:46:00,"2","Not_High_Value"
"15073",10.0875,8,2788.02,348.5025,1410,0.356569504228072,115,"United Kingdom",2010-01-27 08:48:00,2011-11-30 10:44:00,"1","High_Value"
"15074",105.920138888889,3,1553.13,517.71,1039,0.247849484985599,63,"United Kingdom",2010-08-29 11:47:00,2011-08-26 14:45:00,"1","High_Value"
"15075",78.0159722222222,1,773.03,773.03,447,30,27,"United Kingdom",2011-09-23 12:27:00,2011-09-23 12:27:00,"2","Not_High_Value"
"15076",173.185416666667,3,1447.74,482.58,866,0.25658691881875,68,"United Kingdom",2010-07-05 14:11:00,2011-06-20 08:23:00,"1","High_Value"
"15077",495.067361111111,2,2428.08,1214.04,528,0.253429660069869,28,"United Kingdom",2009-12-09 17:10:00,2010-08-02 11:13:00,"1","High_Value"
"15078",7.88125,53,17286.73,326.164716981132,8777,2.18061711769199,118,"United Kingdom",2009-12-04 12:03:00,2011-12-02 15:41:00,"1","High_Value"
"15079",213.003472222222,11,3625.4,329.581818181818,1459,0.634545049093116,119,"United Kingdom",2009-12-08 11:22:00,2011-05-11 12:45:00,"1","High_Value"
"15080",428.040277777778,2,546.25,273.125,287,0.799193406654395,31,"United Kingdom",2010-07-26 10:03:00,2010-10-08 11:52:00,"2","Not_High_Value"
"15081",22.8208333333333,12,1854.57,154.5475,749,0.70000796691166,75,"United Kingdom",2010-06-22 10:25:00,2011-11-17 17:08:00,"1","High_Value"
"15082",669.102083333333,1,93.35,93.35,43,30,6,"United Kingdom",2010-02-09 10:23:00,2010-02-09 10:23:00,"2","Not_High_Value"
"15083",257.022222222222,1,88.2,88.2,38,30,5,"United Kingdom",2011-03-28 12:18:00,2011-03-28 12:18:00,"2","Not_High_Value"
"15084",380.036111111111,2,965.2,482.6,600,0.224676442518977,31,"United Kingdom",2010-03-04 10:45:00,2010-11-25 11:58:00,"1","High_Value"
"15085",730.04375,1,347.54,347.54,169,30,9,"United Kingdom",2009-12-10 11:47:00,2009-12-10 11:47:00,"2","Not_High_Value"
"15086",565.015972222222,2,218.53,109.265,95,0.968707605027413,10,"United Kingdom",2010-03-24 13:56:00,2010-05-24 12:27:00,"2","Not_High_Value"
"15087",282.094444444444,1,306.94,306.94,470,30,15,"United Kingdom",2011-03-03 10:34:00,2011-03-03 10:34:00,"2","Not_High_Value"
"15088",21.9833333333333,2,1160.07,580.035,460,1.27755844386284,53,"United Kingdom",2011-10-03 14:05:00,2011-11-18 13:14:00,"1","High_Value"
"15089",10.8465277777778,6,2420.84,403.473333333333,1359,1.51139670081692,139,"United Kingdom",2011-08-03 14:14:00,2011-11-29 16:31:00,"1","High_Value"
"15090",308.949305555556,1,381.32,381.32,208,30,23,"United Kingdom",2011-02-04 14:03:00,2011-02-04 14:03:00,"2","Not_High_Value"
"15091",68.0020833333333,3,1046.61,348.87,582,0.148016003088235,55,"United Kingdom",2010-02-03 11:46:00,2011-10-03 12:47:00,"1","High_Value"
"15092",215.944444444444,3,776.46,258.82,230,0.362804681748069,39,"United Kingdom",2010-09-03 12:33:00,2011-05-08 14:10:00,"2","Not_High_Value"
"15093",18.9868055555556,23,13702.38,595.755652173913,10778,0.966364936981063,104,"United Kingdom",2009-12-08 12:46:00,2011-11-21 13:09:00,"1","High_Value"
"15094",463.829861111111,2,83,41.5,28,0.329369965576264,4,"United Kingdom",2010-03-05 12:56:00,2010-09-02 16:55:00,"2","Not_High_Value"
"15095",104.034027777778,10,3141.64,314.164,2233,0.512732866176722,90,"United Kingdom",2010-01-21 09:37:00,2011-08-28 12:01:00,"1","High_Value"
"15096",43.0993055555556,1,219.39,219.39,120,30,11,"United Kingdom",2011-10-28 10:27:00,2011-10-28 10:27:00,"2","Not_High_Value"
"15097",4.94930555555556,3,908.35,302.783333333333,424,0.155175943897191,59,"United Kingdom",2010-05-05 14:22:00,2011-12-05 14:03:00,"1","High_Value"
"15098",182.886805555556,3,39916.5,13305.5,121,89.3177119228119,1,"United Kingdom",2011-06-10 15:22:00,2011-06-10 15:33:00,"2","Not_High_Value"
"15099",84.9840277777778,1,410.48,410.48,343,30,23,"United Kingdom",2011-09-16 13:13:00,2011-09-16 13:13:00,"2","Not_High_Value"
"15100",334.09375,7,2193.9,313.414285714286,270,0.569360711851514,11,"United Kingdom",2010-01-07 14:33:00,2011-01-10 10:35:00,"1","High_Value"
"15101",9.10555555555556,6,1477.94,246.323333333333,676,0.308851601095279,52,"United Kingdom",2010-04-28 15:00:00,2011-12-01 10:18:00,"1","High_Value"
"15102",531.023611111111,2,554.67,277.335,339,3.51219512195122,26,"United Kingdom",2010-06-11 10:16:00,2010-06-27 12:16:00,"2","Not_High_Value"
"15103",31.9145833333333,2,703.36,351.68,329,1.07064523723962,35,"United Kingdom",2011-09-14 13:54:00,2011-11-08 14:53:00,"1","High_Value"
"15104",197.014583333333,2,993.54,496.77,635,0.690244701333355,66,"United Kingdom",2011-03-02 14:16:00,2011-05-27 12:29:00,"1","High_Value"
"15105",18.8305555555556,9,3094.91,343.878888888889,1747,0.443210264968606,129,"United Kingdom",2010-03-23 12:18:00,2011-11-21 16:54:00,"1","High_Value"
"15106",18.1486111111111,5,1422.52,284.504,1181,0.593237097093138,90,"United Kingdom",2011-03-15 12:52:00,2011-11-22 09:16:00,"1","High_Value"
"15107",311.919444444444,9,824.35,91.5944444444444,330,1.91264223062884,32,"United Kingdom",2010-09-14 10:47:00,2011-02-01 14:46:00,"2","Not_High_Value"
"15108",142.101388888889,4,1300.25,325.0625,499,1.37964071856287,50,"European Community",2011-04-26 10:54:00,2011-07-21 10:24:00,"1","High_Value"
"15109",246.119444444444,3,983.1,327.7,258,0.183339581402916,46,"United Kingdom",2009-12-04 12:33:00,2011-04-08 09:58:00,"1","High_Value"
"15110",24.0652777777778,6,1505.85,250.975,337,0.388928151826027,23,"United Kingdom",2010-08-11 15:49:00,2011-11-16 11:16:00,"1","High_Value"
"15111",29.8277777777778,5,2442.37,488.474,1058,0.265883459340757,109,"United Kingdom",2010-04-26 13:12:00,2011-11-10 16:58:00,"1","High_Value"
"15112",611.939583333333,1,209.4,209.4,72,30,7,"United Kingdom",2010-04-07 14:17:00,2010-04-07 14:17:00,"2","Not_High_Value"
"15113",10.1854166666667,3,3509.43,1169.81,2344,1.96912604837729,77,"United Kingdom",2011-10-16 15:27:00,2011-11-30 08:23:00,"1","High_Value"
"15114",30.90625,12,3400.12,283.343333333333,3532,0.918528440893652,151,"United Kingdom",2010-10-14 16:44:00,2011-11-09 15:05:00,"1","High_Value"
"15115",18.9104166666667,2,531.85,265.925,245,0.0838982384283063,35,"United Kingdom",2009-12-07 11:20:00,2011-11-21 14:59:00,"1","High_Value"
"15116",18.0173611111111,4,1352.75,338.1875,648,0.637791352169339,37,"United Kingdom",2011-05-19 08:50:00,2011-11-22 12:25:00,"1","High_Value"
"15117",15.1930555555556,8,2485.97,310.74625,3093,0.38661480479644,89,"United Kingdom",2010-03-15 13:39:00,2011-11-25 08:12:00,"1","High_Value"
"15118",134.913888888889,1,244.8,244.8,1440,30,1,"United Kingdom",2011-07-28 14:54:00,2011-07-28 14:54:00,"2","Not_High_Value"
"15119",246.154166666667,1,266.4,266.4,88,30,14,"United Kingdom",2011-04-08 09:08:00,2011-04-08 09:08:00,"2","Not_High_Value"
"15120",134.126388888889,1,358.82,358.82,296,30,21,"United Kingdom",2011-07-29 09:48:00,2011-07-29 09:48:00,"2","Not_High_Value"
"15121",50.9159722222222,2,457.72,228.86,199,0.250951232972204,28,"United Kingdom",2011-02-24 12:41:00,2011-10-20 14:51:00,"2","Not_High_Value"
"15122",114.834722222222,11,4487.27,407.933636363636,2033,0.652028051476188,155,"United Kingdom",2010-03-30 14:05:00,2011-08-17 16:48:00,"1","High_Value"
"15123",7.98472222222222,5,4656.17,931.234,2524,0.239180673315742,149,"United Kingdom",2010-03-16 09:49:00,2011-12-02 13:12:00,"1","High_Value"
"15124",23.1118055555556,4,450.82,112.705,462,0.190484589267604,30,"United Kingdom",2010-02-26 10:49:00,2011-11-17 10:09:00,"1","High_Value"
"15125",25.9534722222222,24,17024.87,709.369583333333,8433,1.21208153492918,151,"United Kingdom",2010-03-31 13:29:00,2011-11-14 13:57:00,"1","High_Value"
"15126",537.013194444444,2,449.49,224.745,273,0.395238835875244,25,"United Kingdom",2010-01-21 17:09:00,2010-06-21 12:31:00,"2","Not_High_Value"
"15127",66.0972222222222,2,711.5,355.75,464,0.131863502960061,27,"United Kingdom",2010-07-08 10:07:00,2011-10-05 10:30:00,"1","High_Value"
"15128",60.9555555555556,5,1783.68,356.736,1583,0.404442879932892,87,"United Kingdom",2010-10-05 16:46:00,2011-10-10 13:54:00,"1","High_Value"
"15129",50.9236111111111,23,6860.18,298.268695652174,4002,1.23018255879458,86,"United Kingdom",2010-04-08 17:15:00,2011-10-20 14:40:00,"1","High_Value"
"15130",170.107638888889,1,330.11,330.11,197,30,22,"United Kingdom",2011-06-23 10:15:00,2011-06-23 10:15:00,"2","Not_High_Value"
"15131",395.029861111111,1,80.28,80.28,88,30,7,"United Kingdom",2010-11-10 12:07:00,2010-11-10 12:07:00,"2","Not_High_Value"
"15132",18.8194444444444,5,977.93,195.586,679,0.611710864664635,49,"United Kingdom",2011-03-22 12:02:00,2011-11-21 17:10:00,"1","High_Value"
"15133",128.0875,5,1806.9,361.38,960,0.380782472723811,45,"United Kingdom",2010-07-07 12:31:00,2011-08-04 10:44:00,"1","High_Value"
"15134",15.1631944444444,10,1596.29,159.629,1057,0.73378164221011,47,"United Kingdom",2010-10-13 12:44:00,2011-11-25 08:55:00,"1","High_Value"
"15135",239.731944444444,2,305.68,152.84,84,0.1885380229257,17,"United Kingdom",2010-06-01 13:33:00,2011-04-14 19:16:00,"2","Not_High_Value"
"15136",3.01666666666667,4,1286.7,321.675,776,1.26518329782327,61,"United Kingdom",2011-09-04 16:05:00,2011-12-07 12:26:00,"1","High_Value"
"15137",521.13125,2,823.4,411.7,596,0.373256838721941,34,"United Kingdom",2010-01-28 15:45:00,2010-07-07 09:41:00,"1","High_Value"
"15138",394.148611111111,1,502.52,502.52,300,30,31,"United Kingdom",2010-11-11 09:16:00,2010-11-11 09:16:00,"2","Not_High_Value"
"15139",240.049305555556,2,178.96,89.48,208,0.612527028464074,13,"United Kingdom",2011-01-07 12:44:00,2011-04-14 11:39:00,"2","Not_High_Value"
"15140",52.9465277777778,8,3243.69,405.46125,2010,0.613745338305807,103,"United Kingdom",2010-09-23 13:07:00,2011-10-18 14:07:00,"1","High_Value"
"15141",458.053472222222,7,1388.47,198.352857142857,1197,1.27414835569975,44,"United Kingdom",2010-03-28 15:58:00,2010-09-08 11:33:00,"1","High_Value"
"15142",46.9993055555556,6,2619.92,436.653333333333,2155,0.395467985707006,115,"United Kingdom",2010-07-27 09:05:00,2011-10-24 12:51:00,"1","High_Value"
"15143",226.032638888889,2,563.63,281.815,320,0.288572335131344,27,"United Kingdom",2010-10-03 13:58:00,2011-04-28 12:03:00,"2","Not_High_Value"
"15144",8.90138888888889,29,12160.31,419.321034482759,5251,1.20976035582096,199,"United Kingdom",2009-12-13 11:35:00,2011-12-01 15:12:00,"1","High_Value"
"15145",4.81180555555556,4,1194.73,298.6825,756,0.489627990400118,54,"United Kingdom",2011-04-05 15:20:00,2011-12-05 17:21:00,"1","High_Value"
"15146",165.028472222222,2,1327.16,663.58,1473,0.468897548056572,90,"United Kingdom",2011-02-21 13:07:00,2011-06-28 12:09:00,"1","High_Value"
"15147",240.870138888889,1,623.5,623.5,366,30,28,"United Kingdom",2011-04-13 15:57:00,2011-04-13 15:57:00,"2","Not_High_Value"
"15148",11.1868055555556,1,301.29,301.29,187,30,20,"United Kingdom",2011-11-29 08:21:00,2011-11-29 08:21:00,"2","Not_High_Value"
"15149",134.077777777778,5,1554.61,310.922,380,0.290141242368681,62,"United Kingdom",2010-02-28 11:13:00,2011-07-29 10:58:00,"1","High_Value"
"15150",17.9986111111111,13,8977.94,690.610769230769,6167,0.739988220272989,495,"United Kingdom",2010-06-14 12:01:00,2011-11-22 12:52:00,"1","High_Value"
"15151",423.842361111111,2,2085.61,1042.805,795,0.688237824403766,56,"United Kingdom",2010-07-18 12:19:00,2010-10-12 16:37:00,"1","High_Value"
"15152",10.0125,14,5263.83,375.987857142857,2994,0.60615961601873,214,"United Kingdom",2010-01-07 15:15:00,2011-11-30 12:32:00,"1","High_Value"
"15153",31.8201388888889,1,329.25,329.25,198,30,22,"United Kingdom",2011-11-08 17:09:00,2011-11-08 17:09:00,"2","Not_High_Value"
"15154",75.8645833333333,3,1343.72,447.906666666667,333,0.222809044396765,166,"United Kingdom",2010-08-18 17:41:00,2011-09-25 16:05:00,"1","High_Value"
"15155",383.99375,1,383.97,383.97,192,30,24,"United Kingdom",2010-11-21 12:59:00,2010-11-21 12:59:00,"2","Not_High_Value"
"15156",1.76944444444444,3,961.49,320.496666666667,597,2.70784145755417,51,"United Kingdom",2011-11-06 12:41:00,2011-12-08 18:22:00,"1","High_Value"
"15157",4.05694444444444,5,2654.11,530.822,3466,0.206366009225325,152,"United Kingdom",2009-12-10 14:44:00,2011-12-06 11:28:00,"1","High_Value"
"15158",45.95625,2,606.02,303.01,219,0.168064938424819,11,"United Kingdom",2010-11-03 13:46:00,2011-10-25 13:53:00,"2","Not_High_Value"
"15159",2.03125,34,22116.73,650.492058823529,13512,2.36600224873307,413,"United Kingdom",2010-10-04 09:31:00,2011-12-08 12:05:00,"1","High_Value"
"15160",357.940972222222,4,589.27,147.3175,307,1.84755530370259,17,"United Kingdom",2010-10-14 15:26:00,2010-12-17 14:15:00,"2","Not_High_Value"
"15161",388.8625,1,119.92,119.92,144,30,33,"United Kingdom",2010-11-16 16:08:00,2010-11-16 16:08:00,"2","Not_High_Value"
"15162",731.983333333333,1,312.9,312.9,74,30,12,"United Kingdom",2009-12-08 13:14:00,2009-12-08 13:14:00,"2","Not_High_Value"
"15163",18.9861111111111,2,304.47,152.235,186,0.343036828815094,29,"United Kingdom",2011-05-31 15:22:00,2011-11-21 13:10:00,"2","Not_High_Value"
"15164",69.03125,9,2028.11,225.345555555556,912,0.433429836872973,243,"United Kingdom",2010-01-18 13:34:00,2011-10-02 12:05:00,"1","High_Value"
"15165",373.949305555556,1,487.75,487.75,160,30,27,"United Kingdom",2010-12-01 14:03:00,2010-12-01 14:03:00,"2","Not_High_Value"
"15166",468.013194444444,1,167.16,167.16,140,30,12,"United Kingdom",2010-08-29 12:31:00,2010-08-29 12:31:00,"2","Not_High_Value"
"15167",321.00625,5,1627.62,325.524,863,0.423805300705557,262,"United Kingdom",2010-02-04 14:13:00,2011-01-23 12:41:00,"1","High_Value"
"15168",26.0583333333333,1,106.56,106.56,52,30,5,"United Kingdom",2011-11-14 11:26:00,2011-11-14 11:26:00,"2","Not_High_Value"
"15169",382.990277777778,2,569.22,284.61,356,0.173875244512063,58,"United Kingdom",2009-12-13 11:16:00,2010-11-22 13:04:00,"2","Not_High_Value"
"15170",407.094444444444,1,81.15,81.15,33,30,4,"United Kingdom",2010-10-29 10:34:00,2010-10-29 10:34:00,"2","Not_High_Value"
"15171",331.884722222222,1,1289.5,1289.5,290,30,5,"United Kingdom",2011-01-12 15:36:00,2011-01-12 15:36:00,"2","Not_High_Value"
"15172",9.04097222222222,5,1624.05,324.81,1611,0.655031766008097,106,"United Kingdom",2011-04-17 11:56:00,2011-12-01 11:51:00,"1","High_Value"
"15173",381.103472222222,7,1494.6,213.514285714286,840,0.882674878500854,68,"United Kingdom",2010-04-01 12:26:00,2010-11-24 10:21:00,"1","High_Value"
"15174",323.155555555556,2,481.46,240.73,382,0.674336200302827,34,"United Kingdom",2010-10-25 09:40:00,2011-01-21 09:06:00,"2","Not_High_Value"
"15175",72.0548611111111,1,224.14,224.14,454,30,23,"United Kingdom",2011-09-29 11:31:00,2011-09-29 11:31:00,"2","Not_High_Value"
"15176",668.093055555556,1,988.04,988.04,448,30,52,"United Kingdom",2010-02-10 10:36:00,2010-02-10 10:36:00,"2","Not_High_Value"
"15177",426.001388888889,1,948.93,948.93,485,30,26,"United Kingdom",2010-10-10 12:48:00,2010-10-10 12:48:00,"2","Not_High_Value"
"15178",260.901388888889,1,40.5,40.5,30,30,3,"United Kingdom",2011-03-24 15:12:00,2011-03-24 15:12:00,"2","Not_High_Value"
"15179",18.9979166666667,13,7491.92,576.301538461538,5416,0.542406406885934,225,"United Kingdom",2009-12-03 12:27:00,2011-11-21 12:53:00,"1","High_Value"
"15180",367.911805555556,3,816.93,272.31,654,0.403625151826591,46,"United Kingdom",2010-04-29 15:27:00,2010-12-07 14:57:00,"1","High_Value"
"15181",66.9527777777778,5,1200.2,240.04,688,0.225296640576759,15,"United Kingdom",2009-12-08 19:02:00,2011-10-04 13:58:00,"1","High_Value"
"15182",154.967361111111,11,2998.952,272.632,1186,0.655978487439503,78,"United Kingdom",2010-02-21 12:03:00,2011-07-08 13:37:00,"1","High_Value"
"15183",548.088194444444,3,639.93,213.31,297,2.37050043898156,33,"United Kingdom",2010-05-04 11:31:00,2010-06-10 10:43:00,"2","Not_High_Value"
"15184",29.9645833333333,4,685.39,171.3475,462,0.172645482293347,72,"United Kingdom",2009-12-16 12:06:00,2011-11-10 13:41:00,"1","High_Value"
"15185",70.9472222222222,1,310.62,310.62,666,30,21,"United Kingdom",2011-09-30 14:06:00,2011-09-30 14:06:00,"2","Not_High_Value"
"15186",14.9111111111111,5,1403.2,280.64,716,0.219555927806758,29,"United Kingdom",2010-01-12 10:14:00,2011-11-25 14:58:00,"1","High_Value"
"15187",2.0375,16,4777.18,298.57375,1887,2.26498933370908,61,"United Kingdom",2011-05-11 13:49:00,2011-12-08 11:56:00,"1","High_Value"
"15188",725.972222222222,1,310.43,310.43,233,30,23,"United Kingdom",2009-12-14 13:30:00,2009-12-14 13:30:00,"2","Not_High_Value"
"15189",1.97777777777778,46,17524.38,380.964782608696,6902,2.71125391400446,90,"United Kingdom",2010-07-18 13:37:00,2011-12-08 13:22:00,"1","High_Value"
"15190",434.986805555556,1,834.44,834.44,790,30,40,"United Kingdom",2010-10-01 13:09:00,2010-10-01 13:09:00,"2","Not_High_Value"
"15191",463.884027777778,3,588.05,196.016666666667,287,0.398007505635369,33,"United Kingdom",2010-01-20 12:35:00,2010-09-02 15:37:00,"2","Not_High_Value"
"15192",120.047916666667,5,1666.39,333.278,1448,0.267350555990138,56,"United Kingdom",2010-01-29 10:13:00,2011-08-12 11:41:00,"1","High_Value"
"15193",61.1854166666667,1,499.32,499.32,144,30,19,"United Kingdom",2011-10-10 08:23:00,2011-10-10 08:23:00,"2","Not_High_Value"
"15194",3.90277777777778,28,12021.53,429.340357142857,8922,1.14411865690912,274,"United Kingdom",2009-12-03 10:37:00,2011-12-06 15:10:00,"1","High_Value"
"15195",3.02083333333333,1,3861,3861,1404,30,1,"United Kingdom",2011-12-07 12:20:00,2011-12-07 12:20:00,"1","High_Value"
"15196",433.083333333333,2,313.7,156.85,130,0.203401322108594,34,"United Kingdom",2009-12-13 11:14:00,2010-10-03 10:50:00,"2","Not_High_Value"
"15197",11.1180555555556,6,1877.51,312.918333333333,1058,0.250390268783134,44,"United Kingdom",2009-12-11 12:56:00,2011-11-29 10:00:00,"1","High_Value"
"15198",92.9222222222222,5,571.35,114.27,327,0.250754294457517,28,"United Kingdom",2010-01-19 10:01:00,2011-09-08 14:42:00,"2","Not_High_Value"
"15199",59.9013888888889,10,3122.4,312.24,894,0.580038615533756,17,"United Kingdom",2010-05-13 10:14:00,2011-10-11 15:12:00,"1","High_Value"
"15200",495.133333333333,1,549.05,549.05,195,30,30,"United Kingdom",2010-08-02 09:38:00,2010-08-02 09:38:00,"2","Not_High_Value"
"15201",87.9145833333333,7,1842.95,263.278571428571,1660,0.399998412704712,44,"United Kingdom",2010-04-07 14:50:00,2011-09-13 14:53:00,"1","High_Value"
"15202",420.989583333333,3,6001.49,2000.49666666667,3,88.4038199181446,1,"United Kingdom",2010-10-15 12:39:00,2010-10-15 13:05:00,"2","Not_High_Value"
"15203",26.1902777777778,15,4400.18,293.345333333333,4182,0.636861295934112,150,"United Kingdom",2009-12-08 18:06:00,2011-11-14 08:16:00,"1","High_Value"
"15204",357.959027777778,1,316.58,316.58,258,30,9,"United Kingdom",2010-12-17 13:49:00,2010-12-17 13:49:00,"2","Not_High_Value"
"15205",85.7180555555556,2,653.24,326.62,378,1.39065492765053,37,"United Kingdom",2011-08-04 16:07:00,2011-09-15 19:36:00,"2","Not_High_Value"
"15206",10.9645833333333,4,420.3,105.075,162,0.450795936575516,3,"United Kingdom",2011-03-09 08:59:00,2011-11-29 13:41:00,"2","Not_High_Value"
"15207",416.972916666667,3,683.92,227.973333333333,428,0.6826801517067,19,"United Kingdom",2010-06-10 17:29:00,2010-10-19 13:29:00,"2","Not_High_Value"
"15208",1.80972222222222,6,970.52,161.753333333333,356,0.425317552389376,27,"United Kingdom",2010-10-12 12:17:00,2011-12-08 17:24:00,"1","High_Value"
"15209",730.808333333333,1,178.98,178.98,94,30,13,"United Kingdom",2009-12-09 17:26:00,2009-12-09 17:26:00,"2","Not_High_Value"
"15210",225.860416666667,3,1176.19,392.063333333333,841,0.256365114563161,66,"United Kingdom",2010-05-13 14:42:00,2011-04-28 16:11:00,"1","High_Value"
"15211",60.9715277777778,2,894.41,447.205,240,0.196148319004366,52,"United Kingdom",2010-12-09 16:08:00,2011-10-10 13:31:00,"1","High_Value"
"15212",241.961805555556,2,208.28,104.14,84,0.440771349862259,7,"United Kingdom",2010-11-28 10:45:00,2011-04-12 13:45:00,"2","Not_High_Value"
"15213",319.020138888889,2,328.35,164.175,272,4.97810555427518,22,"United Kingdom",2011-01-14 11:05:00,2011-01-25 12:21:00,"2","Not_High_Value"
"15214",2.02986111111111,8,1661.44,207.68,1254,0.991334429079143,109,"United Kingdom",2011-04-11 09:46:00,2011-12-08 12:07:00,"1","High_Value"
"15215",47.0479166666667,7,2422.43,346.061428571429,776,0.370361298224127,85,"United Kingdom",2010-04-06 11:21:00,2011-10-24 11:41:00,"1","High_Value"
"15216",88.0479166666667,2,486.09,243.045,217,0.112765910238858,24,"United Kingdom",2010-03-31 09:52:00,2011-09-13 11:41:00,"2","Not_High_Value"
"15217",563.957638888889,1,426.24,426.24,190,30,28,"United Kingdom",2010-05-25 13:51:00,2010-05-25 13:51:00,"2","Not_High_Value"
"15218",11.0430555555556,22,11468.83,521.310454545454,6530,0.980668327941928,139,"United Kingdom",2010-01-26 11:33:00,2011-11-29 11:48:00,"1","High_Value"
"15219",176.828472222222,2,685.45,342.725,271,0.126789582122669,26,"United Kingdom",2010-03-01 11:33:00,2011-06-16 16:57:00,"2","Not_High_Value"
"15220",52.0076388888889,6,1778.96,296.493333333333,1393,0.782289827515958,110,"United Kingdom",2011-03-04 10:24:00,2011-10-19 12:39:00,"1","High_Value"
"15221",366.9875,4,2062.2,515.55,244,0.441009830844146,21,"United Kingdom",2010-03-12 10:40:00,2010-12-08 13:08:00,"1","High_Value"
"15222",319.199305555556,11,3550.91,322.81,4458,0.813289200299849,98,"United Kingdom",2009-12-16 13:49:00,2011-01-25 08:03:00,"1","High_Value"
"15223",226.054861111111,5,1417.95,283.59,385,0.294112841293443,26,"United Kingdom",2009-12-05 11:19:00,2011-04-28 11:31:00,"1","High_Value"
"15224",358.908333333333,5,871.36,174.272,443,0.446495014139009,24,"United Kingdom",2010-01-15 16:14:00,2010-12-16 15:02:00,"2","Not_High_Value"
"15225",234.915972222222,1,409.4,409.4,226,30,23,"United Kingdom",2011-04-19 14:51:00,2011-04-19 14:51:00,"2","Not_High_Value"
"15226",311.047916666667,1,154.41,154.41,71,30,8,"United Kingdom",2011-02-02 11:41:00,2011-02-02 11:41:00,"2","Not_High_Value"
"15227",37.0354166666667,9,2488.49,276.498888888889,1217,0.451391791356683,86,"United Kingdom",2010-03-16 08:23:00,2011-11-03 11:59:00,"1","High_Value"
"15228",66.9541666666667,6,5580.27,930.045,3375,0.414603910904947,184,"United Kingdom",2010-07-28 10:21:00,2011-10-04 13:56:00,"1","High_Value"
"15229",586.958333333333,1,160.5,160.5,114,30,9,"United Kingdom",2010-05-02 13:50:00,2010-05-02 13:50:00,"2","Not_High_Value"
"15230",239.924305555556,2,429.6,214.8,351,27.9159935379645,23,"United Kingdom",2011-04-13 11:04:00,2011-04-14 14:39:00,"2","Not_High_Value"
"15231",621.901388888889,1,250.26,250.26,190,30,14,"United Kingdom",2010-03-28 15:12:00,2010-03-28 15:12:00,"2","Not_High_Value"
"15232",113.849305555556,2,612.06,306.03,686,2.12986244638367,26,"United Kingdom",2011-07-22 12:21:00,2011-08-18 16:27:00,"2","Not_High_Value"
"15233",401.968055555556,1,59.4,59.4,12,30,1,"United Kingdom",2010-11-03 13:36:00,2010-11-03 13:36:00,"2","Not_High_Value"
"15234",277.164583333333,1,197,197,196,30,14,"United Kingdom",2011-03-08 08:53:00,2011-03-08 08:53:00,"2","Not_High_Value"
"15235",218.129166666667,16,2772.76,173.2975,1676,2.79277240844296,161,"United Kingdom",2010-11-16 12:48:00,2011-05-06 09:44:00,"1","High_Value"
"15236",299.081944444444,1,321.05,321.05,269,30,15,"United Kingdom",2011-02-14 10:52:00,2011-02-14 10:52:00,"2","Not_High_Value"
"15237",2.12777777777778,4,1412.32,353.08,1071,0.529149135539346,94,"United Kingdom",2011-04-26 15:04:00,2011-12-08 09:46:00,"1","High_Value"
"15238",29.9319444444444,3,1071.99,357.33,692,0.577159449204624,49,"United Kingdom",2011-06-08 16:00:00,2011-11-10 14:28:00,"1","High_Value"
"15239",10.9416666666667,2,780.59,390.295,594,0.867287017797452,48,"United Kingdom",2011-09-22 09:53:00,2011-11-29 14:14:00,"1","High_Value"
"15240",45.125,12,4459.98,371.665,3214,0.52114487003045,134,"United Kingdom",2009-12-05 14:57:00,2011-10-26 09:50:00,"1","High_Value"
"15241",67.15625,11,3050.16,277.287272727273,3328,0.560465922681178,120,"United Kingdom",2010-02-23 13:59:00,2011-10-04 09:05:00,"1","High_Value"
"15242",422.886805555556,1,302.04,302.04,196,30,4,"United Kingdom",2010-10-13 15:33:00,2010-10-13 15:33:00,"2","Not_High_Value"
"15243",74.9430555555556,2,927.28,463.64,543,0.165808199829586,56,"United Kingdom",2010-09-30 17:28:00,2011-09-26 14:12:00,"1","High_Value"
"15244",65.9798611111111,3,912.08,304.026666666667,472,0.149517011597952,44,"United Kingdom",2010-02-11 14:48:00,2011-10-05 13:19:00,"1","High_Value"
"15245",134.745833333333,8,4610.84,576.355,3021,0.519267436252259,72,"United Kingdom",2010-04-23 14:23:00,2011-07-28 18:56:00,"1","High_Value"
"15246",238.920138888889,3,780.4,260.133333333333,359,0.282897163824962,45,"United Kingdom",2010-06-02 11:28:00,2011-04-15 14:45:00,"1","High_Value"
"15247",122.998611111111,3,976.06,325.353333333333,514,0.216373605091458,13,"United Kingdom",2010-06-20 14:08:00,2011-08-09 12:52:00,"1","High_Value"
"15248",411.986805555556,3,1893.93,631.31,1065,0.726152122145959,103,"United Kingdom",2010-06-23 14:34:00,2010-10-24 13:09:00,"1","High_Value"
"15249",32.0451388888889,18,9266,514.777777777778,4980,0.910822340447962,304,"United Kingdom",2010-03-26 14:51:00,2011-11-08 11:45:00,"1","High_Value"
"15250",641.21875,1,60,60,48,30,3,"United Kingdom",2010-03-09 07:35:00,2010-03-09 07:35:00,"2","Not_High_Value"
"15251",9.90833333333333,21,20324.54,967.835238095238,12108,0.938761149858234,183,"United Kingdom",2010-01-29 12:42:00,2011-11-30 15:02:00,"1","High_Value"
"15252",36.9722222222222,5,2103.41,420.682,1430,0.260358281924626,106,"United Kingdom",2010-04-07 10:24:00,2011-11-03 13:30:00,"1","High_Value"
"15253",16.8527777777778,8,2055.09,256.88625,1588,0.420159383377201,102,"United Kingdom",2010-05-02 11:17:00,2011-11-23 16:22:00,"1","High_Value"
"15254",127.906944444444,3,1088.35,362.783333333333,711,0.207275100118991,64,"United Kingdom",2010-05-28 10:08:00,2011-08-04 15:04:00,"1","High_Value"
"15255",67.0048611111111,9,3706.02,411.78,2214,0.402295817799727,137,"United Kingdom",2009-12-03 09:10:00,2011-10-04 12:43:00,"1","High_Value"
"15256",149.04375,2,170.4,85.2,92,0.144926077636095,6,"United Kingdom",2010-05-27 11:41:00,2011-07-14 11:47:00,"2","Not_High_Value"
"15257",283.994444444444,2,685.9,342.95,71,0.454700944662263,11,"United Kingdom",2010-10-21 14:03:00,2011-03-01 12:58:00,"2","Not_High_Value"
"15258",169.013888888889,2,623.16,311.58,142,1.20176927142738,32,"United Kingdom",2011-05-06 14:16:00,2011-06-24 12:30:00,"2","Not_High_Value"
"15259",513.16875,4,1182.38,295.595,631,0.701908313226585,50,"United Kingdom",2010-01-26 09:41:00,2010-07-15 08:47:00,"1","High_Value"
"15260",100.954861111111,25,8767.73,350.7092,4468,1.1827968765401,186,"United Kingdom",2009-12-06 11:45:00,2011-08-31 13:55:00,"1","High_Value"
"15261",135.895833333333,4,1508,377,806,0.399813975441982,87,"United Kingdom",2010-10-01 11:59:00,2011-07-27 15:20:00,"1","High_Value"
"15262",324.023611111111,3,418.82,139.606666666667,218,0.542665845968319,22,"United Kingdom",2010-08-08 15:55:00,2011-01-20 12:16:00,"2","Not_High_Value"
"15263",107.1,1,156.51,156.51,89,30,12,"United Kingdom",2011-08-25 10:26:00,2011-08-25 10:26:00,"2","Not_High_Value"
"15264",64.9590277777778,2,848.4,424.2,443,0.128475836431227,52,"United Kingdom",2010-06-27 13:29:00,2011-10-06 13:49:00,"1","High_Value"
"15265",151.919444444444,4,3345.64,836.41,1570,0.204115864102304,179,"United Kingdom",2009-12-01 17:08:00,2011-07-11 14:46:00,"1","High_Value"
"15266",338.965277777778,5,852.21,170.442,236,0.412024240759498,38,"United Kingdom",2010-01-07 12:19:00,2011-01-05 13:40:00,"2","Not_High_Value"
"15267",22.86875,5,1717.36,343.472,944,0.930332723161408,8,"United Kingdom",2011-06-10 10:24:00,2011-11-17 15:59:00,"1","High_Value"
"15268",479.095138888889,3,961.9,320.633333333333,428,0.703331054019732,21,"United Kingdom",2010-04-13 11:27:00,2010-08-18 10:33:00,"2","Not_High_Value"
"15269",24.1375,3,1225.36,408.453333333333,372,0.244660326138256,33,"United Kingdom",2010-11-14 12:58:00,2011-11-16 09:32:00,"1","High_Value"
"15270",16.1430555555556,21,8524.86,405.945714285714,4010,0.890125610538648,66,"United Kingdom",2009-12-17 15:02:00,2011-11-24 09:24:00,"1","High_Value"
"15271",7.94375,24,4528.54,188.689166666667,2412,1.48463386763733,369,"United Kingdom",2010-08-05 14:57:00,2011-12-02 14:11:00,"1","High_Value"
"15272",57.99375,6,2030.95,338.491666666667,665,0.296553933458423,257,"United Kingdom",2010-02-14 13:39:00,2011-10-13 12:59:00,"1","High_Value"
"15273",600.054861111111,1,228.96,228.96,216,30,1,"United Kingdom",2010-04-19 11:31:00,2010-04-19 11:31:00,"2","Not_High_Value"
"15274",4.82847222222222,2,716.57,358.285,619,3.97058823529412,44,"United Kingdom",2011-11-21 14:17:00,2011-12-05 16:57:00,"1","High_Value"
"15275",38.0625,1,615.14,615.14,498,30,41,"United Kingdom",2011-11-02 11:20:00,2011-11-02 11:20:00,"2","Not_High_Value"
"15276",66.8409722222222,4,619.8,154.95,317,0.325047261646116,160,"United Kingdom",2010-10-01 12:24:00,2011-10-04 16:39:00,"1","High_Value"
"15277",47.1125,2,476.34,238.17,373,0.157996949781108,23,"United Kingdom",2010-10-10 16:02:00,2011-10-24 10:08:00,"2","Not_High_Value"
"15278",562.115972222222,4,496.16,124.04,458,1.14505334305215,29,"United Kingdom",2010-02-12 14:53:00,2010-05-27 10:03:00,"2","Not_High_Value"
"15279",355.084722222222,5,1580.54,316.108,802,0.465805358055521,74,"United Kingdom",2010-02-02 10:15:00,2010-12-20 10:48:00,"1","High_Value"
"15280",172.816666666667,3,397.52,132.506666666667,507,0.224930880614811,48,"United Kingdom",2010-05-17 14:17:00,2011-06-20 17:14:00,"2","Not_High_Value"
"15281",59.1527777777778,16,8543.57,533.973125,5233,1.29774546765399,427,"United Kingdom",2010-10-08 12:14:00,2011-10-12 09:10:00,"1","High_Value"
"15282",570.849305555556,1,348.59,348.59,395,30,27,"United Kingdom",2010-05-18 16:27:00,2010-05-18 16:27:00,"2","Not_High_Value"
"15283",390.913888888889,3,148.33,49.4433333333333,27,0.697869774053891,9,"United Kingdom",2010-07-09 15:46:00,2010-11-14 14:54:00,"2","Not_High_Value"
"15284",500.975694444444,1,24.75,24.75,5,30,1,"United Kingdom",2010-07-27 13:25:00,2010-07-27 13:25:00,"2","Not_High_Value"
"15285",408.127777777778,1,94.92,94.92,120,30,6,"United Kingdom",2010-10-28 09:46:00,2010-10-28 09:46:00,"2","Not_High_Value"
"15286",50.0708333333333,1,240.55,240.55,55,30,3,"United Kingdom",2011-10-21 11:08:00,2011-10-21 11:08:00,"2","Not_High_Value"
"15287",22.8861111111111,5,856.03,171.206,1010,0.209456373437441,23,"United Kingdom",2009-12-02 12:13:00,2011-11-17 15:34:00,"1","High_Value"
"15288",43.8277777777778,10,3715.38,371.538,1336,0.481492090489305,128,"United Kingdom",2010-02-12 15:27:00,2011-10-27 16:58:00,"1","High_Value"
"15289",29.9590277777778,5,1593.09,318.618,1627,0.252914369751441,67,"United Kingdom",2010-03-28 11:45:00,2011-11-10 13:49:00,"1","High_Value"
"15290",5.04930555555556,26,10496.28,403.703076923077,6567,1.19989231735613,106,"United Kingdom",2010-02-24 10:15:00,2011-12-05 11:39:00,"1","High_Value"
"15291",26.075,40,13517.76,337.944,4905,1.68540476536493,116,"United Kingdom",2009-12-03 11:09:00,2011-11-14 11:02:00,"1","High_Value"
"15292",201.909722222222,1,178.39,178.39,55,30,24,"United Kingdom",2011-05-22 15:00:00,2011-05-22 15:00:00,"2","Not_High_Value"
"15293",666.038888888889,1,247.5,247.5,178,30,19,"United Kingdom",2010-02-12 11:54:00,2010-02-12 11:54:00,"2","Not_High_Value"
"15294",411.045138888889,1,233.35,233.35,97,30,15,"United Kingdom",2010-10-25 11:45:00,2010-10-25 11:45:00,"2","Not_High_Value"
"15295",654.990972222222,1,207.04,207.04,139,30,50,"United Kingdom",2010-02-23 13:03:00,2010-02-23 13:03:00,"2","Not_High_Value"
"15296",51.04375,12,10323.03,860.2525,5452,0.564337648963258,342,"United Kingdom",2010-01-21 13:48:00,2011-10-20 11:47:00,"1","High_Value"
"15297",10.8458333333333,3,641.94,213.98,292,1.65792503517974,30,"United Kingdom",2011-10-07 09:42:00,2011-11-29 16:32:00,"1","High_Value"
"15298",2.81458333333333,23,9061.77,393.99,6000,0.945193790411648,199,"United Kingdom",2009-12-08 17:04:00,2011-12-07 17:17:00,"1","High_Value"
"15299",67.9381944444444,10,6156.53,615.653,3356,0.476103883222298,9,"United Kingdom",2010-01-12 11:34:00,2011-10-03 14:19:00,"1","High_Value"
"15300",64.8208333333333,1,496.44,496.44,292,30,28,"United Kingdom",2011-10-06 17:08:00,2011-10-06 17:08:00,"2","Not_High_Value"
"15301",51.1201388888889,17,6909.67,406.451176470588,3763,1.27257856578455,231,"United Kingdom",2010-09-15 15:41:00,2011-10-20 09:57:00,"1","High_Value"
"15302",730.985416666667,1,308,308,102,30,15,"United Kingdom",2009-12-09 13:11:00,2009-12-09 13:11:00,"2","Not_High_Value"
"15303",290.952083333333,3,1224.18,408.06,514,0.228322971299309,63,"United Kingdom",2010-01-25 09:42:00,2011-02-22 13:59:00,"1","High_Value"
"15304",61.1020833333333,9,796.4,88.4888888888889,112,0.745857784411035,8,"United Kingdom",2010-10-14 10:24:00,2011-10-10 10:23:00,"2","Not_High_Value"
"15305",555.958333333333,1,93.6,93.6,40,30,5,"United Kingdom",2010-06-02 13:50:00,2010-06-02 13:50:00,"2","Not_High_Value"
"15306",64.9958333333333,9,3484.73,387.192222222222,3074,0.453155303595405,123,"United Kingdom",2010-02-18 17:12:00,2011-10-06 12:56:00,"1","High_Value"
"15307",96.05,1,205.3,205.3,37,30,12,"United Kingdom",2011-09-05 11:38:00,2011-09-05 11:38:00,"2","Not_High_Value"
"15308",274.9875,1,310.47,310.47,175,30,19,"United Kingdom",2011-03-10 13:08:00,2011-03-10 13:08:00,"2","Not_High_Value"
"15309",611.06875,4,797.96,199.49,440,0.952958694093641,49,"United Kingdom",2009-12-04 13:01:00,2010-04-08 11:11:00,"2","Not_High_Value"
"15310",479.05,1,1634.64,1634.64,1476,30,45,"United Kingdom",2010-08-18 11:38:00,2010-08-18 11:38:00,"2","Not_High_Value"
"15311",1.03472222222222,208,114966.42,552.723173076923,70149,8.44353358723322,864,"United Kingdom",2009-12-01 11:21:00,2011-12-09 12:00:00,"1","High_Value"
"15312",75.9861111111111,12,2930.19,244.1825,1693,0.554564836695418,118,"United Kingdom",2009-12-16 09:23:00,2011-09-25 13:10:00,"1","High_Value"
"15313",110.866666666667,1,52,52,25,30,1,"United Kingdom",2011-08-21 16:02:00,2011-08-21 16:02:00,"2","Not_High_Value"
"15314",199.924305555556,3,820.45,273.483333333333,750,0.391377612958948,49,"United Kingdom",2010-10-07 15:41:00,2011-05-24 14:39:00,"1","High_Value"
"15315",64.9993055555556,2,570.5,285.25,862,1.13424528054192,35,"United Kingdom",2011-08-15 15:17:00,2011-10-06 12:51:00,"1","High_Value"
"15316",327.052777777778,1,165,165,100,30,1,"United Kingdom",2011-01-17 11:34:00,2011-01-17 11:34:00,"2","Not_High_Value"
"15317",677.871527777778,1,129.75,129.75,45,30,5,"United Kingdom",2010-01-31 15:55:00,2010-01-31 15:55:00,"2","Not_High_Value"
"15318",4.05555555555556,1,312.62,312.62,642,30,33,"United Kingdom",2011-12-06 11:30:00,2011-12-06 11:30:00,"2","Not_High_Value"
"15319",284.001388888889,1,204.5,204.5,175,30,16,"United Kingdom",2011-03-01 12:48:00,2011-03-01 12:48:00,"2","Not_High_Value"
"15320",44.9743055555556,1,267.13,267.13,326,30,36,"United Kingdom",2011-10-26 13:27:00,2011-10-26 13:27:00,"2","Not_High_Value"
"15321",71.1319444444444,12,6709.73,559.144166666667,3653,0.595046103446653,242,"United Kingdom",2010-02-03 09:47:00,2011-09-30 09:40:00,"1","High_Value"
"15322",86.1361111111111,2,1390.86,695.43,971,0.15311981625622,76,"United Kingdom",2010-08-20 13:10:00,2011-09-15 09:34:00,"1","High_Value"
"15323",563.117361111111,3,434.6,144.866666666667,188,0.89975006942516,29,"United Kingdom",2010-02-16 09:21:00,2010-05-26 10:01:00,"2","Not_High_Value"
"15324",701.925694444444,1,140.22,140.22,74,30,8,"United Kingdom",2010-01-07 14:37:00,2010-01-07 14:37:00,"2","Not_High_Value"
"15325",104.038194444444,8,1601.46,200.1825,1382,0.429388779484758,164,"United Kingdom",2010-02-16 13:30:00,2011-08-28 11:55:00,"1","High_Value"
"15326",334.05,5,1700.52,340.104,1351,0.369521965172555,94,"United Kingdom",2009-12-01 13:19:00,2011-01-10 11:38:00,"1","High_Value"
"15327",53.0381944444444,1,208.75,208.75,116,30,10,"United Kingdom",2011-10-18 11:55:00,2011-10-18 11:55:00,"2","Not_High_Value"
"15328",408.15625,1,107.24,107.24,88,30,8,"United Kingdom",2010-10-28 09:05:00,2010-10-28 09:05:00,"2","Not_High_Value"
"15329",39.8847222222222,11,2958.83,268.984545454545,1217,0.480253224427425,98,"United Kingdom",2009-12-14 12:18:00,2011-10-31 15:36:00,"1","High_Value"
"15330",32.7916666666667,2,714.96,357.48,1312,2.0532319391635,10,"United Kingdom",2011-10-10 12:30:00,2011-11-07 17:50:00,"1","High_Value"
"15331",500.130555555556,3,767.91,255.97,701,0.812254004863496,41,"United Kingdom",2010-04-09 14:26:00,2010-07-28 09:42:00,"1","High_Value"
"15332",366.921527777778,6,4892.68,815.446666666667,2306,1.21563440920731,113,"Lithuania",2010-07-14 13:01:00,2010-12-08 14:43:00,"1","High_Value"
"15333",208.974305555556,1,1028.56,1028.56,344,30,16,"United Kingdom",2011-05-15 13:27:00,2011-05-15 13:27:00,"2","Not_High_Value"
"15334",157.061111111111,3,350.82,116.94,273,5.02890846300105,67,"United Kingdom",2011-06-19 13:51:00,2011-07-06 11:22:00,"2","Not_High_Value"
"15335",54,1,170.22,170.22,79,30,34,"United Kingdom",2011-10-17 12:50:00,2011-10-17 12:50:00,"2","Not_High_Value"
"15336",402.007638888889,1,240.5,240.5,84,30,15,"United Kingdom",2010-11-03 12:39:00,2010-11-03 12:39:00,"2","Not_High_Value"
"15337",411.889583333333,1,373.02,373.02,200,30,21,"United Kingdom",2010-10-24 15:29:00,2010-10-24 15:29:00,"2","Not_High_Value"
"15338",677.934027777778,1,277.93,277.93,148,30,56,"United Kingdom",2010-01-31 14:25:00,2010-01-31 14:25:00,"2","Not_High_Value"
"15339",66.9993055555556,7,1821.02,260.145714285714,1138,0.347700908230646,162,"United Kingdom",2010-02-08 13:38:00,2011-10-04 12:51:00,"1","High_Value"
"15340",562.099305555556,1,105.5,105.5,76,30,7,"United Kingdom",2010-05-27 10:27:00,2010-05-27 10:27:00,"2","Not_High_Value"
"15341",81.1319444444444,2,2402.72,1201.36,1008,0.162290398381604,22,"United Kingdom",2010-09-16 16:41:00,2011-09-20 09:40:00,"1","High_Value"
"15342",130.104861111111,1,406.09,406.09,283,30,24,"United Kingdom",2011-08-02 10:19:00,2011-08-02 10:19:00,"2","Not_High_Value"
"15343",87.9548611111111,1,364.5,364.5,84,30,21,"United Kingdom",2011-09-13 13:55:00,2011-09-13 13:55:00,"2","Not_High_Value"
"15344",1.08680555555556,3,563.94,187.98,116,1.20270608869957,21,"United Kingdom",2011-09-26 14:48:00,2011-12-09 10:45:00,"1","High_Value"
"15345",46.0569444444444,1,393.54,393.54,81,30,20,"United Kingdom",2011-10-25 11:28:00,2011-10-25 11:28:00,"2","Not_High_Value"
"15346",333.063888888889,3,596.12,198.706666666667,260,0.901458610112196,36,"United Kingdom",2010-10-04 15:11:00,2011-01-11 11:18:00,"2","Not_High_Value"
"15347",366.892361111111,4,1162,290.5,542,1.66417874512448,29,"United Kingdom",2010-09-28 12:50:00,2010-12-08 15:25:00,"1","High_Value"
"15348",72.98125,1,158.04,158.04,84,30,9,"United Kingdom",2011-09-28 13:17:00,2011-09-28 13:17:00,"2","Not_High_Value"
"15349",158.863888888889,2,463.91,231.955,321,1.99907450254512,65,"United Kingdom",2011-06-05 15:46:00,2011-07-04 16:06:00,"2","Not_High_Value"
"15350",373.970138888889,2,547.6,273.8,272,5.48954825592477,26,"United Kingdom",2010-11-21 15:14:00,2010-12-01 13:33:00,"2","Not_High_Value"
"15351",12.9986111111111,10,3430.22,343.022,1350,0.712549111457856,201,"United Kingdom",2010-10-03 12:18:00,2011-11-27 12:52:00,"1","High_Value"
"15352",549.056944444444,1,111.15,111.15,40,30,34,"United Kingdom",2010-06-09 11:28:00,2010-06-09 11:28:00,"2","Not_High_Value"
"15353",255.024305555556,7,2794.47,399.21,1391,0.433858152487367,274,"United Kingdom",2009-12-02 11:33:00,2011-03-30 12:15:00,"1","High_Value"
"15354",603.851388888889,3,284.4,94.8,3,89.5646164478231,1,"United Kingdom",2010-04-15 16:17:00,2010-04-15 16:24:00,"2","Not_High_Value"
"15355",29.9625,2,277.05,138.525,45,2.4065511670659,9,"United Kingdom",2011-10-17 15:22:00,2011-11-10 13:44:00,"2","Not_High_Value"
"15356",31.9854166666667,13,3239.57,249.197692307692,1892,0.994899721690267,290,"United Kingdom",2010-10-13 13:12:00,2011-11-08 13:11:00,"1","High_Value"
"15358",5.15694444444444,42,16425.86,391.091904761905,14902,1.72871618241843,359,"United Kingdom",2009-12-07 12:19:00,2011-12-05 09:04:00,"1","High_Value"
"15359",663.085416666667,8,181.35,22.66875,145,7.50700523491974,10,"United Kingdom",2010-01-15 11:30:00,2010-02-15 10:47:00,"2","Not_High_Value"
"15360",40.1354166666667,1,427.93,427.93,223,30,13,"United Kingdom",2011-10-31 09:35:00,2011-10-31 09:35:00,"2","Not_High_Value"
"15361",362.123611111111,4,689.07,172.2675,373,0.656273143312888,10,"United Kingdom",2010-06-14 13:27:00,2010-12-13 09:52:00,"2","Not_High_Value"
"15362",449.092361111111,2,613.08,306.54,368,0.206141784510258,38,"United Kingdom",2009-12-01 09:08:00,2010-09-17 10:37:00,"2","Not_High_Value"
"15363",373.015277777778,2,678.11,339.055,383,0.495222592238074,32,"United Kingdom",2010-08-04 08:41:00,2010-12-02 12:28:00,"2","Not_High_Value"
"15364",96.1277777777778,2,913.19,456.595,493,0.375379615670361,29,"United Kingdom",2011-03-30 13:39:00,2011-09-05 09:46:00,"1","High_Value"
"15365",26.18125,13,4557.13,350.548461538462,2131,0.601242310500543,126,"United Kingdom",2010-02-04 16:43:00,2011-11-14 08:29:00,"1","High_Value"
"15366",75.9090277777778,7,2389.08,341.297142857143,2447,0.363824050646618,86,"United Kingdom",2010-02-26 10:10:00,2011-09-25 15:01:00,"1","High_Value"
"15367",57.9423611111111,11,5081.33,461.939090909091,2944,0.490345295130702,214,"United Kingdom",2009-12-10 14:20:00,2011-10-13 14:13:00,"1","High_Value"
"15368",21.9222222222222,2,722.74,361.37,406,0.160448661999294,8,"United Kingdom",2010-11-10 15:52:00,2011-11-18 14:42:00,"1","High_Value"
"15369",492.955555555556,11,6251.26,568.296363636364,3288,1.373525526706,44,"United Kingdom",2009-12-08 07:43:00,2010-08-04 13:54:00,"1","High_Value"
"15370",41.0777777777778,8,3739.01,467.37625,1397,0.646985042215025,90,"United Kingdom",2010-10-25 12:08:00,2011-10-30 10:58:00,"1","High_Value"
"15371",662.983333333333,1,59.4,59.4,12,30,1,"United Kingdom",2010-02-15 13:14:00,2010-02-15 13:14:00,"2","Not_High_Value"
"15372",137.840972222222,8,6017.06,752.1325,6410,0.455219014877601,45,"United Kingdom",2010-02-14 11:24:00,2011-07-25 16:39:00,"1","High_Value"
"15373",8.90625,17,3084.54,181.443529411765,726,0.880630446982306,107,"United Kingdom",2010-05-02 11:57:00,2011-12-01 15:05:00,"1","High_Value"
"15374",129.11875,2,307.32,153.66,290,0.120745266617847,8,"United Kingdom",2010-03-25 12:03:00,2011-08-03 09:59:00,"2","Not_High_Value"
"15375",690.883333333333,1,60.96,60.96,84,30,6,"United Kingdom",2010-01-18 15:38:00,2010-01-18 15:38:00,"2","Not_High_Value"
"15376",40.9069444444444,3,1221.56,407.186666666667,615,0.491655886403211,100,"United Kingdom",2011-05-01 13:45:00,2011-10-30 15:04:00,"1","High_Value"
"15377",383.163194444444,4,1211.75,302.9375,253,3.5414916074027,15,"United Kingdom",2010-10-20 11:42:00,2010-11-22 08:55:00,"2","Not_High_Value"
"15378",463.055555555556,2,246.5,123.25,130,1.49576718660734,8,"United Kingdom",2010-07-26 08:47:00,2010-09-03 11:30:00,"2","Not_High_Value"
"15379",169.984027777778,8,4877.84,609.73,3000,1.03425366747069,177,"United Kingdom",2010-11-04 11:59:00,2011-06-23 13:13:00,"1","High_Value"
"15380",9.02569444444444,11,3248.96,295.36,954,0.451477991873016,27,"United Kingdom",2009-12-01 13:50:00,2011-12-01 12:13:00,"1","High_Value"
"15381",214.038194444444,5,1890.57,378.114,802,0.404433792690234,20,"United Kingdom",2010-05-05 14:35:00,2011-05-10 11:55:00,"1","High_Value"
"15382",15.0777777777778,12,13733.55,1144.4625,9178,0.498708495072079,315,"United Kingdom",2009-12-04 14:13:00,2011-11-25 10:58:00,"1","High_Value"
"15384",170.078472222222,4,2027.79,506.9475,1767,0.283065693191517,83,"United Kingdom",2010-04-26 12:38:00,2011-06-23 10:57:00,"1","High_Value"
"15385",40.9020833333333,3,942.08,314.026666666667,428,0.141046026060865,18,"United Kingdom",2010-01-31 13:02:00,2011-10-30 15:11:00,"1","High_Value"
"15386",186.960416666667,1,394.14,394.14,446,30,31,"United Kingdom",2011-06-06 13:47:00,2011-06-06 13:47:00,"2","Not_High_Value"
"15387",492.864583333333,1,468.65,468.65,335,30,20,"United Kingdom",2010-08-04 16:05:00,2010-08-04 16:05:00,"2","Not_High_Value"
"15388",270.95625,1,140.54,140.54,88,30,10,"Canada",2011-03-14 13:53:00,2011-03-14 13:53:00,"2","Not_High_Value"
"15389",172.855555555556,5,2733.8,546.76,3940,0.294031967808945,2,"United Kingdom",2010-01-27 12:44:00,2011-06-20 16:18:00,"1","High_Value"
"15390",396.896527777778,2,1216.66,608.33,894,4.31223797165103,77,"Canada",2010-10-26 17:23:00,2010-11-08 15:19:00,"1","High_Value"
"15391",584.906944444444,1,289.87,289.87,109,30,12,"United Kingdom",2010-05-04 15:04:00,2010-05-04 15:04:00,"2","Not_High_Value"
"15392",5.07569444444444,7,2911.62,415.945714285714,2144,0.490740996184748,100,"United Kingdom",2010-10-04 12:50:00,2011-12-05 11:01:00,"1","High_Value"
"15393",16.8347222222222,5,891.34,178.268,378,0.211579677380173,37,"United Kingdom",2009-12-15 17:56:00,2011-11-23 16:48:00,"1","High_Value"
"15394",10.0423611111111,11,5286.8,480.618181818182,2372,0.461088837225549,129,"United Kingdom",2009-12-15 19:05:00,2011-11-30 11:49:00,"1","High_Value"
"15395",326.006944444444,1,107.45,107.45,17,30,7,"United Kingdom",2011-01-18 12:40:00,2011-01-18 12:40:00,"2","Not_High_Value"
"15396",113.079166666667,2,796.38,398.19,278,0.127097700473086,16,"United Kingdom",2010-05-05 09:04:00,2011-08-19 10:56:00,"2","Not_High_Value"
"15397",290.142361111111,1,94,94,20,30,6,"United Kingdom",2011-02-23 09:25:00,2011-02-23 09:25:00,"2","Not_High_Value"
"15398",16.8354166666667,2,1345.53,672.765,769,0.951217095485022,60,"United Kingdom",2011-09-22 14:56:00,2011-11-23 16:47:00,"1","High_Value"
"15399",1.99027777777778,3,815.77,271.923333333333,611,1.14097563981794,45,"United Kingdom",2011-09-21 15:57:00,2011-12-08 13:04:00,"1","High_Value"
"15400",92.9534722222222,8,1302.3,162.7875,662,0.511481698545474,16,"United Kingdom",2010-05-28 08:33:00,2011-09-08 13:57:00,"1","High_Value"
"15401",452.963888888889,2,216.95,108.475,93,0.512315738292044,14,"United Kingdom",2010-05-20 10:56:00,2010-09-13 13:42:00,"2","Not_High_Value"
"15402",149.022916666667,6,1830.54,305.09,2034,0.405402235030069,79,"United Kingdom",2010-04-27 12:12:00,2011-07-14 12:17:00,"1","High_Value"
"15403",492.020138888889,2,170.88,85.44,492,0.250017362316828,6,"United Kingdom",2009-12-09 12:45:00,2010-08-05 12:21:00,"2","Not_High_Value"
"15404",376.074305555556,1,257.06,257.06,334,30,16,"United Kingdom",2010-11-29 11:03:00,2010-11-29 11:03:00,"2","Not_High_Value"
"15405",189.920833333333,2,659.84,329.92,348,0.15465910555484,29,"United Kingdom",2010-05-12 15:56:00,2011-06-03 14:44:00,"2","Not_High_Value"
"15406",31.9777777777778,4,975.87,243.9675,547,0.283680491712852,108,"United Kingdom",2010-09-12 13:06:00,2011-11-08 13:22:00,"1","High_Value"
"15407",34.0381944444444,4,1046.74,261.685,552,0.439653264196501,142,"United Kingdom",2011-02-07 13:18:00,2011-11-06 11:55:00,"1","High_Value"
"15408",264.908333333333,1,267.18,267.18,106,30,34,"United Kingdom",2011-03-20 15:02:00,2011-03-20 15:02:00,"2","Not_High_Value"
"15409",721.885416666667,1,131.25,131.25,59,30,9,"United Kingdom",2009-12-18 15:35:00,2009-12-18 15:35:00,"2","Not_High_Value"
"15410",84.91875,10,4685.72,468.572,1902,0.581121618531323,80,"United Kingdom",2010-04-19 08:57:00,2011-09-16 14:47:00,"1","High_Value"
"15411",26.8965277777778,4,1348.93,337.2325,529,0.7637602818134,86,"United Kingdom",2011-06-10 12:30:00,2011-11-13 15:19:00,"1","High_Value"
"15412",171.893055555556,1,190.53,190.53,108,30,10,"United Kingdom",2011-06-21 15:24:00,2011-06-21 15:24:00,"2","Not_High_Value"
"15413",692.053472222222,5,6798.72,1359.744,2694,3.1216128332972,20,"United Kingdom",2009-12-01 10:18:00,2010-01-17 11:33:00,"1","High_Value"
"15414",10.125,3,774.9,258.3,443,0.384883807261118,37,"United Kingdom",2011-04-11 13:45:00,2011-11-30 09:50:00,"1","High_Value"
"15415",313.942361111111,1,559.61,559.61,551,30,46,"United Kingdom",2011-01-30 14:13:00,2011-01-30 14:13:00,"2","Not_High_Value"
"15416",65.1333333333333,7,4572.82,653.26,2420,0.342630664764674,189,"United Kingdom",2010-02-01 11:55:00,2011-10-06 09:38:00,"1","High_Value"
"15417",85.8916666666667,1,508.8,508.8,284,30,28,"United Kingdom",2011-09-15 15:26:00,2011-09-15 15:26:00,"2","Not_High_Value"
"15418",425.966666666667,2,449.42,224.71,264,0.370168846692687,64,"United Kingdom",2010-05-02 11:31:00,2010-10-10 13:38:00,"2","Not_High_Value"
"15419",25.14375,1,135.86,135.86,230,30,8,"United Kingdom",2011-11-15 09:23:00,2011-11-15 09:23:00,"2","Not_High_Value"
"15420",434.877777777778,6,743,123.833333333333,844,0.59781768866891,52,"United Kingdom",2009-12-05 13:29:00,2010-10-01 15:46:00,"1","High_Value"
"15421",59.1458333333333,10,3805.34,380.534,1927,0.444604538671332,170,"United Kingdom",2009-12-07 15:10:00,2011-10-12 09:20:00,"1","High_Value"
"15422",323.85625,7,1619.97,231.424285714286,710,0.60312933175105,80,"United Kingdom",2010-02-07 11:52:00,2011-01-20 16:17:00,"1","High_Value"
"15423",38.9506944444444,3,266.89,88.9633333333333,198,0.154106107286864,13,"United Kingdom",2010-03-28 13:42:00,2011-11-01 14:01:00,"2","Not_High_Value"
"15424",254.991666666667,3,597.78,199.26,873,0.428933128133843,33,"United Kingdom",2010-09-02 17:17:00,2011-03-30 13:02:00,"1","High_Value"
"15425",400.775694444444,4,1941.12,485.28,1041,0.454142871034463,114,"United Kingdom",2010-02-14 12:36:00,2010-11-04 18:13:00,"1","High_Value"
"15426",19.8847222222222,9,2156.35,239.594444444444,1041,0.475337002687219,327,"United Kingdom",2010-05-02 15:10:00,2011-11-20 15:36:00,"1","High_Value"
"15427",33.93125,3,1430.54,476.846666666667,967,6.00500417014178,233,"United Kingdom",2011-10-23 14:47:00,2011-11-06 14:29:00,"1","High_Value"
"15428",15.8305555555556,4,762.75,190.6875,347,0.169500170677255,39,"United Kingdom",2009-12-17 17:46:00,2011-11-24 16:54:00,"1","High_Value"
"15429",27.0152777777778,2,397.35,198.675,380,1.20123460223007,77,"United Kingdom",2011-09-25 13:42:00,2011-11-13 12:28:00,"1","High_Value"
"15430",468.088888888889,2,954.75,477.375,309,0.970590217708778,36,"United Kingdom",2010-06-29 15:04:00,2010-08-29 10:42:00,"2","Not_High_Value"
"15431",503.004166666667,1,153.24,153.24,84,30,2,"United Kingdom",2010-07-25 12:44:00,2010-07-25 12:44:00,"2","Not_High_Value"
"15432",23.8472222222222,2,320.76,160.38,92,0.115588995499521,16,"United Kingdom",2010-06-16 14:34:00,2011-11-16 16:30:00,"2","Not_High_Value"
"15433",214.086805555556,2,533.3,266.65,534,1.09376780221032,40,"United Kingdom",2011-03-17 14:12:00,2011-05-10 10:45:00,"2","Not_High_Value"
"15434",8.97013888888889,11,2567.06,233.369090909091,1423,0.487505616778729,82,"United Kingdom",2010-01-24 15:35:00,2011-12-01 13:33:00,"1","High_Value"
"15435",22.8409722222222,1,149.29,149.29,54,30,29,"United Kingdom",2011-11-17 16:39:00,2011-11-17 16:39:00,"2","Not_High_Value"
"15436",12.8645833333333,3,1067.75,355.916666666667,574,0.403646522753393,243,"United Kingdom",2011-04-19 16:52:00,2011-11-27 16:05:00,"1","High_Value"
"15437",262.985416666667,2,393.45,196.725,177,0.158269006019351,56,"United Kingdom",2010-03-09 10:45:00,2011-03-22 13:11:00,"2","Not_High_Value"
"15438",131.938194444444,1,156.58,156.58,59,30,25,"United Kingdom",2011-07-31 14:19:00,2011-07-31 14:19:00,"2","Not_High_Value"
"15439",405.091666666667,4,1269.05,317.2625,572,0.48011602804011,49,"United Kingdom",2010-02-24 12:05:00,2010-10-31 10:38:00,"1","High_Value"
"15440",55.0236111111111,3,383.68,127.893333333333,197,0.58052551893427,50,"United Kingdom",2011-05-15 11:30:00,2011-10-16 12:16:00,"2","Not_High_Value"
"15441",396.875,3,1254.21,418.07,587,0.268626089479848,45,"United Kingdom",2009-12-09 14:55:00,2010-11-08 15:50:00,"1","High_Value"
"15442",249.018055555556,1,594,594,120,30,2,"United Kingdom",2011-04-05 12:24:00,2011-04-05 12:24:00,"2","Not_High_Value"
"15443",2.09027777777778,14,5114.23,365.302142857143,2699,0.654269301918022,408,"United Kingdom",2010-03-07 12:10:00,2011-12-08 10:40:00,"1","High_Value"
"15444",9.80069444444444,2,1411.21,705.605,759,1.87154770930358,191,"United Kingdom",2011-10-30 16:12:00,2011-11-30 17:37:00,"1","High_Value"
"15445",264.905555555556,2,284.5,142.25,118,0.183483900561919,12,"United Kingdom",2010-04-28 15:00:00,2011-03-20 15:06:00,"2","Not_High_Value"
"15446",377.035416666667,3,399.75,133.25,265,0.256468101779841,90,"United Kingdom",2009-12-13 13:53:00,2010-11-28 11:59:00,"2","Not_High_Value"
"15447",331.058333333333,5,492.88,98.576,228,0.506987508391113,27,"United Kingdom",2010-03-24 14:40:00,2011-01-13 11:26:00,"2","Not_High_Value"
"15448",313.088888888889,2,788.81,394.405,487,0.165342080133498,49,"United Kingdom",2010-02-03 13:29:00,2011-01-31 10:42:00,"1","High_Value"
"15449",26.9083333333333,3,974.52,324.84,812,0.381065513277016,47,"United Kingdom",2011-03-23 10:43:00,2011-11-13 15:02:00,"1","High_Value"
"15450",30.81875,1,429.84,429.84,376,30,30,"United Kingdom",2011-11-09 17:11:00,2011-11-09 17:11:00,"2","Not_High_Value"
"15451",434.965277777778,2,226.86,113.43,76,0.361488126119191,56,"United Kingdom",2010-04-19 14:08:00,2010-10-01 13:40:00,"2","Not_High_Value"
"15452",30.0256944444444,6,1785.11,297.518333333333,1087,0.372740476567106,158,"United Kingdom",2010-07-16 14:23:00,2011-11-10 12:13:00,"1","High_Value"
"15453",2.07708333333333,7,1371.77,195.967142857143,837,1.12340349651908,169,"United Kingdom",2011-06-05 12:37:00,2011-12-08 10:59:00,"1","High_Value"
"15454",362.936805555556,2,305.99,152.995,146,0.233421406688172,35,"United Kingdom",2010-03-31 13:15:00,2010-12-12 14:21:00,"2","Not_High_Value"
"15455",598.004861111111,1,38.25,38.25,3,30,2,"United Kingdom",2010-04-21 12:43:00,2010-04-21 12:43:00,"2","Not_High_Value"
"15456",283.957638888889,10,2091.52,209.152,2727,0.668092549376215,128,"United Kingdom",2009-12-08 12:54:00,2011-03-01 13:51:00,"1","High_Value"
"15457",262.888194444444,1,237.07,237.07,132,30,56,"United Kingdom",2011-03-22 15:31:00,2011-03-22 15:31:00,"2","Not_High_Value"
"15458",25.9875,2,370.44,185.22,300,0.158847473332377,13,"United Kingdom",2010-11-02 19:50:00,2011-11-14 13:08:00,"2","Not_High_Value"
"15459",417.892361111111,2,202.83,101.415,121,0.740397963905599,6,"United Kingdom",2010-07-30 14:31:00,2010-10-18 15:25:00,"2","Not_High_Value"
"15460",354.8625,1,214.26,214.26,107,30,53,"United Kingdom",2010-12-20 16:08:00,2010-12-20 16:08:00,"2","Not_High_Value"
"15461",461.013194444444,2,429.7,214.85,230,0.348849885533631,1,"United Kingdom",2010-03-18 12:40:00,2010-09-05 12:31:00,"2","Not_High_Value"
"15462",94.9854166666667,4,737.05,184.2625,495,0.340796137643773,32,"United Kingdom",2010-09-20 10:23:00,2011-09-06 13:11:00,"1","High_Value"
"15463",29.9951388888889,1,126.14,126.14,106,30,7,"United Kingdom",2011-11-10 12:57:00,2011-11-10 12:57:00,"2","Not_High_Value"
"15464",338.870833333333,1,1044.65,1044.65,348,30,155,"United Kingdom",2011-01-05 15:56:00,2011-01-05 15:56:00,"2","Not_High_Value"
"15465",20.1104166666667,32,12100.4,378.1375,2638,1.35017272717506,94,"United Kingdom",2009-12-10 09:42:00,2011-11-20 10:11:00,"1","High_Value"
"15466",85.9458333333333,4,1560.46,390.115,941,0.18402947879614,211,"United Kingdom",2009-12-03 12:28:00,2011-09-15 14:08:00,"1","High_Value"
"15467",9.93958333333333,3,524.88,174.96,310,0.625075361130538,41,"United Kingdom",2011-07-10 14:42:00,2011-11-30 14:17:00,"1","High_Value"
"15468",51.9590277777778,3,1430.48,476.826666666667,1400,0.263024374403832,80,"United Kingdom",2010-11-12 09:39:00,2011-10-19 13:49:00,"1","High_Value"
"15469",50.8534722222222,3,874.25,291.416666666667,287,0.231208922951767,38,"United Kingdom",2010-09-27 10:09:00,2011-10-20 16:21:00,"1","High_Value"
"15470",576.135416666667,1,63.42,63.42,232,30,4,"United Kingdom",2010-05-13 09:35:00,2010-05-13 09:35:00,"2","Not_High_Value"
"15471",2.94305555555556,3,1292.01,430.67,670,0.163910582729946,122,"United Kingdom",2010-06-07 12:17:00,2011-12-07 14:12:00,"1","High_Value"
"15472",113.897916666667,1,371.56,371.56,251,30,76,"United Kingdom",2011-08-18 15:17:00,2011-08-18 15:17:00,"2","Not_High_Value"
"15473",14.8993055555556,8,2046,255.75,776,0.556520842961606,5,"United Kingdom",2010-09-21 09:14:00,2011-11-25 15:15:00,"1","High_Value"
"15474",596.066666666667,1,150.35,150.35,55,30,19,"United Kingdom",2010-04-23 11:14:00,2010-04-23 11:14:00,"2","Not_High_Value"
"15475",77.8958333333333,1,454.11,454.11,319,30,29,"United Kingdom",2011-09-23 15:20:00,2011-09-23 15:20:00,"2","Not_High_Value"
"15476",380.897916666667,4,2209.98,552.495,1174,1.90314657973281,67,"United Kingdom",2010-09-23 14:00:00,2010-11-24 15:17:00,"1","High_Value"
"15477",650.092361111111,1,368.4,368.4,216,30,2,"United Kingdom",2010-02-28 10:37:00,2010-02-28 10:37:00,"2","Not_High_Value"
"15478",40.9381944444444,3,1983.48,661.16,894,0.167969205645632,53,"United Kingdom",2010-05-13 18:49:00,2011-10-30 14:19:00,"1","High_Value"
"15479",733.904166666667,1,147.4,147.4,38,30,9,"United Kingdom",2009-12-06 15:08:00,2009-12-06 15:08:00,"2","Not_High_Value"
"15480",116.929166666667,5,6279,1255.8,1852,0.267386298927979,199,"Malta",2010-02-01 14:52:00,2011-08-15 14:32:00,"1","High_Value"
"15481",401.915277777778,1,1993.34,1993.34,1450,30,38,"Norway",2010-11-03 14:52:00,2010-11-03 14:52:00,"1","High_Value"
"15482",16.0861111111111,19,14417.36,758.808421052632,6516,0.788664295933594,74,"United Kingdom",2009-12-02 16:59:00,2011-11-24 10:46:00,"1","High_Value"
"15483",161.988194444444,10,817.82,81.782,905,0.572636713701526,216,"United Kingdom",2010-01-24 15:42:00,2011-07-01 13:07:00,"1","High_Value"
"15484",1.90763888888889,6,4652.1,775.35,4074,0.245235087918482,180,"United Kingdom",2009-12-05 15:18:00,2011-12-08 15:03:00,"1","High_Value"
"15485",30.9298611111111,7,4810.92,687.274285714286,2153,0.296244048668665,80,"United Kingdom",2009-12-01 17:31:00,2011-11-09 14:31:00,"1","High_Value"
"15486",527.982638888889,1,102,102,40,30,1,"United Kingdom",2010-06-30 13:15:00,2010-06-30 13:15:00,"2","Not_High_Value"
"15487",680.029861111111,1,231.32,231.32,144,30,14,"United Kingdom",2010-01-29 12:07:00,2010-01-29 12:07:00,"2","Not_High_Value"
"15488",93.1104166666667,5,431.92,86.384,251,0.304952082992145,10,"United Kingdom",2010-05-05 13:03:00,2011-09-08 10:11:00,"2","Not_High_Value"
"15489",23.1645833333333,8,2419.61,302.45125,1264,0.357321946453404,75,"United Kingdom",2010-01-15 16:58:00,2011-11-17 08:53:00,"1","High_Value"
"15490",430.985416666667,1,210.85,210.85,82,30,22,"United Kingdom",2010-10-05 13:11:00,2010-10-05 13:11:00,"2","Not_High_Value"
"15491",95.8708333333333,6,3100.09,516.681666666667,1646,1.274386406545,108,"United Kingdom",2011-04-18 10:04:00,2011-09-05 15:56:00,"1","High_Value"
"15492",28.9145833333333,2,659.46,329.73,483,1.27563449528281,32,"United Kingdom",2011-09-26 14:02:00,2011-11-11 14:53:00,"1","High_Value"
"15493",33.0319444444444,9,4121.68,457.964444444444,1206,0.433362684886922,289,"United Kingdom",2010-02-23 11:14:00,2011-11-07 12:04:00,"1","High_Value"
"15494",21.9159722222222,5,3702.6,740.52,3052,0.211632953994327,307,"United Kingdom",2009-12-10 20:16:00,2011-11-18 14:51:00,"1","High_Value"
"15495",379.961111111111,1,246.5,246.5,194,30,20,"United Kingdom",2010-11-25 13:46:00,2010-11-25 13:46:00,"2","Not_High_Value"
"15496",631.981944444444,1,146.14,146.14,98,30,22,"United Kingdom",2010-03-18 13:16:00,2010-03-18 13:16:00,"2","Not_High_Value"
"15497",18.0409722222222,9,8657.39,961.932222222222,2937,0.383053055015601,66,"United Kingdom",2009-12-18 15:08:00,2011-11-22 11:51:00,"1","High_Value"
"15498",3.00138888888889,44,24972.86,567.565,12134,1.82874559481855,597,"United Kingdom",2009-12-16 17:27:00,2011-12-07 12:48:00,"1","High_Value"
"15499",724.022916666667,1,158.65,158.65,59,30,40,"United Kingdom",2009-12-16 12:17:00,2009-12-16 12:17:00,"2","Not_High_Value"
"15500",8.96041666666667,4,1131.56,282.89,572,1.62162162162162,64,"United Kingdom",2011-09-19 13:47:00,2011-12-01 13:47:00,"1","High_Value"
"15501",405.065972222222,2,399.95,199.975,205,5.02676285780777,64,"United Kingdom",2010-10-20 12:47:00,2010-10-31 11:15:00,"2","Not_High_Value"
"15502",16.0013888888889,14,13003.87,928.847857142857,5559,0.777681767683002,231,"United Kingdom",2010-06-03 11:12:00,2011-11-24 12:48:00,"1","High_Value"
"15503",363.078472222222,2,257.3,128.65,130,0.164395134360676,112,"United Kingdom",2009-12-13 11:34:00,2010-12-12 10:57:00,"2","Not_High_Value"
"15504",81.9618055555556,4,402.7,100.675,141,0.205110917764528,42,"United Kingdom",2010-02-12 12:34:00,2011-09-19 13:45:00,"2","Not_High_Value"
"15505",53.2041666666667,5,3610.96,722.192,2390,1.44556058973518,90,"United Kingdom",2011-07-07 13:33:00,2011-10-18 07:56:00,"1","High_Value"
"15506",23.0270833333333,6,2030.33,338.388333333333,1637,0.394753073728361,180,"United Kingdom",2010-08-19 12:38:00,2011-11-17 12:11:00,"1","High_Value"
"15507",172.063194444444,1,475.86,475.86,160,30,41,"United Kingdom",2011-06-21 11:19:00,2011-06-21 11:19:00,"2","Not_High_Value"
"15508",189.879861111111,6,1000.27,166.711666666667,440,3.8291083141287,78,"United Kingdom",2011-04-18 15:31:00,2011-06-03 15:43:00,"1","High_Value"
"15509",380.918055555556,1,152.41,152.41,58,30,26,"United Kingdom",2010-11-24 14:48:00,2010-11-24 14:48:00,"2","Not_High_Value"
"15510",331.027777777778,1,250,250,2,30,1,"United Kingdom",2011-01-13 12:10:00,2011-01-13 12:10:00,"2","Not_High_Value"
"15511",12.1298611111111,5,900.53,180.106,269,2.00598079459128,117,"United Kingdom",2011-09-15 15:05:00,2011-11-28 09:43:00,"1","High_Value"
"15512",156.104166666667,4,331.58,82.895,235,0.229941037688773,29,"United Kingdom",2010-02-01 13:23:00,2011-07-07 10:20:00,"2","Not_High_Value"
"15513",33.9263888888889,35,26437.05,755.344285714286,10477,1.58374856106178,278,"United Kingdom",2010-01-13 14:59:00,2011-11-06 14:36:00,"1","High_Value"
"15514",12.9236111111111,18,6392.06,355.114444444444,4087,0.74594006578777,171,"United Kingdom",2009-12-04 16:37:00,2011-11-27 14:40:00,"1","High_Value"
"15515",387.965972222222,1,171.81,171.81,131,30,7,"United Kingdom",2010-11-17 13:39:00,2010-11-17 13:39:00,"2","Not_High_Value"
"15516",45.0826388888889,3,62.43,20.81,27,30.2945301542777,15,"United Kingdom",2011-10-24 11:33:00,2011-10-26 10:51:00,"2","Not_High_Value"
"15517",233.95,1,267.03,267.03,293,30,27,"United Kingdom",2011-04-20 14:02:00,2011-04-20 14:02:00,"2","Not_High_Value"
"15518",64.9895833333333,15,4189.99,279.332666666667,2810,0.685943659467081,250,"United Kingdom",2009-12-20 12:21:00,2011-10-06 13:05:00,"1","High_Value"
"15519",383.927083333333,2,344.61,172.305,116,0.937113603331959,34,"United Kingdom",2010-09-19 13:57:00,2010-11-21 14:35:00,"2","Not_High_Value"
"15520",2.07777777777778,1,343.5,343.5,314,30,18,"United Kingdom",2011-12-08 10:58:00,2011-12-08 10:58:00,"2","Not_High_Value"
"15521",40.9638888888889,16,7098.24,443.64,4507,0.722738123494949,186,"United Kingdom",2010-01-05 10:19:00,2011-10-30 13:42:00,"1","High_Value"
"15522",33.0583333333333,2,397.99,198.995,572,1.07222635889799,47,"United Kingdom",2011-09-13 12:26:00,2011-11-07 11:26:00,"1","High_Value"
"15523",84.8479166666667,16,17259.19,1078.699375,15633,0.73388806720512,65,"United Kingdom",2009-12-02 15:16:00,2011-09-16 16:29:00,"1","High_Value"
"15524",25.0284722222222,2,591.4,295.7,28,0.102895116054734,9,"United Kingdom",2010-04-12 09:19:00,2011-11-15 12:09:00,"2","Not_High_Value"
"15525",2.92152777777778,4,890.22,222.555,527,0.314872820899683,152,"United Kingdom",2010-11-22 12:10:00,2011-12-07 14:43:00,"1","High_Value"
"15526",33.9069444444444,2,148.44,74.22,24,59.8752598752599,4,"United Kingdom",2011-11-06 15:01:00,2011-11-06 15:04:00,"2","Not_High_Value"
"15527",19.0229166666667,23,5554.89,241.516956521739,2211,0.97625583876844,226,"United Kingdom",2009-12-15 17:31:00,2011-11-21 12:17:00,"1","High_Value"
"15528",254.858333333333,1,229.33,229.33,123,30,26,"United Kingdom",2011-03-30 16:14:00,2011-03-30 16:14:00,"2","Not_High_Value"
"15529",23.05625,12,4783.66,398.638333333333,4271,0.965465608081305,451,"United Kingdom",2010-11-10 14:26:00,2011-11-17 11:29:00,"1","High_Value"
"15530",22.0173611111111,5,1808.68,361.736,1328,0.304845777674281,111,"United Kingdom",2010-07-15 11:10:00,2011-11-18 12:25:00,"1","High_Value"
"15531",8.75486111111111,2,1972.39,986.195,1085,2.60429225946467,196,"United Kingdom",2011-11-09 17:47:00,2011-12-01 18:43:00,"1","High_Value"
"15532",25.9159722222222,10,3738.85,373.885,1337,0.57142932728747,417,"United Kingdom",2010-06-08 14:52:00,2011-11-14 14:51:00,"1","High_Value"
"15533",19.8854166666667,3,807.57,269.19,289,1.26768002817067,73,"United Kingdom",2011-09-11 15:41:00,2011-11-20 15:35:00,"1","High_Value"
"15534",726.001388888889,1,162.25,162.25,63,30,8,"United Kingdom",2009-12-14 12:48:00,2009-12-14 12:48:00,"2","Not_High_Value"
"15535",173.866666666667,6,1044.37,174.061666666667,314,0.650213978597123,88,"United Kingdom",2010-09-16 20:04:00,2011-06-19 16:02:00,"1","High_Value"
"15536",409.846527777778,1,259.09,259.09,242,30,16,"United Kingdom",2010-10-26 16:31:00,2010-10-26 16:31:00,"2","Not_High_Value"
"15537",163.986111111111,1,110.92,110.92,29,30,24,"United Kingdom",2011-06-29 13:10:00,2011-06-29 13:10:00,"2","Not_High_Value"
"15538",538.084027777778,6,3358.4,559.733333333333,1016,1.41816809012371,3,"United Kingdom",2010-02-14 12:38:00,2010-06-20 10:49:00,"1","High_Value"
"15539",7.96805555555556,1,538.46,538.46,410,30,41,"United Kingdom",2011-12-02 13:36:00,2011-12-02 13:36:00,"2","Not_High_Value"
"15540",11.9576388888889,2,460.68,230.34,444,0.164333223651051,31,"United Kingdom",2010-11-29 11:10:00,2011-11-28 13:51:00,"1","High_Value"
"15541",114.911111111111,1,85.13,85.13,49,30,29,"United Kingdom",2011-08-17 14:58:00,2011-08-17 14:58:00,"2","Not_High_Value"
"15542",512.970833333333,3,855.71,285.236666666667,418,0.398108982333914,212,"United Kingdom",2009-12-02 11:53:00,2010-07-15 13:32:00,"1","High_Value"
"15543",288.891666666667,2,242.26,121.13,167,0.348502327382441,50,"United Kingdom",2010-09-06 11:28:00,2011-02-24 15:26:00,"2","Not_High_Value"
"15544",9.83819444444444,20,7807.89,390.3945,6745,0.892742745431926,175,"United Kingdom",2010-01-28 14:39:00,2011-11-30 16:43:00,"1","High_Value"
"15545",54.9763888888889,2,288.97,144.485,162,0.188779835516829,78,"United Kingdom",2010-12-03 17:28:00,2011-10-16 13:24:00,"2","Not_High_Value"
"15546",607.040972222222,2,1079.1,539.55,198,59.7510373443983,6,"United Kingdom",2010-04-12 11:45:00,2010-04-12 11:51:00,"2","Not_High_Value"
"15547",7.99861111111111,26,10057.05,386.809615384615,7278,1.07295153377046,652,"United Kingdom",2009-12-06 13:40:00,2011-12-02 12:52:00,"1","High_Value"
"15548",596.020833333333,1,158.09,158.09,64,30,23,"United Kingdom",2010-04-23 12:20:00,2010-04-23 12:20:00,"2","Not_High_Value"
"15549",77.8527777777778,8,2334.16,291.77,936,0.386393061024612,139,"United Kingdom",2010-01-11 13:16:00,2011-09-23 16:22:00,"1","High_Value"
"15550",4.88333333333333,12,2211.05,184.254166666667,1139,0.491121631236245,166,"United Kingdom",2009-12-03 15:15:00,2011-12-05 15:38:00,"1","High_Value"
"15551",37.0090277777778,7,1679.81,239.972857142857,796,0.407848383981701,117,"United Kingdom",2010-06-07 15:05:00,2011-11-03 12:37:00,"1","High_Value"
"15552",217.91875,2,252.52,126.26,166,0.147442789126094,29,"United Kingdom",2010-03-26 16:17:00,2011-05-06 14:47:00,"2","Not_High_Value"
"15553",60.95,1,428.93,428.93,449,30,51,"United Kingdom",2011-10-10 14:02:00,2011-10-10 14:02:00,"2","Not_High_Value"
"15554",278.159722222222,1,217.2,217.2,74,30,14,"United Kingdom",2011-03-07 09:00:00,2011-03-07 09:00:00,"2","Not_High_Value"
"15555",12.8548611111111,36,11243.91,312.330833333333,8511,1.49546945451713,667,"United Kingdom",2009-12-06 11:58:00,2011-11-27 16:19:00,"1","High_Value"
"15556",24.8625,1,279.77,279.77,236,30,31,"United Kingdom",2011-11-15 16:08:00,2011-11-15 16:08:00,"2","Not_High_Value"
"15557",29.0027777777778,1,468.91,468.91,213,30,16,"United Kingdom",2011-11-11 12:46:00,2011-11-11 12:46:00,"2","Not_High_Value"
"15558",639.892361111111,1,202.68,202.68,73,30,23,"United Kingdom",2010-03-10 15:25:00,2010-03-10 15:25:00,"2","Not_High_Value"
"15559",568.947222222222,1,1109.4,1109.4,526,30,62,"United Kingdom",2010-05-20 14:06:00,2010-05-20 14:06:00,"2","Not_High_Value"
"15560",398.107638888889,2,153.52,76.76,72,59.9583622484386,10,"United Kingdom",2010-11-07 10:14:00,2010-11-07 10:15:00,"2","Not_High_Value"
"15561",12.0715277777778,8,1934.39,241.79875,1334,0.36756377327186,65,"United Kingdom",2010-02-14 12:22:00,2011-11-28 11:07:00,"1","High_Value"
"15562",352.121527777778,3,671.43,223.81,560,0.239504137729663,32,"United Kingdom",2009-12-13 15:17:00,2010-12-23 09:55:00,"2","Not_High_Value"
"15563",22.9166666666667,7,2859.46,408.494285714286,3005,0.31859951072218,179,"United Kingdom",2010-01-28 11:36:00,2011-11-17 14:50:00,"1","High_Value"
"15564",463.873611111111,2,70.74,35.37,42,0.280379290874044,4,"United Kingdom",2010-02-01 15:58:00,2010-09-02 15:52:00,"2","Not_High_Value"
"15565",50.9284722222222,2,173.16,86.58,60,2.83566904066428,8,"United Kingdom",2011-09-30 10:44:00,2011-10-20 14:33:00,"2","Not_High_Value"
"15566",393.027083333333,2,227.87,113.935,153,0.180241072434381,9,"United Kingdom",2009-12-15 14:53:00,2010-11-12 12:11:00,"2","Not_High_Value"
"15567",19.0847222222222,1,186.01,186.01,223,30,7,"United Kingdom",2011-11-21 10:48:00,2011-11-21 10:48:00,"2","Not_High_Value"
"15568",3.05763888888889,3,758.29,252.763333333333,461,1.25229490772055,27,"United Kingdom",2011-09-27 14:37:00,2011-12-07 11:27:00,"1","High_Value"
"15569",104.107638888889,10,3583.45,358.345,1734,0.548473922096389,123,"United Kingdom",2010-02-28 10:55:00,2011-08-28 10:15:00,"1","High_Value"
"15570",7.91875,25,8736.49,349.4596,4079,1.21945298500637,442,"United Kingdom",2010-03-28 14:04:00,2011-12-02 14:47:00,"1","High_Value"
"15571",12.1166666666667,14,3892.35,278.025,2411,0.580984291906182,442,"United Kingdom",2009-12-06 12:10:00,2011-11-28 10:02:00,"1","High_Value"
"15572",5.11180555555556,10,3965.2,396.52,2089,0.499323255171521,259,"United Kingdom",2010-04-14 14:38:00,2011-12-05 10:09:00,"1","High_Value"
"15573",32.05,5,1188.42,237.684,770,0.214626604358709,181,"United Kingdom",2009-12-10 14:19:00,2011-11-08 11:38:00,"1","High_Value"
"15574",178.034027777778,6,1101.44,183.573333333333,750,0.625235186846904,191,"United Kingdom",2010-09-01 14:37:00,2011-06-15 12:01:00,"1","High_Value"
"15575",620,1,30.1,30.1,6,30,3,"United Kingdom",2010-03-30 12:50:00,2010-03-30 12:50:00,"2","Not_High_Value"
"15576",38.0326388888889,1,921.37,921.37,394,30,43,"United Kingdom",2011-11-02 12:03:00,2011-11-02 12:03:00,"2","Not_High_Value"
"15577",151.824305555556,5,396.03,79.206,120,0.260402224992345,58,"United Kingdom",2009-12-13 16:17:00,2011-07-11 17:03:00,"2","Not_High_Value"
"15578",162.990972222222,1,127.1,127.1,52,30,13,"United Kingdom",2011-06-30 13:03:00,2011-06-30 13:03:00,"2","Not_High_Value"
"15579",69.0034722222222,5,1250.63,250.126,713,0.411046493925646,140,"United Kingdom",2010-10-03 14:37:00,2011-10-02 12:45:00,"1","High_Value"
"15580",377.076388888889,8,1375.39,171.92375,955,0.813599542350257,150,"United Kingdom",2010-02-07 11:21:00,2010-11-28 11:00:00,"1","High_Value"
"15581",121.133333333333,38,7480.4,196.852631578947,3028,1.84499398151634,542,"United Kingdom",2009-12-02 12:19:00,2011-08-11 09:38:00,"1","High_Value"
"15582",25.1215277777778,3,682.91,227.636666666667,453,0.457208979076339,39,"United Kingdom",2011-05-03 13:36:00,2011-11-15 09:55:00,"1","High_Value"
"15583",376.906944444444,1,95.96,95.96,56,30,37,"United Kingdom",2010-11-28 15:04:00,2010-11-28 15:04:00,"2","Not_High_Value"
"15584",24.0798611111111,6,1268.2,211.366666666667,483,0.277801892525393,174,"United Kingdom",2010-02-07 12:16:00,2011-11-16 10:55:00,"1","High_Value"
"15585",177.175,1,455.3,455.3,320,30,31,"United Kingdom",2011-06-16 08:38:00,2011-06-16 08:38:00,"2","Not_High_Value"
"15586",593.076388888889,3,1139.1,379.7,1338,0.825383077099441,30,"United Kingdom",2010-01-08 10:02:00,2010-04-26 11:00:00,"1","High_Value"
"15587",50.9673611111111,7,1522.08,217.44,528,0.474894507147759,3,"United Kingdom",2010-08-05 08:44:00,2011-10-20 13:37:00,"1","High_Value"
"15588",678.021527777778,1,579.6,579.6,96,30,4,"United Kingdom",2010-01-31 12:19:00,2010-01-31 12:19:00,"2","Not_High_Value"
"15589",256.122222222222,3,478.53,159.51,243,1.60817987789745,28,"United Kingdom",2011-02-02 10:46:00,2011-03-29 09:54:00,"2","Not_High_Value"
"15590",382.917361111111,5,1496.6,299.32,832,0.6660910324411,75,"United Kingdom",2010-04-12 10:09:00,2010-11-22 14:49:00,"1","High_Value"
"15591",583.14375,3,217.9,72.6333333333333,58,0.978238717420348,6,"United Kingdom",2010-02-04 09:20:00,2010-05-06 09:23:00,"2","Not_High_Value"
"15592",47.1604166666667,1,388.58,388.58,354,30,24,"United Kingdom",2011-10-24 08:59:00,2011-10-24 08:59:00,"2","Not_High_Value"
"15593",71.0444444444445,1,199.8,199.8,60,30,5,"United Kingdom",2011-09-30 11:46:00,2011-09-30 11:46:00,"2","Not_High_Value"
"15594",16.1645833333333,5,1771.78,354.356,983,0.681979635330334,85,"United Kingdom",2011-04-19 10:08:00,2011-11-24 08:53:00,"1","High_Value"
"15595",488.015972222222,1,357.6,357.6,144,30,4,"United Kingdom",2010-08-09 12:27:00,2010-08-09 12:27:00,"2","Not_High_Value"
"15596",101.079861111111,9,2727.72,303.08,1208,0.675059770917217,82,"United Kingdom",2010-07-28 11:46:00,2011-08-31 10:55:00,"1","High_Value"
"15597",35.975,2,563.37,281.685,393,0.110903452383397,35,"United Kingdom",2010-05-13 13:10:00,2011-11-04 13:26:00,"1","High_Value"
"15598",53.8652777777778,2,548.02,274.01,404,0.159880385785449,32,"United Kingdom",2010-10-08 09:20:00,2011-10-17 16:04:00,"1","High_Value"
"15599",27.0458333333333,3,1250.06,416.686666666667,1098,0.214254185478658,77,"United Kingdom",2010-09-20 10:15:00,2011-11-13 11:44:00,"1","High_Value"
"15600",428.930555555556,4,1199.31,299.8275,657,0.722408026755853,55,"United Kingdom",2010-04-25 11:50:00,2010-10-07 14:30:00,"1","High_Value"
"15601",11.8993055555556,30,14191.74,473.058,10395,1.23623779262874,310,"United Kingdom",2009-12-01 14:53:00,2011-11-28 15:15:00,"1","High_Value"
"15602",8.94166666666667,16,3137.96,196.1225,2292,0.657359776086826,62,"United Kingdom",2009-12-02 09:35:00,2011-12-01 14:14:00,"1","High_Value"
"15603",79.1152777777778,2,88.48,44.24,128,0.105124579927532,4,"United Kingdom",2010-03-01 16:02:00,2011-09-22 10:04:00,"2","Not_High_Value"
"15604",52.91875,1,216.39,216.39,159,30,17,"United Kingdom",2011-10-18 14:47:00,2011-10-18 14:47:00,"2","Not_High_Value"
"15605",36.9395833333333,9,1741.95,193.55,641,0.409705639985922,80,"United Kingdom",2010-01-14 14:03:00,2011-11-03 14:17:00,"1","High_Value"
"15606",61.8770833333333,17,5230.99,307.705294117647,1615,0.868763892355611,84,"United Kingdom",2010-03-02 14:48:00,2011-10-09 15:47:00,"1","High_Value"
"15607",337.004166666667,9,1708.97,189.885555555556,1470,0.739686622478255,95,"United Kingdom",2010-01-08 12:16:00,2011-01-07 12:44:00,"1","High_Value"
"15608",28.9791666666667,5,1785.98,357.196,1262,0.386466515181335,93,"United Kingdom",2010-10-20 10:10:00,2011-11-11 13:20:00,"1","High_Value"
"15609",184.993055555556,1,298.48,298.48,148,30,16,"United Kingdom",2011-06-08 13:00:00,2011-06-08 13:00:00,"2","Not_High_Value"
"15610",52.0930555555556,1,112.46,112.46,66,30,6,"United Kingdom",2011-10-19 10:36:00,2011-10-19 10:36:00,"2","Not_High_Value"
"15611",10.0097222222222,26,2997.28,115.28,747,1.15571488250438,43,"United Kingdom",2010-01-25 14:50:00,2011-11-30 12:36:00,"1","High_Value"
"15612",36.9152777777778,2,195.15,97.575,52,2.3001357719032,4,"United Kingdom",2011-10-09 12:49:00,2011-11-03 14:52:00,"2","Not_High_Value"
"15613",610.999305555556,1,433.72,433.72,700,30,27,"United Kingdom",2010-04-08 12:51:00,2010-04-08 12:51:00,"2","Not_High_Value"
"15614",438.086111111111,4,3147.36,786.84,1632,0.631641280389512,73,"United Kingdom",2010-03-23 11:13:00,2010-09-28 10:46:00,"1","High_Value"
"15615",10.9222222222222,47,21373.97,454.765319148936,12090,1.93689817738492,292,"United Kingdom",2009-12-02 15:28:00,2011-11-29 14:42:00,"1","High_Value"
"15616",438.986111111111,1,317.11,317.11,137,30,13,"United Kingdom",2010-09-27 13:10:00,2010-09-27 13:10:00,"2","Not_High_Value"
"15617",396.863194444444,3,828.55,276.183333333333,485,0.802720330007247,41,"United Kingdom",2010-07-20 13:16:00,2010-11-08 16:07:00,"1","High_Value"
"15618",33.1777777777778,4,776.851,194.21275,454,1.14360593245577,39,"United Kingdom",2011-07-26 10:13:00,2011-11-07 08:34:00,"1","High_Value"
"15619",11.1916666666667,1,336.4,336.4,136,30,3,"United Kingdom",2011-11-29 08:14:00,2011-11-29 08:14:00,"2","Not_High_Value"
"15620",57.00625,4,1942.36,485.59,1249,0.338937173052141,114,"United Kingdom",2010-10-26 11:32:00,2011-10-14 12:41:00,"1","High_Value"
"15621",4.95069444444444,4,1293.03,323.2575,501,6.63288807001382,11,"United Kingdom",2011-11-18 11:49:00,2011-12-05 14:01:00,"1","High_Value"
"15622",43.8375,17,7852.61,461.918235294118,4091,0.845406040094625,331,"United Kingdom",2010-03-04 10:29:00,2011-10-27 16:44:00,"1","High_Value"
"15623",141.808333333333,8,2437.05,304.63125,1087,0.40739343643908,91,"United Kingdom",2009-12-10 14:46:00,2011-07-21 17:26:00,"1","High_Value"
"15624",117.05,4,588.13,147.0325,357,0.851541941397357,26,"United Kingdom",2011-03-28 13:32:00,2011-08-15 11:38:00,"2","Not_High_Value"
"15625",104.103472222222,9,3236.4,359.6,3020,0.613928987617204,106,"United Kingdom",2010-06-15 15:23:00,2011-08-28 10:21:00,"1","High_Value"
"15626",75.1159722222222,3,1067.52,355.84,1138,0.258844347866032,73,"United Kingdom",2010-10-14 17:16:00,2011-09-26 10:03:00,"1","High_Value"
"15627",457.941666666667,2,566.9,283.45,344,0.907772804639728,23,"United Kingdom",2010-07-05 11:56:00,2010-09-08 14:14:00,"2","Not_High_Value"
"15628",5.10138888888889,17,5333.08,313.710588235294,3569,0.705526334750342,136,"United Kingdom",2009-12-13 13:39:00,2011-12-05 10:24:00,"1","High_Value"
"15629",450.961111111111,4,2240.9,560.225,1518,1.44424849766396,39,"United Kingdom",2010-06-25 11:39:00,2010-09-15 13:46:00,"1","High_Value"
"15630",45.8847222222222,3,1481.4,493.8,987,0.149988542541889,76,"United Kingdom",2010-03-05 14:30:00,2011-10-25 15:36:00,"1","High_Value"
"15631",642.915277777778,1,596.67,596.67,525,30,39,"United Kingdom",2010-03-07 14:52:00,2010-03-07 14:52:00,"2","Not_High_Value"
"15632",16.1243055555556,8,3285.31,410.66375,2109,0.922874797720585,107,"United Kingdom",2011-03-10 08:29:00,2011-11-24 09:51:00,"1","High_Value"
"15633",509.955555555556,13,4335.96,333.535384615385,2048,1.75017062293733,77,"United Kingdom",2009-12-08 17:51:00,2010-07-18 13:54:00,"1","High_Value"
"15634",17.8486111111111,2,554.65,277.325,227,0.163469797819646,34,"United Kingdom",2010-11-21 15:30:00,2011-11-22 16:28:00,"1","High_Value"
"15635",396.161111111111,1,100.35,100.35,5,30,2,"United Kingdom",2010-11-09 08:58:00,2010-11-09 08:58:00,"2","Not_High_Value"
"15636",90.0645833333333,4,1444.58,361.145,560,0.249487453437671,39,"United Kingdom",2010-05-19 11:37:00,2011-09-11 11:17:00,"1","High_Value"
"15637",53.1819444444444,5,797.59,159.518,651,0.223012862473337,37,"United Kingdom",2009-12-15 17:54:00,2011-10-18 08:28:00,"1","High_Value"
"15638",379.040277777778,6,2265.2,377.533333333333,1134,0.77291228697947,20,"United Kingdom",2010-04-08 14:37:00,2010-11-26 11:52:00,"1","High_Value"
"15639",134.930555555556,3,1065.08,355.026666666667,849,0.190655805954758,61,"United Kingdom",2010-04-13 13:11:00,2011-07-28 14:30:00,"1","High_Value"
"15640",4.92708333333333,29,23494.31,810.148620689655,12140,1.20512640456193,303,"United Kingdom",2009-12-14 16:36:00,2011-12-05 14:35:00,"1","High_Value"
"15641",105.948611111111,12,5345.55,445.4625,4422,0.572392022286189,249,"United Kingdom",2009-12-06 15:31:00,2011-08-26 14:04:00,"1","High_Value"
"15642",730.040972222222,1,105.78,105.78,270,30,6,"United Kingdom",2009-12-10 11:51:00,2009-12-10 11:51:00,"2","Not_High_Value"
"15643",192.216666666667,3,664,221.333333333333,246,0.981342379452387,31,"United Kingdom",2011-03-02 14:34:00,2011-06-01 07:38:00,"2","Not_High_Value"
"15644",166.913888888889,4,803.54,200.885,550,1.25038893753121,166,"United Kingdom",2011-03-23 15:37:00,2011-06-26 14:54:00,"1","High_Value"
"15645",19.0381944444444,3,1055.17,351.723333333333,396,0.220609262865469,59,"United Kingdom",2010-10-10 12:51:00,2011-11-21 11:55:00,"1","High_Value"
"15646",158.122916666667,5,784.81,156.962,821,0.590862960825239,65,"United Kingdom",2010-10-25 13:06:00,2011-07-05 09:53:00,"1","High_Value"
"15647",415.903472222222,1,169,169,124,30,11,"United Kingdom",2010-10-20 15:09:00,2010-10-20 15:09:00,"2","Not_High_Value"
"15648",204.872916666667,2,639.5,319.75,218,0.939395916237197,23,"United Kingdom",2011-03-17 18:59:00,2011-05-19 15:53:00,"2","Not_High_Value"
"15649",336.969444444444,4,1660.35,415.0875,365,2.31288146482493,8,"United Kingdom",2010-11-17 16:22:00,2011-01-07 13:34:00,"2","Not_High_Value"
"15650",522.089583333333,2,553.88,276.94,210,0.555787848573542,33,"United Kingdom",2010-03-21 11:46:00,2010-07-06 10:41:00,"2","Not_High_Value"
"15651",37.1729166666667,5,1259.06,251.812,871,0.267474042015714,52,"United Kingdom",2010-04-22 13:26:00,2011-11-03 08:41:00,"1","High_Value"
"15652",91.9361111111111,5,1405.94,281.188,657,0.379851013991179,93,"United Kingdom",2010-08-11 16:58:00,2011-09-09 14:22:00,"1","High_Value"
"15653",93.0840277777778,2,877.44,438.72,1200,2.49573933389179,4,"United Kingdom",2011-08-16 09:50:00,2011-09-08 10:49:00,"2","Not_High_Value"
"15654",9.9875,2,922.53,461.265,475,3.34974605513124,15,"United Kingdom",2011-11-13 15:15:00,2011-11-30 13:08:00,"1","High_Value"
"15655",243.892361111111,1,560.67,560.67,324,30,34,"United Kingdom",2011-04-10 15:25:00,2011-04-10 15:25:00,"2","Not_High_Value"
"15656",45.9125,4,748.5,187.125,343,0.500052088759246,46,"United Kingdom",2011-02-28 15:32:00,2011-10-25 14:56:00,"1","High_Value"
"15657",23.0215277777778,1,30,30,24,30,1,"United Kingdom",2011-11-17 12:19:00,2011-11-17 12:19:00,"2","Not_High_Value"
"15658",190.894444444444,8,2117.27,264.65875,627,0.438621540429712,79,"United Kingdom",2009-12-03 11:19:00,2011-06-02 15:22:00,"1","High_Value"
"15659",44.14375,3,532.49,177.496666666667,161,0.147341207447552,14,"United Kingdom",2010-02-24 13:32:00,2011-10-27 09:23:00,"2","Not_High_Value"
"15660",25.8277777777778,15,2603.69,173.579333333333,1783,0.694402026625174,73,"United Kingdom",2010-02-05 16:01:00,2011-11-14 16:58:00,"1","High_Value"
"15661",317.954166666667,8,1215.95,151.99375,779,0.91516456279443,27,"United Kingdom",2010-05-10 07:59:00,2011-01-26 13:56:00,"1","High_Value"
"15662",661.835416666667,2,283.73,141.865,145,0.768013653576064,12,"United Kingdom",2009-12-01 13:49:00,2010-02-16 16:47:00,"2","Not_High_Value"
"15663",106.875,1,138.14,138.14,106,30,9,"United Kingdom",2011-08-25 15:50:00,2011-08-25 15:50:00,"2","Not_High_Value"
"15664",51.0784722222222,4,1254.03,313.5075,530,0.200026160828905,54,"United Kingdom",2010-02-28 12:50:00,2011-10-20 10:57:00,"1","High_Value"
"15665",168.911805555556,5,3987.07,797.414,2777,0.320517576530991,163,"United Kingdom",2010-03-14 15:07:00,2011-06-24 14:57:00,"1","High_Value"
"15666",472.858333333333,2,632.94,316.47,469,2.49761512444714,62,"United Kingdom",2010-08-01 15:41:00,2010-08-24 16:14:00,"2","Not_High_Value"
"15667",40.0791666666667,1,301.32,301.32,240,30,13,"United Kingdom",2011-10-31 10:56:00,2011-10-31 10:56:00,"2","Not_High_Value"
"15668",218.090972222222,1,76.32,76.32,72,30,1,"United Kingdom",2011-05-06 10:39:00,2011-05-06 10:39:00,"2","Not_High_Value"
"15669",40.8659722222222,4,684.34,171.085,342,0.535034213704059,31,"United Kingdom",2011-03-21 09:13:00,2011-10-30 16:03:00,"1","High_Value"
"15670",297.083333333333,2,325.2,162.6,132,0.230058899338581,19,"United Kingdom",2010-06-01 15:34:00,2011-02-16 10:50:00,"2","Not_High_Value"
"15671",19.0048611111111,7,2657.13,379.59,1699,0.829615973399615,52,"United Kingdom",2011-03-14 09:37:00,2011-11-21 12:43:00,"1","High_Value"
"15672",725.831944444444,1,45.3,45.3,10,30,3,"United Kingdom",2009-12-14 16:52:00,2009-12-14 16:52:00,"2","Not_High_Value"
"15673",88.8597222222222,9,6204.32,689.368888888889,3274,0.475291678483761,177,"United Kingdom",2010-02-22 14:28:00,2011-09-12 16:12:00,"1","High_Value"
"15674",73.8979166666667,13,6948.23,534.479230769231,3648,0.591874998023922,262,"United Kingdom",2009-12-08 17:08:00,2011-09-27 15:17:00,"1","High_Value"
"15675",81.9597222222222,4,542.04,135.51,624,0.370391011158887,32,"United Kingdom",2010-10-31 14:14:00,2011-09-19 13:48:00,"1","High_Value"
"15676",19.0069444444444,3,3435.76,1145.25333333333,2252,0.338221362750241,191,"United Kingdom",2011-03-01 10:19:00,2011-11-21 12:40:00,"1","High_Value"
"15677",49.8847222222222,3,1305.63,435.21,675,0.216792013489281,63,"United Kingdom",2010-09-02 12:08:00,2011-10-21 15:36:00,"1","High_Value"
"15678",53.1423611111111,3,1825.94,608.646666666667,1022,0.191140293435747,77,"United Kingdom",2010-07-05 12:49:00,2011-10-18 09:25:00,"1","High_Value"
"15679",24.8548611111111,4,781.28,195.32,1170,0.753154488199272,98,"United Kingdom",2011-06-10 08:24:00,2011-11-15 16:19:00,"1","High_Value"
"15680",9.96111111111111,10,4028.69,402.869,2743,0.411486963388138,155,"United Kingdom",2009-12-02 12:15:00,2011-11-30 13:46:00,"1","High_Value"
"15681",25.8472222222222,14,2989.7,213.55,1392,0.777645770008178,48,"United Kingdom",2010-05-24 14:18:00,2011-11-14 16:30:00,"1","High_Value"
"15682",599.888888888889,2,318.24,159.12,222,0.673878623852495,25,"United Kingdom",2010-01-21 14:37:00,2010-04-19 15:30:00,"2","Not_High_Value"
"15683",117.995833333333,2,524.54,262.27,332,0.168049247765665,25,"United Kingdom",2010-08-23 12:01:00,2011-08-14 12:56:00,"2","Not_High_Value"
"15684",547.749305555556,3,173.95,57.9833333333333,77,0.475914188558964,9,"United Kingdom",2009-12-04 16:13:00,2010-06-10 18:51:00,"2","Not_High_Value"
"15685",450.963194444444,1,55.98,55.98,36,30,17,"United Kingdom",2010-09-15 13:43:00,2010-09-15 13:43:00,"2","Not_High_Value"
"15686",420.958333333333,1,90,90,72,30,1,"United Kingdom",2010-10-15 13:50:00,2010-10-15 13:50:00,"2","Not_High_Value"
"15687",9.17847222222222,9,2993.1,332.566666666667,1310,0.836632811155104,119,"United Kingdom",2011-01-13 15:13:00,2011-12-01 08:33:00,"1","High_Value"
"15688",419.030555555556,1,190.57,190.57,95,30,26,"United Kingdom",2010-10-17 12:06:00,2010-10-17 12:06:00,"2","Not_High_Value"
"15689",120.134027777778,3,521.03,173.676666666667,207,0.18036473758044,20,"United Kingdom",2010-04-01 09:53:00,2011-08-12 09:37:00,"2","Not_High_Value"
"15690",4.86875,2,239.76,119.88,408,0.617411872315795,19,"United Kingdom",2011-08-31 11:40:00,2011-12-05 15:59:00,"2","Not_High_Value"
"15691",252.900694444444,4,571.3,142.825,212,0.248979874126841,12,"United Kingdom",2009-12-06 16:01:00,2011-04-01 15:13:00,"2","Not_High_Value"
"15692",28.9430555555556,1,191.04,191.04,138,30,12,"United Kingdom",2011-11-11 14:12:00,2011-11-11 14:12:00,"2","Not_High_Value"
"15693",659.925694444444,1,37.5,37.5,30,30,1,"United Kingdom",2010-02-18 14:37:00,2010-02-18 14:37:00,"2","Not_High_Value"
"15694",1.12916666666667,24,9978.48,415.77,2467,0.982598864059608,55,"United Kingdom",2009-12-07 15:43:00,2011-12-09 09:44:00,"1","High_Value"
"15695",267.179166666667,4,1131.04,282.76,484,0.288530896850204,55,"United Kingdom",2010-01-27 10:56:00,2011-03-18 08:32:00,"1","High_Value"
"15696",33.95,13,3881.22,298.555384615385,1386,0.598181171352916,163,"United Kingdom",2010-01-24 14:36:00,2011-11-06 14:02:00,"1","High_Value"
"15697",690.152777777778,1,246.75,246.75,127,30,14,"United Kingdom",2010-01-19 09:10:00,2010-01-19 09:10:00,"2","Not_High_Value"
"15698",624.8,1,46.2,46.2,60,30,2,"United Kingdom",2010-03-25 17:38:00,2010-03-25 17:38:00,"2","Not_High_Value"
"15699",18.1833333333333,1,309.65,309.65,113,30,18,"United Kingdom",2011-11-22 08:26:00,2011-11-22 08:26:00,"2","Not_High_Value"
"15700",172.83125,2,696.68,348.34,357,29.2188028407169,85,"United Kingdom",2011-06-19 15:36:00,2011-06-20 16:53:00,"2","Not_High_Value"
"15701",2.92430555555556,4,1529,382.25,912,1.10005538473291,193,"United Kingdom",2011-08-21 12:36:00,2011-12-07 14:39:00,"1","High_Value"
"15702",476.916666666667,2,140.39,70.195,103,0.290003927136513,30,"Nigeria",2010-01-26 17:23:00,2010-08-20 14:50:00,"2","Not_High_Value"
"15703",265.082638888889,1,211.5,211.5,66,30,5,"United Kingdom",2011-03-20 10:51:00,2011-03-20 10:51:00,"2","Not_High_Value"
"15704",140.96875,6,3734.66,622.443333333333,1709,0.405453601216361,129,"United Kingdom",2010-05-05 14:51:00,2011-07-22 13:35:00,"1","High_Value"
"15705",201.884027777778,1,143.1,143.1,62,30,6,"United Kingdom",2011-05-22 15:37:00,2011-05-22 15:37:00,"2","Not_High_Value"
"15706",64.1118055555555,4,1060.56,265.14,321,2.22976373278966,50,"United Kingdom",2011-08-15 14:32:00,2011-10-07 10:09:00,"1","High_Value"
"15707",35.9270833333333,4,916.98,229.245,594,2.30719931638539,126,"United Kingdom",2011-09-14 14:19:00,2011-11-04 14:35:00,"1","High_Value"
"15708",41.0805555555556,9,3887.15,431.905555555556,1465,0.699530947227515,135,"United Kingdom",2010-10-10 11:33:00,2011-10-30 10:54:00,"1","High_Value"
"15709",284.091666666667,2,327.85,163.925,169,0.195649072591694,26,"United Kingdom",2010-04-29 18:31:00,2011-03-01 10:38:00,"2","Not_High_Value"
"15710",417.822916666667,1,898.87,898.87,641,30,110,"United Kingdom",2010-10-18 17:05:00,2010-10-18 17:05:00,"2","Not_High_Value"
"15711",557.025,2,420.25,210.125,199,0.465113775227308,25,"United Kingdom",2010-01-24 12:13:00,2010-06-01 12:14:00,"2","Not_High_Value"
"15712",9.94513888888889,12,3472.41,289.3675,1277,0.49307000757106,86,"United Kingdom",2009-12-01 11:17:00,2011-11-30 14:09:00,"1","High_Value"
"15713",143.969444444444,4,839.64,209.91,451,0.206482943051096,48,"United Kingdom",2009-12-16 09:41:00,2011-07-19 13:34:00,"1","High_Value"
"15714",12.0583333333333,5,783.96,156.792,361,0.27524408798636,45,"United Kingdom",2010-06-02 12:08:00,2011-11-28 11:26:00,"1","High_Value"
"15715",556.120833333333,5,658.02,131.604,246,2.31117388373511,33,"United Kingdom",2010-03-30 12:17:00,2010-06-02 09:56:00,"2","Not_High_Value"
"15716",146.035416666667,11,2485.26,225.932727272727,1379,0.561252992581587,188,"United Kingdom",2009-12-07 12:42:00,2011-07-17 11:59:00,"1","High_Value"
"15717",234.978472222222,5,607,121.4,224,0.41769801980198,17,"United Kingdom",2010-04-26 10:41:00,2011-04-19 13:21:00,"2","Not_High_Value"
"15718",540.854166666667,1,293.79,293.79,95,30,18,"United Kingdom",2010-06-17 16:20:00,2010-06-17 16:20:00,"2","Not_High_Value"
"15719",33.0145833333333,31,10195.97,328.902258064516,5356,1.31544051344614,449,"United Kingdom",2009-12-01 12:47:00,2011-11-07 12:29:00,"1","High_Value"
"15720",24.9180555555556,2,739.22,369.61,327,0.11385979431439,152,"United Kingdom",2010-06-07 15:40:00,2011-11-15 14:48:00,"1","High_Value"
"15721",12.025,1,471.4,471.4,388,30,80,"United Kingdom",2011-11-28 12:14:00,2011-11-28 12:14:00,"2","Not_High_Value"
"15722",36.0465277777778,11,5234,475.818181818182,2279,0.544680538903624,91,"United Kingdom",2010-03-09 15:05:00,2011-11-04 11:43:00,"1","High_Value"
"15723",365.068055555556,4,930.7,232.675,427,0.568913237438969,108,"United Kingdom",2010-05-14 12:55:00,2010-12-10 11:12:00,"1","High_Value"
"15724",201.923611111111,3,310.85,103.616666666667,117,0.449597235809587,17,"United Kingdom",2010-11-04 10:22:00,2011-05-22 14:40:00,"2","Not_High_Value"
"15725",15.9159722222222,1,415.25,415.25,221,30,32,"United Kingdom",2011-11-24 14:51:00,2011-11-24 14:51:00,"2","Not_High_Value"
"15726",390.859722222222,1,321.91,321.91,123,30,23,"United Kingdom",2010-11-14 16:12:00,2010-11-14 16:12:00,"2","Not_High_Value"
"15727",17.0097222222222,15,9371.71,624.780666666667,5908,0.672628982835505,426,"United Kingdom",2010-01-24 12:12:00,2011-11-23 12:36:00,"1","High_Value"
"15728",380.090972222222,2,544.6,272.3,132,0.911459706940386,10,"United Kingdom",2010-09-21 14:46:00,2010-11-25 10:39:00,"2","Not_High_Value"
"15729",213.009722222222,3,192.55,64.1833333333333,47,0.468865316990579,10,"United Kingdom",2010-11-01 13:44:00,2011-05-11 12:36:00,"2","Not_High_Value"
"15730",66.0131944444445,5,1726.58,345.316,1061,0.40879979408603,102,"United Kingdom",2010-10-04 14:15:00,2011-10-05 12:31:00,"1","High_Value"
"15731",554.111111111111,1,125.3,125.3,122,30,8,"United Kingdom",2010-06-04 10:10:00,2010-06-04 10:10:00,"2","Not_High_Value"
"15732",212.934722222222,10,1543.97,154.397,1264,0.649102825700866,53,"United Kingdom",2010-02-04 10:10:00,2011-05-11 14:24:00,"1","High_Value"
"15733",283.15625,1,162.3,162.3,62,30,10,"United Kingdom",2011-03-02 09:05:00,2011-03-02 09:05:00,"2","Not_High_Value"
"15734",115.083333333333,4,2263.3,565.825,516,0.276592849882752,36,"United Kingdom",2010-06-10 14:25:00,2011-08-17 10:50:00,"1","High_Value"
"15735",421.966666666667,1,327.68,327.68,206,30,19,"United Kingdom",2010-10-14 13:38:00,2010-10-14 13:38:00,"2","Not_High_Value"
"15736",435.9375,2,1767.12,883.56,1208,59.9583622484386,95,"United Kingdom",2010-09-30 14:19:00,2010-09-30 14:20:00,"1","High_Value"
"15737",15.0618055555556,8,1188.12,148.515,597,1.04778074217803,60,"United Kingdom",2011-04-11 10:01:00,2011-11-25 11:21:00,"1","High_Value"
"15738",19.1833333333333,41,13043.32,318.129756097561,9030,1.72827989703698,70,"United Kingdom",2009-12-10 15:52:00,2011-11-21 08:26:00,"1","High_Value"
"15739",66.9638888888889,1,449.12,449.12,472,30,8,"United Kingdom",2011-10-04 13:42:00,2011-10-04 13:42:00,"2","Not_High_Value"
"15740",49.93125,1,154.88,154.88,152,30,9,"United Kingdom",2011-10-21 14:29:00,2011-10-21 14:29:00,"2","Not_High_Value"
"15741",458.853472222222,2,208.62,104.31,70,0.3722437162331,11,"United Kingdom",2010-03-31 11:55:00,2010-09-07 16:21:00,"2","Not_High_Value"
"15742",619.892361111111,1,156.87,156.87,51,30,41,"United Kingdom",2010-03-30 15:25:00,2010-03-30 15:25:00,"2","Not_High_Value"
"15743",16.8131944444444,4,775.96,193.99,214,0.708821297454725,59,"United Kingdom",2011-06-08 10:14:00,2011-11-23 17:19:00,"1","High_Value"
"15744",78.1236111111111,1,34.8,34.8,120,30,3,"United Kingdom",2011-09-23 09:52:00,2011-09-23 09:52:00,"2","Not_High_Value"
"15745",19.9618055555556,4,1094.59,273.6475,421,0.550386831485439,57,"United Kingdom",2011-04-17 13:04:00,2011-11-20 13:45:00,"1","High_Value"
"15746",134.895138888889,1,196.88,196.88,178,30,28,"United Kingdom",2011-07-28 15:21:00,2011-07-28 15:21:00,"2","Not_High_Value"
"15747",13.0166666666667,9,2499.81,277.756666666667,1344,0.397617160534861,116,"United Kingdom",2010-01-18 11:21:00,2011-11-27 12:26:00,"1","High_Value"
"15748",40.9993055555556,3,609.81,203.27,261,0.219601836115352,34,"United Kingdom",2010-09-16 16:52:00,2011-10-30 12:51:00,"1","High_Value"
"15749",235.979166666667,3,44534.3,14844.7666666667,18028,0.91820468312728,5,"United Kingdom",2011-01-11 12:55:00,2011-04-18 13:20:00,"1","High_Value"
"15750",3.01111111111111,18,6452.991,358.4995,4281,0.732896950504008,389,"United Kingdom",2009-12-01 17:19:00,2011-12-07 12:34:00,"1","High_Value"
"15751",461.004166666667,11,1380.44,125.494545454545,443,1.20445282559766,90,"United Kingdom",2009-12-06 13:08:00,2010-09-05 12:44:00,"1","High_Value"
"15752",40.0506944444444,9,3924.91,436.101111111111,2792,0.64441170084579,359,"United Kingdom",2010-09-08 11:56:00,2011-10-31 11:37:00,"1","High_Value"
"15753",305.00625,1,79.2,79.2,144,30,1,"United Kingdom",2011-02-08 12:41:00,2011-02-08 12:41:00,"2","Not_High_Value"
"15754",51.9236111111111,9,3037.61,337.512222222222,1762,0.446245648588438,114,"United Kingdom",2010-02-22 13:31:00,2011-10-19 14:40:00,"1","High_Value"
"15755",10.9118055555556,17,5993.12,352.536470588235,4034,0.702215363255893,281,"United Kingdom",2009-12-04 08:24:00,2011-11-29 14:57:00,"1","High_Value"
"15756",61.9722222222222,4,528.01,132.0025,241,0.634990629478558,160,"United Kingdom",2011-04-04 14:00:00,2011-10-09 13:30:00,"1","High_Value"
"15757",66.025,6,2940.36,490.06,1757,0.372720645013783,162,"United Kingdom",2010-06-10 13:47:00,2011-10-05 12:14:00,"1","High_Value"
"15758",25.0847222222222,1,205.25,205.25,47,30,9,"United Kingdom",2011-11-15 10:48:00,2011-11-15 10:48:00,"2","Not_High_Value"
"15759",218.900694444444,7,830.93,118.704285714286,523,0.403681726860721,10,"United Kingdom",2009-12-02 10:08:00,2011-05-05 15:13:00,"2","Not_High_Value"
"15760",631.045138888889,2,13916.34,6958.17,2,59.5862068965517,1,"Norway",2010-03-19 11:35:00,2010-03-19 11:45:00,"2","Not_High_Value"
"15761",443.136805555556,1,143.05,143.05,31,30,5,"United Kingdom",2010-09-23 09:33:00,2010-09-23 09:33:00,"2","Not_High_Value"
"15762",65.8576388888889,2,583.75,291.875,251,4.60112898072212,37,"United Kingdom",2011-09-23 15:17:00,2011-10-05 16:15:00,"2","Not_High_Value"
"15763",32.1291666666667,2,1086.92,543.46,271,1.27935558385406,58,"United Kingdom",2011-09-23 12:10:00,2011-11-08 09:44:00,"1","High_Value"
"15764",88.7861111111111,8,4503.08,562.885,2945,0.613549211759693,187,"United Kingdom",2010-08-18 13:58:00,2011-09-12 17:58:00,"1","High_Value"
"15765",667.100694444444,1,370.63,370.63,335,30,25,"United Kingdom",2010-02-11 10:25:00,2010-02-11 10:25:00,"2","Not_High_Value"
"15766",64.8243055555556,3,831.06,277.02,334,0.145384708579941,21,"United Kingdom",2010-01-26 15:55:00,2011-10-06 17:03:00,"1","High_Value"
"15768",116.084722222222,34,15308.89,450.261470588235,4215,1.64002152751569,437,"United Kingdom",2009-12-03 12:10:00,2011-08-16 10:48:00,"1","High_Value"
"15769",7.95694444444444,46,88612.52,1926.35913043478,49068,1.91092724975334,26,"United Kingdom",2009-12-11 09:58:00,2011-12-02 13:52:00,"1","High_Value"
"15770",613.04375,1,321.45,321.45,67,30,18,"United Kingdom",2010-04-06 11:47:00,2010-04-06 11:47:00,"2","Not_High_Value"
"15771",604.954166666667,3,1006.54,335.513333333333,512,0.999213581903132,26,"United Kingdom",2010-01-15 12:14:00,2010-04-14 13:56:00,"2","Not_High_Value"
"15772",418.970138888889,1,280.88,280.88,110,30,16,"United Kingdom",2010-10-17 13:33:00,2010-10-17 13:33:00,"2","Not_High_Value"
"15773",6.00138888888889,2,774.52,387.26,410,0.148188549347301,46,"United Kingdom",2010-10-26 15:27:00,2011-12-04 12:48:00,"1","High_Value"
"15774",69.0319444444444,6,1288.34,214.723333333333,465,0.305621814228629,88,"United Kingdom",2010-02-21 12:57:00,2011-10-02 12:04:00,"1","High_Value"
"15775",245.995833333333,2,150.5,75.25,260,0.154948673251985,9,"United Kingdom",2010-03-18 07:32:00,2011-04-08 12:56:00,"2","Not_High_Value"
"15776",133.961111111111,1,241.62,241.62,138,30,18,"United Kingdom",2011-07-29 13:46:00,2011-07-29 13:46:00,"2","Not_High_Value"
"15777",241.838194444444,7,1762.61,251.801428571429,599,0.639748162628045,29,"United Kingdom",2010-05-20 10:37:00,2011-04-12 16:43:00,"1","High_Value"
"15778",431.902777777778,1,307.95,307.95,101,30,17,"United Kingdom",2010-10-04 15:10:00,2010-10-04 15:10:00,"2","Not_High_Value"
"15779",463.840277777778,2,124.08,62.04,20,0.856760374832664,8,"United Kingdom",2010-06-25 15:55:00,2010-09-02 16:40:00,"2","Not_High_Value"
"15780",184.034027777778,3,475.28,158.426666666667,220,0.514248982215556,26,"United Kingdom",2010-12-17 11:43:00,2011-06-09 12:01:00,"2","Not_High_Value"
"15781",25.9118055555556,3,345.46,115.153333333333,180,0.320014222854349,20,"United Kingdom",2011-02-07 09:15:00,2011-11-14 14:57:00,"2","Not_High_Value"
"15782",10.0840277777778,4,4014.1,1003.525,1844,0.284497831691873,51,"United Kingdom",2010-10-05 15:43:00,2011-11-30 10:49:00,"1","High_Value"
"15783",11.125,1,246.3,246.3,212,30,14,"United Kingdom",2011-11-29 09:50:00,2011-11-29 09:50:00,"2","Not_High_Value"
"15784",468.091666666667,2,848.33,424.165,381,0.291501909607417,33,"United Kingdom",2010-02-05 14:42:00,2010-08-29 10:38:00,"2","Not_High_Value"
"15785",33.0534722222222,16,5969.93,373.120625,4479,0.692845508081694,102,"United Kingdom",2009-12-15 16:28:00,2011-11-07 11:33:00,"1","High_Value"
"15786",46.9423611111111,5,8501.62,1700.324,5957,0.305395317271802,358,"United Kingdom",2010-06-21 10:13:00,2011-10-24 14:13:00,"1","High_Value"
"15787",26.9131944444444,3,933.26,311.086666666667,534,2.49499460957955,156,"United Kingdom",2011-10-09 13:11:00,2011-11-13 14:55:00,"1","High_Value"
"15788",509.001388888889,1,221.83,221.83,115,30,14,"United Kingdom",2010-07-19 12:48:00,2010-07-19 12:48:00,"2","Not_High_Value"
"15789",358.927083333333,6,1962.01,327.001666666667,2499,0.676349175699442,110,"United Kingdom",2010-03-26 11:21:00,2010-12-16 14:35:00,"1","High_Value"
"15790",10.9145833333333,1,218.75,218.75,113,30,34,"United Kingdom",2011-11-29 14:53:00,2011-11-29 14:53:00,"2","Not_High_Value"
"15791",44.1083333333333,5,3608.34,721.668,1970,0.250407782117406,121,"United Kingdom",2010-03-08 09:41:00,2011-10-27 10:14:00,"1","High_Value"
"15792",400.186805555556,2,933.84,466.92,606,0.272797021965844,57,"United Kingdom",2010-03-31 09:42:00,2010-11-05 08:21:00,"1","High_Value"
"15793",15.1381944444444,8,2399.57,299.94625,1685,0.331098863093111,12,"United Kingdom",2009-12-01 12:54:00,2011-11-25 09:31:00,"1","High_Value"
"15794",736.990277777778,2,777,388.5,288,31.3725490196078,15,"United Kingdom",2009-12-02 15:10:00,2009-12-03 13:04:00,"2","Not_High_Value"
"15795",150.088194444444,8,1979.87,247.48375,1411,0.442831662463866,111,"United Kingdom",2010-01-18 11:31:00,2011-07-13 10:43:00,"1","High_Value"
"15796",1.70486111111111,17,5171.63,304.213529411765,1733,0.824867323730099,138,"United Kingdom",2010-03-31 13:10:00,2011-12-08 19:55:00,"1","High_Value"
"15797",113.823611111111,6,2821.08,470.18,1281,0.316254917080694,12,"United Kingdom",2010-01-27 13:12:00,2011-08-18 17:04:00,"1","High_Value"
"15798",493.150694444444,3,1535.37,511.79,915,0.473964847607136,73,"United Kingdom",2010-01-27 11:55:00,2010-08-04 09:13:00,"1","High_Value"
"15799",76.0027777777778,4,1421.34,355.335,1341,0.348907644469572,143,"United Kingdom",2010-10-17 14:26:00,2011-09-25 12:46:00,"1","High_Value"
"15800",107.935416666667,7,1227.07,175.295714285714,575,0.410119536825317,198,"United Kingdom",2010-03-31 13:17:00,2011-08-24 14:23:00,"1","High_Value"
"15801",46.9569444444444,3,1063.95,354.65,570,1.40261258238726,61,"United Kingdom",2011-08-22 09:53:00,2011-10-24 13:52:00,"1","High_Value"
"15802",143.05,1,451.42,451.42,1,30,1,"United Kingdom",2011-07-20 11:38:00,2011-07-20 11:38:00,"2","Not_High_Value"
"15803",51.9125,4,1929.66,482.415,1030,0.191713069439406,48,"United Kingdom",2010-02-01 16:29:00,2011-10-19 14:56:00,"1","High_Value"
"15804",1.01319444444444,13,4206.39,323.568461538462,2565,1.95884882751597,170,"United Kingdom",2011-05-25 10:12:00,2011-12-09 12:31:00,"1","High_Value"
"15805",23.8458333333333,30,10148.93,338.297666666667,6205,1.27271566687453,337,"United Kingdom",2009-12-10 12:57:00,2011-11-16 16:32:00,"1","High_Value"
"15806",46.9270833333333,3,784.58,261.526666666667,602,0.389246465696153,24,"United Kingdom",2011-03-08 09:24:00,2011-10-24 14:35:00,"1","High_Value"
"15807",50.9444444444444,5,1817.52,363.504,1532,0.243134270901105,85,"United Kingdom",2010-02-11 15:32:00,2011-10-20 14:10:00,"1","High_Value"
"15808",306.928472222222,21,17180.25,818.107142857143,6753,1.45523842522413,348,"United Kingdom",2009-12-01 16:30:00,2011-02-06 14:33:00,"1","High_Value"
"15809",36.8402777777778,7,1274.44,182.062857142857,700,0.419920098536806,51,"United Kingdom",2010-06-22 14:23:00,2011-11-03 16:40:00,"1","High_Value"
"15810",79.1333333333333,8,2999.04,374.88,1653,0.402928694678916,89,"United Kingdom",2010-02-04 18:18:00,2011-09-22 09:38:00,"1","High_Value"
"15811",22.8881944444444,7,3486.15,498.021428571429,1781,0.572288301586851,205,"United Kingdom",2010-11-16 16:46:00,2011-11-17 15:31:00,"1","High_Value"
"15812",107.938194444444,12,5201.47,433.455833333333,3450,0.582498744324177,87,"United Kingdom",2009-12-15 13:40:00,2011-08-24 14:19:00,"1","High_Value"
"15813",208.192361111111,2,1303.91,651.955,603,1.82032698466206,40,"United Kingdom",2011-04-14 09:09:00,2011-05-16 08:13:00,"1","High_Value"
"15814",17.1895833333333,6,2634.44,439.073333333333,1728,0.306257724382227,83,"United Kingdom",2010-04-15 14:31:00,2011-11-23 08:17:00,"1","High_Value"
"15815",64.0055555555556,5,2100.6,420.12,1856,0.760780363413509,33,"United Kingdom",2011-03-25 08:43:00,2011-10-07 12:42:00,"1","High_Value"
"15816",542.968055555556,2,144.15,72.075,54,58.2995951417004,11,"United Kingdom",2010-06-15 12:54:00,2010-06-15 13:36:00,"2","Not_High_Value"
"15817",421.071527777778,3,2766.4,922.133333333333,1596,0.726392251815981,133,"United Kingdom",2010-06-14 13:31:00,2010-10-15 11:07:00,"1","High_Value"
"15818",588.994444444444,1,340.5,340.5,284,30,11,"United Kingdom",2010-04-30 12:58:00,2010-04-30 12:58:00,"2","Not_High_Value"
"15819",49.9166666666667,10,3934.79,393.479,2928,0.514443722000329,182,"United Kingdom",2010-03-18 11:08:00,2011-10-21 14:50:00,"1","High_Value"
"15820",320.034722222222,1,206.98,206.98,128,30,17,"United Kingdom",2011-01-24 12:00:00,2011-01-24 12:00:00,"2","Not_High_Value"
"15821",44.8763888888889,2,570.96,285.48,202,3.31542594013814,57,"United Kingdom",2011-10-09 13:28:00,2011-10-26 15:48:00,"2","Not_High_Value"
"15822",3.91666666666667,6,1840.06,306.676666666667,950,0.246243176536977,46,"United Kingdom",2009-12-06 15:12:00,2011-12-06 14:50:00,"1","High_Value"
"15823",372.904166666667,3,3882.17,1294.05666666667,1774,0.25000192902723,155,"United Kingdom",2009-12-08 15:12:00,2010-12-02 15:08:00,"1","High_Value"
"15824",453.979166666667,2,890.94,445.47,478,0.750716830306716,24,"United Kingdom",2010-06-25 15:10:00,2010-09-12 13:20:00,"2","Not_High_Value"
"15825",172.974305555556,1,532.94,532.94,220,30,20,"United Kingdom",2011-06-20 13:27:00,2011-06-20 13:27:00,"2","Not_High_Value"
"15826",56.8645833333333,4,2598.28,649.57,1824,0.233935545883452,100,"United Kingdom",2010-05-20 17:00:00,2011-10-14 16:05:00,"1","High_Value"
"15827",73.8854166666667,28,3603.14,128.683571428571,1715,1.33720994505677,124,"United Kingdom",2010-01-08 11:25:00,2011-09-27 15:35:00,"1","High_Value"
"15828",375.839583333333,1,1108.82,1108.82,367,30,74,"United Kingdom",2010-11-29 16:41:00,2010-11-29 16:41:00,"2","Not_High_Value"
"15829",99.8368055555556,2,636.14,318.07,996,1.419605008051,44,"United Kingdom",2011-07-22 10:23:00,2011-09-01 16:45:00,"1","High_Value"
"15830",38.0902777777778,1,576,576,415,30,39,"United Kingdom",2011-11-02 10:40:00,2011-11-02 10:40:00,"2","Not_High_Value"
"15831",58.9833333333333,3,794.64,264.88,1092,0.337164591474106,63,"United Kingdom",2011-01-19 14:52:00,2011-10-12 13:14:00,"1","High_Value"
"15832",254.889583333333,1,836.79,836.79,465,30,54,"United Kingdom",2011-03-30 15:29:00,2011-03-30 15:29:00,"2","Not_High_Value"
"15833",738.035416666667,1,80.4,80.4,24,30,5,"United Kingdom",2009-12-02 11:59:00,2009-12-02 11:59:00,"2","Not_High_Value"
"15834",70.9229166666667,7,3764.39,537.77,1815,0.591507640307021,333,"United Kingdom",2010-10-11 14:05:00,2011-09-30 14:41:00,"1","High_Value"
"15835",44.8770833333333,4,954.09,238.5225,439,0.41780305228341,47,"United Kingdom",2011-01-13 10:35:00,2011-10-26 15:47:00,"1","High_Value"
"15836",50.8173611111111,1,137.37,137.37,26,30,10,"United Kingdom",2011-10-20 17:13:00,2011-10-20 17:13:00,"2","Not_High_Value"
"15837",65.1590277777778,2,777.01,388.505,405,0.142197644851507,52,"United Kingdom",2010-08-11 10:16:00,2011-10-06 09:01:00,"1","High_Value"
"15838",11.9513888888889,34,73205.5,2153.10294117647,64114,1.42822554061662,61,"United Kingdom",2009-12-15 09:51:00,2011-11-28 14:00:00,"1","High_Value"
"15839",33.9555555555556,3,1048.49,349.496666666667,675,0.776610598098023,56,"United Kingdom",2011-07-14 16:35:00,2011-11-06 13:54:00,"1","High_Value"
"15840",59.1541666666667,2,355.56,177.78,396,0.522224774246582,26,"United Kingdom",2011-06-20 11:42:00,2011-10-12 09:08:00,"2","Not_High_Value"
"15841",73.0243055555556,9,2742.41,304.712222222222,2391,0.410236497964645,60,"United Kingdom",2009-12-10 08:29:00,2011-09-28 12:15:00,"1","High_Value"
"15842",393.945833333333,2,548.8,274.4,296,0.443755071853397,24,"United Kingdom",2010-06-30 09:06:00,2010-11-11 14:08:00,"2","Not_High_Value"
"15843",304.104861111111,1,118.95,118.95,27,30,8,"United Kingdom",2011-02-09 10:19:00,2011-02-09 10:19:00,"2","Not_High_Value"
"15844",46.8965277777778,1,130.74,130.74,134,30,11,"United Kingdom",2011-10-24 15:19:00,2011-10-24 15:19:00,"2","Not_High_Value"
"15845",18.1305555555556,11,4426.28,402.389090909091,2128,0.49565157530003,129,"United Kingdom",2010-01-26 14:44:00,2011-11-22 09:42:00,"1","High_Value"
"15846",385.923611111111,1,107.01,107.01,79,30,27,"United Kingdom",2010-11-19 14:40:00,2010-11-19 14:40:00,"2","Not_High_Value"
"15847",38.9229166666667,5,822.57,164.514,643,0.248243333632145,39,"United Kingdom",2010-03-08 08:47:00,2011-11-01 14:41:00,"1","High_Value"
"15848",622.080555555556,1,137.99,137.99,45,30,34,"United Kingdom",2010-03-28 10:54:00,2010-03-28 10:54:00,"2","Not_High_Value"
"15850",19.9416666666667,6,1006.75,167.791666666667,1334,0.254225568304977,269,"United Kingdom",2009-12-13 13:27:00,2011-11-20 14:14:00,"1","High_Value"
"15851",527.011111111111,1,109.73,109.73,67,30,8,"United Kingdom",2010-07-01 12:34:00,2010-07-01 12:34:00,"2","Not_High_Value"
"15852",187.061111111111,3,257.26,85.7533333333333,60,0.263894149124629,31,"United Kingdom",2010-07-01 10:16:00,2011-06-06 11:22:00,"2","Not_High_Value"
"15853",52.0916666666667,1,110.8,110.8,135,30,29,"United Kingdom",2011-10-19 10:38:00,2011-10-19 10:38:00,"2","Not_High_Value"
"15854",4.96597222222222,21,5578.28,265.632380952381,1691,0.867693066967885,168,"United Kingdom",2009-12-10 12:08:00,2011-12-05 13:39:00,"1","High_Value"
"15855",137.104166666667,6,1052.72,175.453333333333,712,0.528305732484076,72,"United Kingdom",2010-08-20 17:15:00,2011-07-26 10:20:00,"1","High_Value"
"15856",4.82013888888889,52,32275.95,620.691346153846,19550,2.12786312869006,384,"United Kingdom",2009-12-03 14:02:00,2011-12-05 17:09:00,"1","High_Value"
"15857",19.0222222222222,2,570.48,285.24,584,0.145343213531722,21,"United Kingdom",2010-10-05 16:43:00,2011-11-21 12:18:00,"1","High_Value"
"15858",16.0013888888889,13,3552.41,273.262307692308,2715,0.545419582660785,273,"United Kingdom",2009-12-10 11:42:00,2011-11-24 12:48:00,"1","High_Value"
"15859",432.998611111111,1,438.46,438.46,174,30,22,"United Kingdom",2010-10-03 12:52:00,2010-10-03 12:52:00,"2","Not_High_Value"
"15860",41.0590277777778,17,2361.3,138.9,1259,0.734918852710013,249,"United Kingdom",2009-12-06 12:31:00,2011-10-30 11:25:00,"1","High_Value"
"15861",12.86875,12,4369.2,364.1,3837,0.538240625953913,452,"United Kingdom",2010-01-28 19:41:00,2011-11-27 15:59:00,"1","High_Value"
"15862",8.97361111111111,13,2512.29,193.253076923077,1520,0.545393628334054,417,"United Kingdom",2009-12-17 11:33:00,2011-12-01 13:28:00,"1","High_Value"
"15863",26.0006944444444,5,355.1,71.02,162,0.214867861239131,74,"United Kingdom",2009-12-17 10:20:00,2011-11-14 12:49:00,"1","High_Value"
"15864",22.9708333333333,7,2180.76,311.537142857143,1486,0.583434624066678,18,"United Kingdom",2010-11-23 15:02:00,2011-11-17 13:32:00,"1","High_Value"
"15865",41.0048611111111,5,2241.42,448.284,1141,0.225921335446116,119,"United Kingdom",2010-01-05 13:58:00,2011-10-30 12:43:00,"1","High_Value"
"15866",101.945138888889,1,211.89,211.89,124,30,43,"United Kingdom",2011-08-30 14:09:00,2011-08-30 14:09:00,"2","Not_High_Value"
"15867",5.97083333333333,31,8923.3,287.848387096774,5067,1.29000439248807,547,"United Kingdom",2009-12-14 15:16:00,2011-12-04 13:32:00,"1","High_Value"
"15868",583.94375,1,94.53,94.53,57,30,4,"United Kingdom",2010-05-05 14:11:00,2010-05-05 14:11:00,"2","Not_High_Value"
"15869",277.810416666667,3,321.11,107.036666666667,273,0.257126021510496,29,"United Kingdom",2010-03-23 16:50:00,2011-03-07 17:23:00,"2","Not_High_Value"
"15870",33.0777777777778,4,857.46,214.365,504,0.289313483213791,127,"United Kingdom",2010-09-19 16:22:00,2011-11-07 10:58:00,"1","High_Value"
"15871",437.940277777778,1,33.1,33.1,5,30,5,"United Kingdom",2010-09-28 14:16:00,2010-09-28 14:16:00,"2","Not_High_Value"
"15872",15.0381944444444,4,729.25,182.3125,467,0.223515137717921,164,"United Kingdom",2010-06-07 14:53:00,2011-11-25 11:55:00,"1","High_Value"
"15873",500.00625,4,313.92,78.48,1152,59.1173451932946,3,"United Kingdom",2010-07-27 11:58:00,2010-07-28 12:41:00,"2","Not_High_Value"
"15874",64.0131944444445,21,11284.76,537.369523809524,5102,0.986006575550906,262,"United Kingdom",2010-01-07 13:56:00,2011-10-07 12:31:00,"1","High_Value"
"15875",646.832638888889,1,108.52,108.52,74,30,18,"United Kingdom",2010-03-03 16:51:00,2010-03-03 16:51:00,"2","Not_High_Value"
"15876",409.744444444444,2,1449.14,724.57,886,1.49449941188681,11,"United Kingdom",2010-09-17 15:26:00,2010-10-26 18:58:00,"1","High_Value"
"15877",2.03958333333333,2,490.33,245.165,368,3.52437283295941,122,"United Kingdom",2011-11-22 11:18:00,2011-12-08 11:53:00,"1","High_Value"
"15878",562.022916666667,2,330.77,165.385,243,0.346836123945743,47,"United Kingdom",2009-12-06 12:28:00,2010-05-27 12:17:00,"2","Not_High_Value"
"15879",404.853472222222,4,1137.8,284.45,639,0.376350057824618,171,"United Kingdom",2009-12-17 19:54:00,2010-10-31 16:21:00,"1","High_Value"
"15880",369.993055555556,1,329.03,329.03,202,30,95,"United Kingdom",2010-12-05 13:00:00,2010-12-05 13:00:00,"2","Not_High_Value"
"15881",312.827083333333,5,501.39,100.278,260,2.82253322356815,26,"United Kingdom",2010-12-10 13:32:00,2011-01-31 16:59:00,"2","Not_High_Value"
"15882",199.052083333333,8,1124.66,140.5825,650,0.451268016118207,49,"United Kingdom",2009-12-10 15:33:00,2011-05-25 11:35:00,"1","High_Value"
"15883",2.82291666666667,2,396.48,198.24,223,1.86952288218111,42,"United Kingdom",2011-11-06 14:50:00,2011-12-07 17:05:00,"1","High_Value"
"15884",432.871527777778,2,244.6,122.3,152,0.196787624244964,14,"United Kingdom",2009-12-03 18:23:00,2010-10-03 15:55:00,"2","Not_High_Value"
"15885",93.0881944444444,15,1951.82,130.121333333333,622,0.75514266136513,83,"United Kingdom",2010-01-21 12:47:00,2011-09-08 10:43:00,"1","High_Value"
"15886",60.9340277777778,4,1052.87,263.2175,667,0.222645408840363,58,"United Kingdom",2010-04-20 15:03:00,2011-10-10 14:25:00,"1","High_Value"
"15887",407.176388888889,3,1027.15,342.383333333333,605,0.600547721764758,27,"United Kingdom",2010-06-02 11:53:00,2010-10-29 08:36:00,"1","High_Value"
"15888",81.0138888888889,3,429.16,143.053333333333,139,0.201330083468097,33,"United Kingdom",2010-07-01 11:51:00,2011-09-20 12:30:00,"2","Not_High_Value"
"15889",157.069444444444,8,1427.6,178.45,800,0.418154385599808,256,"United Kingdom",2009-12-10 12:21:00,2011-07-06 11:10:00,"1","High_Value"
"15890",395.002777777778,5,535.65,107.13,119,0.710332376357771,10,"United Kingdom",2010-04-14 08:43:00,2010-11-10 12:46:00,"2","Not_High_Value"
"15891",227.010416666667,1,511.68,511.68,418,30,60,"United Kingdom",2011-04-27 12:35:00,2011-04-27 12:35:00,"2","Not_High_Value"
"15892",669.852083333333,1,128.2,128.2,46,30,38,"United Kingdom",2010-02-08 16:23:00,2010-02-08 16:23:00,"2","Not_High_Value"
"15893",482.068055555556,1,305.28,305.28,288,30,1,"United Kingdom",2010-08-15 11:12:00,2010-08-15 11:12:00,"2","Not_High_Value"
"15894",253.958333333333,2,258.25,129.125,164,0.512869218349321,35,"United Kingdom",2010-12-05 14:06:00,2011-03-31 13:50:00,"2","Not_High_Value"
"15895",150.099305555556,1,179.17,179.17,94,30,11,"United Kingdom",2011-07-13 10:27:00,2011-07-13 10:27:00,"2","Not_High_Value"
"15897",194.958333333333,2,208.59,104.295,223,59.2592592592593,17,"United Kingdom",2011-05-29 13:32:00,2011-05-29 13:50:00,"2","Not_High_Value"
"15898",1.89375,25,4996.45,199.858,2160,1.03026695361509,281,"United Kingdom",2009-12-11 16:11:00,2011-12-08 15:23:00,"1","High_Value"
"15899",369.093055555556,1,56.25,56.25,39,30,4,"United Kingdom",2010-12-06 10:36:00,2010-12-06 10:36:00,"2","Not_High_Value"
"15900",24.0215277777778,4,886.57,221.6425,656,0.222207362676364,100,"United Kingdom",2010-05-26 11:27:00,2011-11-16 12:19:00,"1","High_Value"
"15901",17.0048611111111,7,687.72,98.2457142857143,695,0.397725180317865,145,"United Kingdom",2010-06-14 12:39:00,2011-11-23 12:43:00,"1","High_Value"
"15902",380.828472222222,1,145.01,145.01,124,30,18,"United Kingdom",2010-11-24 16:57:00,2010-11-24 16:57:00,"2","Not_High_Value"
"15903",10.1958333333333,12,8939.84,744.986666666667,3926,0.524871136238687,58,"United Kingdom",2010-01-14 10:57:00,2011-11-30 08:08:00,"1","High_Value"
"15904",8.91666666666667,1,164.68,164.68,84,30,30,"United Kingdom",2011-12-01 14:50:00,2011-12-01 14:50:00,"2","Not_High_Value"
"15905",543.868055555556,1,114.69,114.69,82,30,22,"United Kingdom",2010-06-14 16:00:00,2010-06-14 16:00:00,"2","Not_High_Value"
"15906",20.0180555555556,10,2530.19,253.019,749,0.694436630246252,143,"United Kingdom",2010-09-15 12:17:00,2011-11-20 12:24:00,"1","High_Value"
"15907",4.02013888888889,3,882.72,294.24,478,0.432750100173634,175,"United Kingdom",2011-05-13 13:01:00,2011-12-06 12:21:00,"1","High_Value"
"15908",491.0375,2,758.62,379.31,173,2.6442234123948,37,"United Kingdom",2010-07-15 19:21:00,2010-08-06 11:56:00,"2","Not_High_Value"
"15909",174.091666666667,1,191.94,191.94,98,30,7,"United Kingdom",2011-06-19 10:38:00,2011-06-19 10:38:00,"2","Not_High_Value"
"15910",1.08263888888889,15,2661.17,177.411333333333,2158,0.654109381624372,394,"United Kingdom",2010-01-21 11:51:00,2011-12-09 10:51:00,"1","High_Value"
"15911",624.030555555556,8,1700.24,212.53,810,2.22336592897581,162,"United Kingdom",2009-12-09 13:26:00,2010-03-26 12:06:00,"1","High_Value"
"15912",178.93125,9,1074.7,119.411111111111,759,0.48907444422501,83,"United Kingdom",2009-12-10 12:58:00,2011-06-14 14:29:00,"1","High_Value"
"15913",534.846527777778,1,6.3,6.3,3,30,1,"United Kingdom",2010-06-23 16:31:00,2010-06-23 16:31:00,"2","Not_High_Value"
"15914",378.861111111111,2,205.99,102.995,149,59.9583622484386,13,"United Kingdom",2010-11-26 16:09:00,2010-11-26 16:10:00,"2","Not_High_Value"
"15915",402.067361111111,1,364.45,364.45,414,30,105,"United Kingdom",2010-11-03 11:13:00,2010-11-03 11:13:00,"2","Not_High_Value"
"15916",16.9611111111111,13,3145.24,241.941538461538,1618,0.546300844840249,227,"United Kingdom",2009-12-10 16:21:00,2011-11-23 13:46:00,"1","High_Value"
"15917",248.090277777778,5,530.17,106.034,248,0.305609202232645,127,"United Kingdom",2009-12-02 14:55:00,2011-04-06 10:40:00,"1","High_Value"
"15918",191.047222222222,3,582.88,194.293333333333,240,0.203619269672984,49,"United Kingdom",2010-03-18 11:40:00,2011-06-02 11:42:00,"2","Not_High_Value"
"15919",20.0569444444444,2,525.69,262.845,385,0.171427891159162,103,"United Kingdom",2010-12-06 11:26:00,2011-11-20 11:28:00,"1","High_Value"
"15920",154.888194444444,9,569.14,63.2377777777778,238,0.471946609825909,93,"United Kingdom",2009-12-14 13:09:00,2011-07-08 15:31:00,"1","High_Value"
"15921",173.074305555556,4,775.26,193.815,335,0.255863539445629,69,"United Kingdom",2010-03-09 11:03:00,2011-06-20 11:03:00,"1","High_Value"
"15922",373.957638888889,1,369.5,369.5,138,30,11,"United Kingdom",2010-12-01 13:51:00,2010-12-01 13:51:00,"2","Not_High_Value"
"15923",373.023611111111,1,127.08,127.08,122,30,21,"United Kingdom",2010-12-02 12:16:00,2010-12-02 12:16:00,"2","Not_High_Value"
"15924",731.909722222222,1,102.82,102.82,103,30,14,"United Kingdom",2009-12-08 15:00:00,2009-12-08 15:00:00,"2","Not_High_Value"
"15925",194.885416666667,1,207.15,207.15,93,30,12,"United Kingdom",2011-05-29 15:35:00,2011-05-29 15:35:00,"2","Not_High_Value"
"15926",542.89375,1,134.44,134.44,155,30,7,"United Kingdom",2010-06-15 15:23:00,2010-06-15 15:23:00,"2","Not_High_Value"
"15927",647.975694444444,1,106.54,106.54,66,30,13,"United Kingdom",2010-03-02 13:25:00,2010-03-02 13:25:00,"2","Not_High_Value"
"15928",656.898611111111,1,293.53,293.53,164,30,11,"United Kingdom",2010-02-21 15:16:00,2010-02-21 15:16:00,"2","Not_High_Value"
"15929",644.9125,1,594,594,120,30,1,"United Kingdom",2010-03-05 14:56:00,2010-03-05 14:56:00,"2","Not_High_Value"
"15930",67.9152777777778,1,426.63,426.63,139,30,21,"United Kingdom",2011-10-03 14:52:00,2011-10-03 14:52:00,"2","Not_High_Value"
"15931",428.836111111111,1,239.9,239.9,118,30,14,"United Kingdom",2010-10-07 16:46:00,2010-10-07 16:46:00,"2","Not_High_Value"
"15932",4.81736111111111,8,2495.87,311.98375,2325,0.838869565006323,93,"United Kingdom",2011-02-23 14:50:00,2011-12-05 17:13:00,"1","High_Value"
"15933",21.9833333333333,3,1107.46,369.153333333333,885,1.36264706810081,63,"United Kingdom",2011-09-14 12:05:00,2011-11-18 13:14:00,"1","High_Value"
"15934",418.109027777778,2,2190.66,1095.33,2166,4.64391292663263,29,"United Kingdom",2010-10-06 12:08:00,2010-10-18 10:13:00,"1","High_Value"
"15935",239.974305555556,2,416.86,208.43,115,18.9806678383128,12,"United Kingdom",2011-04-12 09:35:00,2011-04-14 13:27:00,"2","Not_High_Value"
"15936",379.840972222222,2,282.79,141.395,211,0.672598612765361,16,"United Kingdom",2010-08-29 11:42:00,2010-11-25 16:39:00,"2","Not_High_Value"
"15937",64.8763888888889,1,145.35,145.35,73,30,7,"United Kingdom",2011-10-06 15:48:00,2011-10-06 15:48:00,"2","Not_High_Value"
"15938",112.995833333333,9,734.81,81.6455555555555,449,0.606557939699904,27,"United Kingdom",2010-06-01 09:42:00,2011-08-19 12:56:00,"1","High_Value"
"15939",90.0555555555556,16,9060.39,566.274375,6260,1.67847247348854,52,"United Kingdom",2010-11-30 12:07:00,2011-09-11 11:30:00,"1","High_Value"
"15940",311.855555555556,1,35.8,35.8,4,30,1,"United Kingdom",2011-02-01 16:18:00,2011-02-01 16:18:00,"2","Not_High_Value"
"15941",637.920138888889,1,405,405,60,30,6,"United Kingdom",2010-03-12 14:45:00,2010-03-12 14:45:00,"2","Not_High_Value"
"15942",134.159027777778,1,337.44,337.44,232,30,14,"United Kingdom",2011-07-29 09:01:00,2011-07-29 09:01:00,"2","Not_High_Value"
"15943",650.000694444444,2,271.29,135.645,183,2.06377642422071,12,"United Kingdom",2010-01-31 11:04:00,2010-02-28 12:49:00,"2","Not_High_Value"
"15944",277.095138888889,4,2164.24,541.06,859,0.266134397870925,25,"United Kingdom",2009-12-13 12:57:00,2011-03-08 10:33:00,"1","High_Value"
"15945",365.983333333333,4,646.27,161.5675,345,0.320875276448535,24,"United Kingdom",2009-12-01 13:47:00,2010-12-09 13:14:00,"2","Not_High_Value"
"15946",503.022222222222,3,2304.18,768.06,1614,0.681499087653613,25,"United Kingdom",2010-03-16 10:49:00,2010-07-25 12:18:00,"1","High_Value"
"15947",83.0861111111111,1,1708.24,1708.24,898,30,29,"United Kingdom",2011-09-18 10:46:00,2011-09-18 10:46:00,"1","High_Value"
"15948",8.8875,3,1509.09,503.03,852,0.215756913877032,63,"United Kingdom",2010-10-11 12:16:00,2011-12-01 15:32:00,"1","High_Value"
"15949",17.1534722222222,2,364.72,182.36,284,1.07818057028764,12,"United Kingdom",2011-09-29 17:34:00,2011-11-23 09:09:00,"2","Not_High_Value"
"15950",32.0701388888889,10,7120.91,712.091,3354,0.460137402140917,225,"United Kingdom",2010-01-26 11:39:00,2011-11-08 11:09:00,"1","High_Value"
"15951",9.17777777777778,3,1013.17,337.723333333333,420,0.240903835501344,44,"United Kingdom",2010-11-23 18:20:00,2011-12-01 08:34:00,"1","High_Value"
"15952",34.0638888888889,4,781.91,195.4775,391,0.621978741860825,65,"United Kingdom",2011-04-28 12:55:00,2011-11-06 11:18:00,"1","High_Value"
"15953",15.8875,18,3440.34,191.13,1741,0.747856260795636,102,"United Kingdom",2009-12-03 14:00:00,2011-11-24 15:32:00,"1","High_Value"
"15954",589.96875,1,190.75,190.75,119,30,20,"United Kingdom",2010-04-29 13:35:00,2010-04-29 13:35:00,"2","Not_High_Value"
"15955",24.9409722222222,22,8085.98,367.544545454545,3967,1.0461211294674,222,"United Kingdom",2010-02-23 16:36:00,2011-11-15 14:15:00,"1","High_Value"
"15956",551.988888888889,2,617.6,308.8,278,0.340761191086571,18,"United Kingdom",2009-12-13 11:16:00,2010-06-06 13:06:00,"2","Not_High_Value"
"15957",32.025,3,921.25,307.083333333333,453,0.230767998034199,121,"United Kingdom",2010-10-15 12:11:00,2011-11-08 12:14:00,"1","High_Value"
"15958",74.9645833333333,4,462.12,115.53,154,0.251513007938379,50,"United Kingdom",2010-06-07 10:59:00,2011-09-26 13:41:00,"2","Not_High_Value"
"15959",682.841666666667,3,542.89,180.963333333333,269,88.8279643591501,58,"United Kingdom",2010-01-26 16:19:00,2010-01-26 16:38:00,"2","Not_High_Value"
"15960",374.870138888889,4,410.95,102.7375,258,1.93533213121731,24,"United Kingdom",2010-09-30 15:50:00,2010-11-30 15:57:00,"2","Not_High_Value"
"15961",379.86875,1,451.29,451.29,154,30,42,"United Kingdom",2010-11-25 15:59:00,2010-11-25 15:59:00,"2","Not_High_Value"
"15962",449.959722222222,1,289.48,289.48,228,30,43,"United Kingdom",2010-09-16 13:48:00,2010-09-16 13:48:00,"2","Not_High_Value"
"15963",20.0534722222222,2,470.76,235.38,298,2.22749303908425,26,"United Kingdom",2011-10-25 13:05:00,2011-11-20 11:33:00,"2","Not_High_Value"
"15964",663.888888888889,1,269.21,269.21,93,30,20,"United Kingdom",2010-02-14 15:30:00,2010-02-14 15:30:00,"2","Not_High_Value"
"15965",17.8375,13,2771.94,213.226153846154,1313,0.541510501890369,202,"United Kingdom",2009-12-03 11:45:00,2011-11-22 16:44:00,"1","High_Value"
"15966",451.0875,1,426.53,426.53,275,30,27,"United Kingdom",2010-09-15 10:44:00,2010-09-15 10:44:00,"2","Not_High_Value"
"15967",23.88125,12,2966,247.166666666667,1183,0.502728933679347,316,"United Kingdom",2009-12-01 13:29:00,2011-11-16 15:41:00,"1","High_Value"
"15968",388.990277777778,1,404.55,404.55,247,30,70,"United Kingdom",2010-11-16 13:04:00,2010-11-16 13:04:00,"2","Not_High_Value"
"15969",3.07222222222222,5,1127.05,225.41,223,0.287955462888407,31,"United Kingdom",2010-07-05 13:10:00,2011-12-07 11:06:00,"1","High_Value"
"15970",304.029166666667,2,1017.32,508.66,498,0.202684633032903,19,"United Kingdom",2010-04-20 11:30:00,2011-02-09 12:08:00,"1","High_Value"
"15971",18,18,5902.83,327.935,2251,0.755109809435765,12,"United Kingdom",2009-12-08 09:46:00,2011-11-22 12:50:00,"1","High_Value"
"15972",456.979166666667,5,1769.33,353.866,468,1.03471071213007,104,"United Kingdom",2010-04-18 14:06:00,2010-09-09 13:20:00,"1","High_Value"
"15973",367.047222222222,3,680.62,226.873333333333,195,1.40927774515561,8,"United Kingdom",2010-10-06 15:00:00,2010-12-08 11:42:00,"2","Not_High_Value"
"15974",39.9840277777778,7,3442.15,491.735714285714,2262,0.839573216948051,141,"United Kingdom",2011-02-24 10:10:00,2011-10-31 13:13:00,"1","High_Value"
"15975",84.9701388888889,1,371.01,371.01,243,30,24,"United Kingdom",2011-09-16 13:33:00,2011-09-16 13:33:00,"2","Not_High_Value"
"15976",165.993055555556,6,1694.41,282.401666666667,1053,0.465167196380597,265,"United Kingdom",2010-06-06 14:01:00,2011-06-27 13:00:00,"1","High_Value"
"15977",17.9729166666667,2,1054.73,527.365,1016,2.62255273941417,48,"United Kingdom",2011-10-31 16:24:00,2011-11-22 13:29:00,"1","High_Value"
"15978",77.8951388888889,3,3279.42,1093.14,2444,0.158442568236666,107,"United Kingdom",2010-03-05 14:39:00,2011-09-23 15:21:00,"1","High_Value"
"15979",603.052083333333,1,329.22,329.22,450,30,22,"United Kingdom",2010-04-16 11:35:00,2010-04-16 11:35:00,"2","Not_High_Value"
"15980",89.13125,7,6543.68,934.811428571429,4822,0.447959517732472,101,"United Kingdom",2010-06-01 14:40:00,2011-09-12 09:41:00,"1","High_Value"
"15981",25.2013888888889,21,9362.77,445.84619047619,4827,1.055432300277,151,"United Kingdom",2010-03-29 10:07:00,2011-11-15 08:00:00,"1","High_Value"
"15982",605.877083333333,1,324.51,324.51,131,30,45,"United Kingdom",2010-04-13 15:47:00,2010-04-13 15:47:00,"2","Not_High_Value"
"15983",22.8027777777778,8,3110.37,388.79625,1872,0.336985964768585,137,"United Kingdom",2009-12-06 12:52:00,2011-11-17 17:34:00,"1","High_Value"
"15984",3.02361111111111,30,8393.02,279.767333333333,5730,1.22126125379053,458,"United Kingdom",2009-12-01 13:38:00,2011-12-07 12:16:00,"1","High_Value"
"15985",123.846527777778,7,2715.28,387.897142857143,2750,0.47832964251819,50,"United Kingdom",2010-05-27 15:51:00,2011-08-08 16:31:00,"1","High_Value"
"15986",30.8979166666667,2,354.42,177.21,368,0.170348682459409,25,"United Kingdom",2010-11-23 10:02:00,2011-11-09 15:17:00,"2","Not_High_Value"
"15987",12.8833333333333,8,1535.99,191.99875,1599,0.651974600156202,143,"United Kingdom",2010-11-25 12:56:00,2011-11-27 15:38:00,"1","High_Value"
"15988",19.9770833333333,3,738.89,246.296666666667,476,0.14104940320648,114,"United Kingdom",2010-02-21 11:36:00,2011-11-20 13:23:00,"1","High_Value"
"15989",376.032638888889,2,368.31,184.155,169,0.165361383523575,81,"United Kingdom",2009-12-02 15:51:00,2010-11-29 12:03:00,"2","Not_High_Value"
"15990",44.8694444444444,7,1997.75,285.392857142857,1086,0.346452074129745,117,"United Kingdom",2010-02-28 12:30:00,2011-10-26 15:58:00,"1","High_Value"
"15991",534.875,1,150.55,150.55,41,30,6,"United Kingdom",2010-06-23 15:50:00,2010-06-23 15:50:00,"2","Not_High_Value"
"15992",4.07638888888889,3,896.6,298.866666666667,514,0.199572520588616,53,"United Kingdom",2010-09-12 11:52:00,2011-12-06 11:00:00,"1","High_Value"
"15993",9.08680555555556,7,2777.67,396.81,2037,5.7116953762466,335,"United Kingdom",2011-10-26 16:21:00,2011-12-01 10:45:00,"1","High_Value"
"15994",55.0152777777778,3,1175.68,391.893333333333,462,0.154633086469247,93,"United Kingdom",2010-03-14 11:55:00,2011-10-16 12:28:00,"1","High_Value"
"15995",414.953472222222,1,694.54,694.54,352,30,108,"United Kingdom",2010-10-21 13:57:00,2010-10-21 13:57:00,"2","Not_High_Value"
"15996",88.9,7,1386.4,198.057142857143,643,0.677472472080024,140,"United Kingdom",2010-11-07 15:49:00,2011-09-12 15:14:00,"1","High_Value"
"15998",37.0034722222222,16,8274.14,517.13375,5350,0.682747584898951,682,"United Kingdom",2009-12-01 11:45:00,2011-11-03 12:45:00,"1","High_Value"
"15999",736.013194444444,1,20.4,20.4,24,30,1,"United Kingdom",2009-12-04 12:31:00,2009-12-04 12:31:00,"2","Not_High_Value"
"16000",3.02291666666667,3,12393.7,4131.23333333333,5110,89.8128898128898,9,"United Kingdom",2011-12-07 12:14:00,2011-12-07 12:17:00,"1","High_Value"
"16001",381.819444444444,1,583.39,583.39,337,30,29,"United Kingdom",2010-11-23 17:10:00,2010-11-23 17:10:00,"2","Not_High_Value"
"16002",625.9875,1,169.21,169.21,70,30,42,"United Kingdom",2010-03-24 13:08:00,2010-03-24 13:08:00,"2","Not_High_Value"
"16003",30.1201388888889,10,5613.83,561.383,2210,0.423950868804871,146,"United Kingdom",2009-12-03 18:51:00,2011-11-10 09:57:00,"1","High_Value"
"16004",475.043055555556,5,2146.39,429.278,1076,0.714588185475334,63,"United Kingdom",2010-01-25 13:56:00,2010-08-22 11:48:00,"1","High_Value"
"16005",12.9604166666667,10,2365.49,236.549,1269,0.683343193300706,315,"United Kingdom",2010-09-15 13:21:00,2011-11-27 13:47:00,"1","High_Value"
"16006",211.984722222222,2,332.82,166.41,205,0.338891307673299,75,"United Kingdom",2010-11-17 12:03:00,2011-05-12 13:12:00,"2","Not_High_Value"
"16007",48.0729166666667,7,3053.06,436.151428571429,2631,0.422613748642647,337,"United Kingdom",2010-06-14 13:18:00,2011-10-23 11:05:00,"1","High_Value"
"16008",24.0958333333333,15,5339.13,355.942,3237,0.740161167809843,63,"United Kingdom",2010-03-19 11:07:00,2011-11-16 10:32:00,"1","High_Value"
"16009",22.8326388888889,4,972.11,243.0275,366,0.86814539425758,68,"United Kingdom",2011-07-03 11:26:00,2011-11-17 16:51:00,"1","High_Value"
"16010",246.108333333333,11,1694.86,154.078181818182,919,1.97637664282149,122,"United Kingdom",2010-10-24 10:54:00,2011-04-08 10:14:00,"1","High_Value"
"16011",8.84652777777778,29,5601.01,193.138275862069,3323,1.18984641597707,181,"United Kingdom",2009-12-01 12:02:00,2011-12-01 16:31:00,"1","High_Value"
"16012",35.9756944444444,5,2978.59,595.718,1760,0.302985246301756,207,"United Kingdom",2010-06-28 11:39:00,2011-11-04 13:25:00,"1","High_Value"
"16013",4.09305555555556,84,56078.44,667.600476190476,25520,3.4567506087036,54,"United Kingdom",2009-12-08 10:24:00,2011-12-06 10:36:00,"1","High_Value"
"16014",38.0319444444444,5,1100.28,220.056,462,0.234019248083155,219,"United Kingdom",2010-01-31 12:43:00,2011-11-02 12:04:00,"1","High_Value"
"16015",4.07777777777778,3,704.55,234.85,907,1.91823806281638,146,"United Kingdom",2011-10-21 12:56:00,2011-12-06 10:58:00,"1","High_Value"
"16016",3.92708333333333,11,2083.4,189.4,881,0.824902615663429,181,"United Kingdom",2010-11-02 13:27:00,2011-12-06 14:35:00,"1","High_Value"
"16017",47.9958333333333,5,1545.58,309.116,635,0.22829843678987,99,"United Kingdom",2010-01-05 12:06:00,2011-10-23 12:56:00,"1","High_Value"
"16018",39.9423611111111,4,698.13,174.5325,503,0.172907894526184,48,"United Kingdom",2009-12-07 13:57:00,2011-10-31 14:13:00,"1","High_Value"
"16019",47.0409722222222,27,17329.16,641.820740740741,6959,1.19134801886301,256,"United Kingdom",2009-12-14 14:12:00,2011-10-24 11:51:00,"1","High_Value"
"16020",17.0638888888889,3,851.01,283.67,487,1.80390846834809,42,"United Kingdom",2011-10-05 13:54:00,2011-11-23 11:18:00,"1","High_Value"
"16021",395.918055555556,2,487.03,243.515,276,0.39958746294335,117,"United Kingdom",2010-06-13 11:05:00,2010-11-09 14:48:00,"2","Not_High_Value"
"16022",260.981944444444,1,602.63,602.63,255,30,68,"United Kingdom",2011-03-24 13:16:00,2011-03-24 13:16:00,"2","Not_High_Value"
"16023",46.8444444444444,3,719.81,239.936666666667,358,0.407007053532733,90,"United Kingdom",2011-03-18 13:32:00,2011-10-24 16:34:00,"1","High_Value"
"16024",12.975,3,483.99,161.33,504,0.224958601368498,78,"United Kingdom",2010-10-24 11:40:00,2011-11-27 13:26:00,"1","High_Value"
"16025",30.0451388888889,1,439.66,439.66,338,30,28,"United Kingdom",2011-11-10 11:45:00,2011-11-10 11:45:00,"2","Not_High_Value"
"16026",43.95625,1,236.09,236.09,243,30,30,"United Kingdom",2011-10-27 13:53:00,2011-10-27 13:53:00,"2","Not_High_Value"
"16027",92.0854166666667,15,2048.36,136.557333333333,2099,0.737834274223851,20,"United Kingdom",2010-01-08 13:21:00,2011-09-09 10:47:00,"1","High_Value"
"16028",596.045138888889,1,82.2,82.2,18,30,5,"United Kingdom",2010-04-23 11:45:00,2010-04-23 11:45:00,"2","Not_High_Value"
"16029",39.0993055555556,107,117763.62,1100.59457943925,54450,4.62561943112406,57,"United Kingdom",2009-12-08 11:23:00,2011-11-01 10:27:00,"1","High_Value"
"16030",310.056944444444,1,331.24,331.24,283,30,28,"United Kingdom",2011-02-03 11:28:00,2011-02-03 11:28:00,"2","Not_High_Value"
"16031",92.9881944444444,2,547.9,273.95,421,0.384745551379562,91,"United Kingdom",2011-04-06 14:23:00,2011-09-08 13:07:00,"1","High_Value"
"16032",456.784722222222,6,1965.72,327.62,1467,2.63980690301358,130,"United Kingdom",2010-07-04 13:31:00,2010-09-09 18:00:00,"1","High_Value"
"16033",6.00416666666667,27,10608.81,392.918888888889,4200,1.68457538994801,605,"United Kingdom",2010-08-11 16:44:00,2011-12-04 12:44:00,"1","High_Value"
"16034",196.85625,6,911.32,151.886666666667,585,0.840584128137192,43,"United Kingdom",2010-10-26 13:00:00,2011-05-27 16:17:00,"1","High_Value"
"16035",560.903472222222,1,217.73,217.73,33,30,21,"United Kingdom",2010-05-28 15:09:00,2010-05-28 15:09:00,"2","Not_High_Value"
"16036",87.9145833333333,4,2556.84,639.21,1369,0.224717347711082,120,"United Kingdom",2010-03-29 14:47:00,2011-09-13 14:53:00,"1","High_Value"
"16037",270.150694444444,5,1509.34,301.868,766,0.394879726216723,62,"United Kingdom",2010-03-01 12:31:00,2011-03-15 09:13:00,"1","High_Value"
"16038",8.00694444444444,3,471.78,157.26,244,0.461421791498588,24,"United Kingdom",2011-05-22 11:29:00,2011-12-02 12:40:00,"1","High_Value"
"16039",424.0875,2,456.4,228.2,409,0.291530433550294,27,"United Kingdom",2010-03-21 15:17:00,2010-10-12 10:44:00,"2","Not_High_Value"
"16040",65.9604166666667,7,2416.9,345.271428571429,1185,0.385215569129252,95,"United Kingdom",2010-04-09 10:12:00,2011-10-05 13:47:00,"1","High_Value"
"16041",31.0173611111111,3,3166.4,1055.46666666667,1584,0.804778996261752,6,"United Kingdom",2011-07-21 16:27:00,2011-11-09 12:25:00,"1","High_Value"
"16042",22.7916666666667,8,2245.32,280.665,1430,0.555243159873399,88,"United Kingdom",2010-09-12 12:00:00,2011-11-17 17:50:00,"1","High_Value"
"16043",38,8,1856.59,232.07375,1011,0.539255153818788,56,"United Kingdom",2010-08-15 11:26:00,2011-11-02 12:50:00,"1","High_Value"
"16044",435.776388888889,1,340.84,340.84,170,30,19,"United Kingdom",2010-09-30 18:12:00,2010-09-30 18:12:00,"2","Not_High_Value"
"16045",120.00625,8,3434.93,429.36625,2108,0.63158933535091,111,"United Kingdom",2010-07-29 12:50:00,2011-08-12 12:41:00,"1","High_Value"
"16046",562.980555555556,1,235.78,235.78,248,30,22,"United Kingdom",2010-05-26 13:18:00,2010-05-26 13:18:00,"2","Not_High_Value"
"16047",682.844444444444,1,107.14,107.14,1,30,1,"EIRE",2010-01-26 16:34:00,2010-01-26 16:34:00,"2","Not_High_Value"
"16048",373.890277777778,4,818.79,204.6975,425,0.677508900145853,30,"United Kingdom",2010-06-08 12:36:00,2010-12-01 15:28:00,"2","Not_High_Value"
"16049",40.9798611111111,6,1852.15,308.691666666667,1132,0.377377170428306,383,"United Kingdom",2010-07-11 13:53:00,2011-10-30 13:19:00,"1","High_Value"
"16050",174.045833333333,3,300.7,100.233333333333,388,0.393312474014367,19,"United Kingdom",2010-11-03 15:55:00,2011-06-19 11:44:00,"2","Not_High_Value"
"16051",682.133333333333,1,188.44,188.44,80,30,12,"United Kingdom",2010-01-27 09:38:00,2010-01-27 09:38:00,"2","Not_High_Value"
"16052",54.9006944444444,1,362.06,362.06,282,30,34,"United Kingdom",2011-10-16 15:13:00,2011-10-16 15:13:00,"2","Not_High_Value"
"16053",33.0618055555556,6,3634.84,605.806666666667,3067,0.310877100399391,169,"United Kingdom",2010-04-08 11:11:00,2011-11-07 11:21:00,"1","High_Value"
"16054",145.9875,4,2111.88,527.97,791,0.253822391894135,109,"United Kingdom",2010-04-01 18:37:00,2011-07-17 13:08:00,"1","High_Value"
"16055",221.141666666667,1,134.8,134.8,22,30,8,"United Kingdom",2011-05-03 09:26:00,2011-05-03 09:26:00,"2","Not_High_Value"
"16056",45.8965277777778,1,650.75,650.75,345,30,66,"United Kingdom",2011-10-25 15:19:00,2011-10-25 15:19:00,"2","Not_High_Value"
"16057",16.89375,10,3854.85,385.485,1691,0.437365601195466,175,"United Kingdom",2010-01-07 17:11:00,2011-11-23 15:23:00,"1","High_Value"
"16058",406.834722222222,1,62.7,62.7,18,30,2,"United Kingdom",2010-10-29 16:48:00,2010-10-29 16:48:00,"2","Not_High_Value"
"16059",66.1208333333333,12,3053.57,254.464166666667,1431,0.713055630443514,233,"United Kingdom",2010-05-19 13:04:00,2011-10-05 09:56:00,"1","High_Value"
"16060",401.027777777778,3,541.95,180.65,243,0.948727709291089,22,"United Kingdom",2010-08-02 15:26:00,2010-11-04 12:10:00,"2","Not_High_Value"
"16061",431.889583333333,1,89.65,89.65,19,30,3,"United Kingdom",2010-10-04 15:29:00,2010-10-04 15:29:00,"2","Not_High_Value"
"16062",10.0243055555556,8,2863.45,357.93125,2035,0.454591492457017,134,"United Kingdom",2010-06-21 13:32:00,2011-11-30 12:15:00,"1","High_Value"
"16063",260.9125,1,335.32,335.32,262,29.9791811242193,23,"United Kingdom",2011-03-24 14:55:00,2011-03-24 14:56:00,"2","Not_High_Value"
"16064",725.860416666667,1,109.31,109.31,55,30,17,"United Kingdom",2009-12-14 16:11:00,2009-12-14 16:11:00,"2","Not_High_Value"
"16065",365.990972222222,8,1992.13,249.01625,1207,2.42465061458158,214,"United Kingdom",2010-09-02 13:27:00,2010-12-09 13:03:00,"1","High_Value"
"16066",17.0388888888889,5,1521.04,304.208,935,1.37754223506228,77,"United Kingdom",2011-08-07 14:33:00,2011-11-23 11:54:00,"1","High_Value"
"16067",563.011805555556,3,3269.11,1089.70333333333,1236,0.791054250695835,60,"United Kingdom",2010-02-02 18:01:00,2010-05-26 12:33:00,"1","High_Value"
"16068",594.040277777778,1,115.73,115.73,48,30,34,"United Kingdom",2010-04-25 11:52:00,2010-04-25 11:52:00,"2","Not_High_Value"
"16069",418.095833333333,1,457.7,457.7,138,30,25,"United Kingdom",2010-10-18 10:32:00,2010-10-18 10:32:00,"2","Not_High_Value"
"16070",22.875,2,852.15,426.075,457,5.47043180954793,32,"United Kingdom",2011-11-07 16:36:00,2011-11-17 15:50:00,"1","High_Value"
"16071",45.0666666666667,4,1076.8,269.2,697,0.196126056390781,62,"United Kingdom",2010-02-22 14:48:00,2011-10-26 11:14:00,"1","High_Value"
"16072",288.929166666667,4,4180.09,1045.0225,1580,0.458179214890824,414,"United Kingdom",2010-06-08 16:47:00,2011-02-24 14:32:00,"1","High_Value"
"16073",297.88125,1,122.4,122.4,48,30,1,"United Kingdom",2011-02-15 15:41:00,2011-02-15 15:41:00,"2","Not_High_Value"
"16074",390.979861111111,1,252.5,252.5,38,30,23,"United Kingdom",2010-11-14 13:19:00,2010-11-14 13:19:00,"2","Not_High_Value"
"16075",503.054861111111,2,736.93,368.465,271,0.955181639286267,41,"United Kingdom",2010-05-24 15:57:00,2010-07-25 11:31:00,"2","Not_High_Value"
"16076",3.91041666666667,10,2234.73,223.473,1435,1.45558445759262,71,"United Kingdom",2011-05-15 12:31:00,2011-12-06 14:59:00,"1","High_Value"
"16077",626.088888888889,1,2300.4,2300.4,840,30,8,"United Kingdom",2010-03-24 10:42:00,2010-03-24 10:42:00,"2","Not_High_Value"
"16078",284.127083333333,2,362.99,181.495,200,0.155100546083173,39,"United Kingdom",2010-02-08 13:29:00,2011-03-01 09:47:00,"2","Not_High_Value"
"16079",17.0013888888889,3,1352,450.666666666667,864,3.60180090045023,18,"United Kingdom",2011-10-30 13:06:00,2011-11-23 12:48:00,"1","High_Value"
"16080",82.0888888888889,4,602.56,150.64,298,0.324456469695803,29,"United Kingdom",2010-09-15 14:19:00,2011-09-19 10:42:00,"2","Not_High_Value"
"16081",56.9888888888889,8,4278.96,534.87,2177,0.387713433103727,235,"United Kingdom",2010-02-03 12:46:00,2011-10-14 13:06:00,"1","High_Value"
"16082",670.898611111111,1,106.75,106.75,39,30,16,"United Kingdom",2010-02-07 15:16:00,2010-02-07 15:16:00,"2","Not_High_Value"
"16083",101.085416666667,4,2351.42,587.855,1514,0.415290775642042,61,"United Kingdom",2010-11-16 11:53:00,2011-08-31 10:47:00,"1","High_Value"
"16084",299.864583333333,1,436.18,436.18,216,30,38,"United Kingdom",2011-02-13 16:05:00,2011-02-13 16:05:00,"2","Not_High_Value"
"16085",23.9763888888889,12,2341.03,195.085833333333,1382,0.540562522875367,259,"United Kingdom",2010-01-20 14:03:00,2011-11-16 13:24:00,"1","High_Value"
"16086",59.9868055555556,10,2687.73,268.773,1450,0.441831185713307,66,"United Kingdom",2009-12-02 13:20:00,2011-10-11 13:09:00,"1","High_Value"
"16087",389.8375,5,1739.92,347.984,664,0.498047010103898,6,"United Kingdom",2010-01-19 12:30:00,2010-11-15 16:44:00,"1","High_Value"
"16088",576.106944444444,2,1437.43,718.715,373,3.53518821603928,3,"United Kingdom",2010-04-27 10:56:00,2010-05-13 10:16:00,"2","Not_High_Value"
"16089",386.957638888889,2,263.49,131.745,119,0.484196368527236,42,"United Kingdom",2010-07-18 15:51:00,2010-11-18 13:51:00,"2","Not_High_Value"
"16090",624.989583333333,1,180.56,180.56,58,30,18,"United Kingdom",2010-03-25 13:05:00,2010-03-25 13:05:00,"2","Not_High_Value"
"16091",155.170138888889,2,315.06,157.53,154,1.33401269164852,16,"United Kingdom",2011-05-25 09:18:00,2011-07-08 08:45:00,"2","Not_High_Value"
"16092",115.086111111111,6,1587.94,264.656666666667,1188,0.38645268638291,60,"United Kingdom",2010-05-09 16:10:00,2011-08-17 10:46:00,"1","High_Value"
"16093",107.070138888889,1,17,17,20,30,1,"United Kingdom",2011-08-25 11:09:00,2011-08-25 11:09:00,"2","Not_High_Value"
"16094",12.0034722222222,11,3695.56,335.96,2020,0.557481478874479,101,"United Kingdom",2010-04-16 14:00:00,2011-11-28 12:45:00,"1","High_Value"
"16095",456.830555555556,1,447.05,447.05,265,30,30,"United Kingdom",2010-09-09 16:54:00,2010-09-09 16:54:00,"2","Not_High_Value"
"16096",264.966666666667,4,1584.97,396.2425,700,0.31420809740451,58,"United Kingdom",2010-03-04 15:44:00,2011-03-20 13:38:00,"1","High_Value"
"16097",240.960416666667,1,185.05,185.05,87,30,10,"United Kingdom",2011-04-13 13:47:00,2011-04-13 13:47:00,"2","Not_High_Value"
"16098",88.11875,14,4010.7,286.478571428571,2008,0.658293595896114,83,"United Kingdom",2009-12-15 09:40:00,2011-09-13 09:59:00,"1","High_Value"
"16099",50.9840277777778,7,1573.2,224.742857142857,960,0.351709699930216,44,"United Kingdom",2010-03-03 11:13:00,2011-10-20 13:13:00,"1","High_Value"
"16100",463.049305555556,1,582.64,582.64,438,30,37,"United Kingdom",2010-09-03 11:39:00,2010-09-03 11:39:00,"2","Not_High_Value"
"16101",71.1055555555556,4,3229.16,807.29,1844,0.243954778012446,153,"United Kingdom",2010-05-27 12:50:00,2011-09-30 10:18:00,"1","High_Value"
"16102",42.9798611111111,3,1842.14,614.046666666667,942,1.03424335043772,41,"United Kingdom",2011-08-03 12:50:00,2011-10-28 13:19:00,"1","High_Value"
"16103",7.94027777777778,22,6191.71,281.441363636364,2639,0.950886854069283,111,"United Kingdom",2010-01-08 12:08:00,2011-12-02 14:16:00,"1","High_Value"
"16104",62.1020833333333,9,2774.46,308.273333333333,1047,0.401196158918256,187,"United Kingdom",2009-12-06 10:41:00,2011-10-09 10:23:00,"1","High_Value"
"16105",249.109027777778,5,2386.19,477.238,2125,0.420326687241917,92,"United Kingdom",2010-04-14 13:27:00,2011-04-05 10:13:00,"1","High_Value"
"16106",66.0923611111111,1,108.38,108.38,74,30,6,"United Kingdom",2011-10-05 10:37:00,2011-10-05 10:37:00,"2","Not_High_Value"
"16107",18.1319444444444,7,3204.16,457.737142857143,1176,1.26032558410923,16,"United Kingdom",2011-06-09 18:42:00,2011-11-22 09:40:00,"1","High_Value"
"16108",85.0430555555556,4,2235.92,558.98,1473,0.219018624187869,124,"United Kingdom",2010-03-18 14:14:00,2011-09-16 11:48:00,"1","High_Value"
"16109",219.147916666667,3,939.48,313.16,1092,0.1871318008548,30,"United Kingdom",2010-01-10 10:37:00,2011-05-05 09:17:00,"1","High_Value"
"16110",45.9270833333333,4,1781.59,445.3975,880,0.251012839713485,343,"United Kingdom",2010-07-05 13:04:00,2011-10-25 14:35:00,"1","High_Value"
"16111",428.707638888889,1,549.33,549.33,233,30,72,"United Kingdom",2010-10-07 19:51:00,2010-10-07 19:51:00,"2","Not_High_Value"
"16112",143.931944444444,4,195.74,48.935,574,0.611895850227159,15,"United Kingdom",2011-01-05 11:47:00,2011-07-19 14:28:00,"2","Not_High_Value"
"16113",183.856944444444,1,161.38,161.38,176,30,30,"United Kingdom",2011-06-09 16:16:00,2011-06-09 16:16:00,"2","Not_High_Value"
"16114",171.109027777778,1,135.75,135.75,43,30,8,"United Kingdom",2011-06-22 10:13:00,2011-06-22 10:13:00,"2","Not_High_Value"
"16115",10.0541666666667,12,2553.8,212.816666666667,1589,0.63606347383416,230,"United Kingdom",2010-05-14 11:59:00,2011-11-30 11:32:00,"1","High_Value"
"16116",212.034027777778,1,612.78,612.78,248,30,34,"United Kingdom",2011-05-12 12:01:00,2011-05-12 12:01:00,"2","Not_High_Value"
"16117",190.047222222222,3,654.4,218.133333333333,321,0.2233281407243,64,"United Kingdom",2010-04-27 11:50:00,2011-06-03 11:42:00,"1","High_Value"
"16118",653.131944444444,1,4376.25,4376.25,2851,30,41,"United Kingdom",2010-02-25 09:40:00,2010-02-25 09:40:00,"1","High_Value"
"16119",8.90208333333333,8,1720.81,215.10125,811,0.335132147376689,37,"United Kingdom",2009-12-16 11:56:00,2011-12-01 15:11:00,"1","High_Value"
"16120",59.9361111111111,6,2967.51,494.585,2161,0.494547952262385,84,"United Kingdom",2010-10-13 15:07:00,2011-10-11 14:22:00,"1","High_Value"
"16121",57.99375,5,1450.04,290.008,879,0.294644428287502,256,"United Kingdom",2010-05-23 10:52:00,2011-10-13 12:59:00,"1","High_Value"
"16122",73.8861111111111,6,895.62,149.27,1280,0.509906989188083,28,"United Kingdom",2010-10-10 15:26:00,2011-09-27 15:34:00,"1","High_Value"
"16123",52.1472222222222,1,307.78,307.78,170,30,16,"United Kingdom",2011-10-19 09:18:00,2011-10-19 09:18:00,"2","Not_High_Value"
"16124",317.920138888889,4,1772.49,443.1225,797,0.288340241484952,63,"United Kingdom",2009-12-07 10:33:00,2011-01-26 14:45:00,"1","High_Value"
"16125",367.876388888889,14,4292.35,306.596428571429,1819,1.16989380428265,168,"United Kingdom",2009-12-14 15:38:00,2010-12-07 15:48:00,"1","High_Value"
"16126",29.8659722222222,15,14644.6,976.306666666667,6140,0.634604141183752,144,"United Kingdom",2009-12-02 13:34:00,2011-11-10 16:03:00,"1","High_Value"
"16127",39.9527777777778,2,801.31,400.655,391,0.0872005886039731,75,"United Kingdom",2009-12-13 12:19:00,2011-10-31 13:58:00,"1","High_Value"
"16128",18.0666666666667,11,3801.05,345.55,2445,0.666962345821099,155,"United Kingdom",2010-07-16 16:30:00,2011-11-22 11:14:00,"1","High_Value"
"16129",407.93125,3,1396.05,465.35,1261,0.890372843628269,91,"United Kingdom",2010-07-20 12:32:00,2010-10-28 14:29:00,"1","High_Value"
"16130",422.9,4,987.48,246.87,296,0.612080080477196,53,"United Kingdom",2010-04-01 13:58:00,2010-10-13 15:14:00,"1","High_Value"
"16131",52.0395833333333,12,9957.42,829.785,4768,0.523962384675717,131,"United Kingdom",2009-12-02 10:09:00,2011-10-19 11:53:00,"1","High_Value"
"16132",544.959027777778,2,664.2,332.1,280,0.713083093988313,14,"United Kingdom",2010-03-22 10:25:00,2010-06-13 13:49:00,"2","Not_High_Value"
"16133",4.05972222222222,56,22992.26,410.576071428571,13653,2.72744798942032,303,"United Kingdom",2010-03-31 12:21:00,2011-12-06 11:24:00,"1","High_Value"
"16134",22.1145833333333,5,2145.34,429.068,1637,0.288454989670373,85,"United Kingdom",2010-06-17 09:48:00,2011-11-18 10:05:00,"1","High_Value"
"16135",263.013888888889,2,819.45,409.725,395,0.186265104396848,35,"United Kingdom",2010-05-05 09:35:00,2011-03-22 12:30:00,"1","High_Value"
"16136",60.1527777777778,4,946.8,236.7,674,0.198396979957083,44,"United Kingdom",2010-02-14 12:49:00,2011-10-11 09:10:00,"1","High_Value"
"16137",680.906944444444,1,422.7,422.7,210,30,28,"United Kingdom",2010-01-28 15:04:00,2010-01-28 15:04:00,"2","Not_High_Value"
"16138",379.025694444444,3,910.35,303.45,774,0.422339683636293,35,"United Kingdom",2010-04-28 09:51:00,2010-11-26 12:13:00,"1","High_Value"
"16139",19.1756944444444,5,1111.15,222.23,602,0.208686377223814,47,"United Kingdom",2009-12-03 13:51:00,2011-11-21 08:37:00,"1","High_Value"
"16140",66.0243055555556,3,1433.46,477.82,1272,0.238721513671227,50,"United Kingdom",2010-09-24 12:03:00,2011-10-05 12:15:00,"1","High_Value"
"16141",88.9854166666667,2,955.94,477.97,410,0.18184152426974,47,"United Kingdom",2010-10-18 14:12:00,2011-09-12 13:11:00,"1","High_Value"
"16142",250.106944444444,1,535.34,535.34,422,30,37,"United Kingdom",2011-04-04 10:16:00,2011-04-04 10:16:00,"2","Not_High_Value"
"16143",3.94236111111111,12,4555.08,379.59,1866,0.495058487378587,107,"United Kingdom",2009-12-10 09:44:00,2011-12-06 14:13:00,"1","High_Value"
"16144",247.111805555556,1,175.2,175.2,16,30,1,"United Kingdom",2011-04-07 10:09:00,2011-04-07 10:09:00,"2","Not_High_Value"
"16145",9.09513888888889,19,6805.44,358.181052631579,5270,0.988079961285756,217,"United Kingdom",2010-05-04 13:31:00,2011-12-01 10:33:00,"1","High_Value"
"16146",157.9375,4,946.38,236.595,544,0.41074985619001,34,"United Kingdom",2010-09-17 10:46:00,2011-07-05 14:20:00,"1","High_Value"
"16147",134.120138888889,5,2398.91,479.782,1395,0.277831014430491,113,"United Kingdom",2010-02-05 12:26:00,2011-07-29 09:57:00,"1","High_Value"
"16148",296.950694444444,2,386.62,193.31,250,0.425052516615913,9,"United Kingdom",2010-09-29 10:12:00,2011-02-16 14:01:00,"2","Not_High_Value"
"16149",5.05625,3,422.22,140.74,598,0.211358910588331,30,"United Kingdom",2010-10-06 15:54:00,2011-12-05 11:29:00,"1","High_Value"
"16150",43.0076388888889,10,4002.17,400.217,1990,0.440606813494808,143,"United Kingdom",2009-12-17 15:33:00,2011-10-28 12:39:00,"1","High_Value"
"16152",269.127083333333,1,1829.04,1829.04,642,30,29,"United Kingdom",2011-03-16 09:47:00,2011-03-16 09:47:00,"2","Not_High_Value"
"16153",50.0833333333333,11,5133.49,466.680909090909,3693,0.642119643429016,161,"United Kingdom",2010-05-26 12:41:00,2011-10-21 10:50:00,"1","High_Value"
"16155",382.032638888889,5,796.9,159.38,495,0.943231441048035,45,"United Kingdom",2010-06-18 11:23:00,2010-11-23 12:03:00,"1","High_Value"
"16156",9.00555555555556,20,6188.18,309.409,3205,0.822124277786659,199,"United Kingdom",2009-12-02 17:06:00,2011-12-01 12:42:00,"1","High_Value"
"16157",16.0479166666667,3,656.69,218.896666666667,347,1.55185420233976,12,"United Kingdom",2011-09-28 11:48:00,2011-11-24 11:41:00,"2","Not_High_Value"
"16158",522.954861111111,9,628.32,69.8133333333333,182,1.2678743213057,29,"United Kingdom",2009-12-05 15:00:00,2010-07-05 13:55:00,"2","Not_High_Value"
"16159",282.015972222222,4,1232.79,308.1975,635,0.263143468011622,31,"United Kingdom",2009-12-03 11:51:00,2011-03-03 12:27:00,"1","High_Value"
"16160",65.9381944444444,2,1025.44,512.72,1162,2.83781120672666,20,"United Kingdom",2011-09-15 10:53:00,2011-10-05 14:19:00,"1","High_Value"
"16161",2.02777777777778,43,12580.06,292.559534883721,6255,1.92812302786727,458,"United Kingdom",2010-02-08 11:06:00,2011-12-08 12:10:00,"1","High_Value"
"16162",252.907638888889,1,37.4,37.4,4,30,2,"United Kingdom",2011-04-01 15:03:00,2011-04-01 15:03:00,"2","Not_High_Value"
"16163",232.899305555556,6,2407.98,401.33,676,0.355577504784246,59,"United Kingdom",2009-12-02 10:00:00,2011-04-21 15:15:00,"1","High_Value"
"16164",17.9069444444444,3,822.48,274.16,433,3.42929720575783,27,"United Kingdom",2011-10-28 09:12:00,2011-11-22 15:04:00,"1","High_Value"
"16165",505.939583333333,1,79.9,79.9,2,30,1,"United Kingdom",2010-07-22 14:17:00,2010-07-22 14:17:00,"2","Not_High_Value"
"16166",428.879166666667,2,435.83,217.915,173,0.227220130020408,18,"United Kingdom",2010-01-17 14:16:00,2010-10-07 15:44:00,"2","Not_High_Value"
"16167",414.886805555556,5,1386.12,277.224,1494,0.461255597528866,51,"United Kingdom",2009-12-01 10:46:00,2010-10-21 15:33:00,"1","High_Value"
"16168",11.0034722222222,66,10360.67,156.979848484848,4975,2.7235031096957,131,"United Kingdom",2009-12-03 12:38:00,2011-11-29 12:45:00,"1","High_Value"
"16169",8.89027777777778,4,1822.97,455.7425,1325,1.76048087209006,71,"United Kingdom",2011-09-25 11:33:00,2011-12-01 15:28:00,"1","High_Value"
"16170",51.1868055555556,20,6869,343.45,6056,0.983975099963443,254,"United Kingdom",2010-02-18 13:50:00,2011-10-20 08:21:00,"1","High_Value"
"16171",59.9159722222222,1,73.2,73.2,24,30,3,"United Kingdom",2011-10-11 14:51:00,2011-10-11 14:51:00,"2","Not_High_Value"
"16172",95.9777777777778,8,1884.55,235.56875,1419,0.572917702759156,81,"United Kingdom",2010-07-14 15:34:00,2011-09-05 13:22:00,"1","High_Value"
"16173",16.08125,6,1418.32,236.386666666667,575,2.14765100671141,70,"United Kingdom",2011-09-02 15:23:00,2011-11-24 10:53:00,"1","High_Value"
"16174",126.975,7,2246.75,320.964285714286,1431,0.439398210440357,28,"United Kingdom",2010-04-15 15:12:00,2011-08-05 13:26:00,"1","High_Value"
"16175",94.9291666666667,7,1836.44,262.348571428571,932,0.446708845987376,59,"United Kingdom",2010-05-25 12:01:00,2011-09-06 14:32:00,"1","High_Value"
"16176",421.955555555556,4,2052.69,513.1725,952,0.600120857672726,53,"United Kingdom",2010-03-29 14:52:00,2010-10-14 13:54:00,"1","High_Value"
"16177",50.9951388888889,8,2247.31,280.91375,1021,0.401368555282247,79,"United Kingdom",2010-03-02 14:03:00,2011-10-20 12:57:00,"1","High_Value"
"16178",138.864583333333,2,612.6,306.3,304,0.227225508167232,24,"United Kingdom",2010-11-03 14:46:00,2011-07-24 16:05:00,"2","Not_High_Value"
"16179",61.13125,1,215.83,215.83,99,30,11,"United Kingdom",2011-10-10 09:41:00,2011-10-10 09:41:00,"2","Not_High_Value"
"16180",100.848611111111,13,16249.87,1249.99,9813,0.896281294437023,171,"United Kingdom",2010-06-23 13:19:00,2011-08-31 16:28:00,"1","High_Value"
"16181",73.9666666666667,1,305.54,305.54,152,30,11,"United Kingdom",2011-09-27 13:38:00,2011-09-27 13:38:00,"2","Not_High_Value"
"16182",72.9770833333333,9,9971.65,1107.96111111111,5887,0.474384112036643,20,"United Kingdom",2010-03-09 09:34:00,2011-09-28 13:23:00,"1","High_Value"
"16183",67.9104166666667,4,1077.81,269.4525,351,0.351894692255058,32,"United Kingdom",2010-10-28 14:43:00,2011-10-03 14:59:00,"1","High_Value"
"16184",64.7965277777778,6,1158.79,193.131666666667,561,1.21479120776117,26,"United Kingdom",2011-05-12 13:33:00,2011-10-06 17:43:00,"1","High_Value"
"16185",17.13125,3,644.72,214.906666666667,321,0.163951639326634,39,"United Kingdom",2010-05-24 11:04:00,2011-11-23 09:41:00,"1","High_Value"
"16186",23.0048611111111,26,8718.43,335.324230769231,6594,1.10032749241517,172,"United Kingdom",2009-12-09 15:36:00,2011-11-17 12:43:00,"1","High_Value"
"16187",32.125,15,6911.44,460.762666666667,5048,1.77273921036505,160,"United Kingdom",2011-02-28 13:34:00,2011-11-08 09:50:00,"1","High_Value"
"16188",45.0215277777778,5,1087.66,217.532,838,0.410936230687424,72,"United Kingdom",2010-10-27 11:50:00,2011-10-26 12:19:00,"1","High_Value"
"16189",16.04375,2,215.48,107.74,134,0.846842961598024,9,"United Kingdom",2011-09-15 15:21:00,2011-11-24 11:47:00,"2","Not_High_Value"
"16190",40.86875,8,2723.55,340.44375,1231,0.349769249453486,89,"United Kingdom",2009-12-14 11:59:00,2011-10-30 15:59:00,"1","High_Value"
"16191",3.05833333333333,24,15677.82,653.2425,9348,0.990426261580288,113,"United Kingdom",2009-12-11 12:24:00,2011-12-07 11:26:00,"1","High_Value"
"16192",736.015277777778,1,351.3,351.3,208,30,11,"United Kingdom",2009-12-04 12:28:00,2009-12-04 12:28:00,"2","Not_High_Value"
"16193",237.045138888889,2,630.43,315.215,379,0.342748333862266,38,"United Kingdom",2010-10-25 10:25:00,2011-04-17 11:45:00,"2","Not_High_Value"
"16194",375.973611111111,1,308.6,308.6,140,30,8,"United Kingdom",2010-11-29 13:28:00,2010-11-29 13:28:00,"2","Not_High_Value"
"16195",723.945138888889,1,323.25,323.25,123,30,16,"United Kingdom",2009-12-16 14:09:00,2009-12-16 14:09:00,"2","Not_High_Value"
"16196",489.048611111111,1,93.3,93.3,26,30,4,"United Kingdom",2010-08-08 11:40:00,2010-08-08 11:40:00,"2","Not_High_Value"
"16197",469.995833333333,9,2016.71,224.078888888889,1420,1.05861595765536,52,"United Kingdom",2009-12-16 11:44:00,2010-08-27 12:56:00,"1","High_Value"
"16198",75.9111111111111,2,1030.041,515.0205,384,0.165270601917828,31,"United Kingdom",2010-09-28 13:59:00,2011-09-25 14:58:00,"1","High_Value"
"16199",392.996527777778,7,942.75,134.678571428571,321,0.875892112336639,2,"United Kingdom",2010-03-18 18:47:00,2010-11-12 12:55:00,"2","Not_High_Value"
"16200",4.92361111111111,12,5608.1,467.341666666667,3068,0.490474352278662,361,"United Kingdom",2009-12-02 15:04:00,2011-12-05 14:40:00,"1","High_Value"
"16201",3.86666666666667,5,2112.12,422.424,1421,0.363048396368171,86,"United Kingdom",2010-10-20 12:00:00,2011-12-06 16:02:00,"1","High_Value"
"16202",361.088194444444,9,2501.99,277.998888888889,1307,0.714292275612467,105,"United Kingdom",2009-12-02 10:48:00,2010-12-14 10:43:00,"1","High_Value"
"16203",59.0131944444444,6,943.84,157.306666666667,537,0.402708337864838,56,"United Kingdom",2010-07-23 13:09:00,2011-10-12 12:31:00,"1","High_Value"
"16204",23.9652777777778,3,918.71,306.236666666667,671,0.126969695782176,86,"United Kingdom",2009-12-08 17:44:00,2011-11-16 13:40:00,"1","High_Value"
"16205",31.1375,7,1820.11,260.015714285714,1452,0.409437646058486,147,"United Kingdom",2010-06-15 11:58:00,2011-11-09 09:32:00,"1","High_Value"
"16206",55.0895833333333,13,2589.87,199.220769230769,1379,0.618259801223309,187,"United Kingdom",2010-01-24 15:25:00,2011-10-16 10:41:00,"1","High_Value"
"16207",25.9576388888889,1,394.38,394.38,140,30,19,"United Kingdom",2011-11-14 13:51:00,2011-11-14 13:51:00,"2","Not_High_Value"
"16208",45.0513888888889,10,3440.45,344.045,1541,0.491897357418085,180,"United Kingdom",2010-02-24 14:24:00,2011-10-26 11:36:00,"1","High_Value"
"16209",89.0361111111111,9,4146.78,460.753333333333,1895,0.588235294117647,51,"United Kingdom",2010-06-11 11:58:00,2011-09-12 11:58:00,"1","High_Value"
"16210",2.00972222222222,35,33750.97,964.313428571429,12397,1.42471887243678,145,"United Kingdom",2009-12-02 12:54:00,2011-12-08 12:36:00,"1","High_Value"
"16211",89.0270833333333,3,1090.59,363.53,519,0.256508202918572,35,"United Kingdom",2010-09-27 15:24:00,2011-09-12 12:11:00,"1","High_Value"
"16212",19.9930555555556,4,1293.71,323.4275,571,0.184077704653288,71,"United Kingdom",2010-02-07 15:26:00,2011-11-20 13:00:00,"1","High_Value"
"16213",79.1159722222222,1,159,159,48,30,6,"United Kingdom",2011-09-22 10:03:00,2011-09-22 10:03:00,"2","Not_High_Value"
"16214",171.055555555556,4,2038.25,509.5625,1308,0.451301016210795,84,"United Kingdom",2010-09-30 13:57:00,2011-06-22 11:30:00,"1","High_Value"
"16215",81.1055555555556,1,242.35,242.35,104,30,14,"United Kingdom",2011-09-20 10:18:00,2011-09-20 10:18:00,"2","Not_High_Value"
"16216",267.886111111111,1,914.93,914.93,254,30,37,"United Kingdom",2011-03-17 15:34:00,2011-03-17 15:34:00,"2","Not_High_Value"
"16217",235.971527777778,2,304.25,152.125,91,1.25211947306639,13,"United Kingdom",2011-03-02 15:28:00,2011-04-18 13:31:00,"2","Not_High_Value"
"16218",30.11875,13,3968.67,305.282307692308,2799,0.732060222902952,82,"United Kingdom",2010-05-27 16:09:00,2011-11-10 09:59:00,"1","High_Value"
"16219",501.045833333333,1,40.8,40.8,48,30,1,"United Kingdom",2010-07-27 11:44:00,2010-07-27 11:44:00,"2","Not_High_Value"
"16221",37.0465277777778,9,2019.92,224.435555555556,1449,0.598770118783794,177,"United Kingdom",2010-08-10 13:32:00,2011-11-03 11:43:00,"1","High_Value"
"16222",318.966666666667,2,1272.05,636.025,463,0.148528382845659,133,"United Kingdom",2009-12-18 14:31:00,2011-01-25 13:38:00,"1","High_Value"
"16223",375.041666666667,2,1087.05,543.525,643,2.72873701165398,101,"United Kingdom",2010-11-09 12:07:00,2010-11-30 11:50:00,"1","High_Value"
"16224",57.7909722222222,5,1616.54,323.308,1555,0.452908996743668,107,"United Kingdom",2010-11-17 13:14:00,2011-10-13 17:51:00,"1","High_Value"
"16225",45.1805555555556,15,2859.31,190.620666666667,1281,0.717902925786785,189,"United Kingdom",2010-02-07 12:41:00,2011-10-26 08:30:00,"1","High_Value"
"16226",203.922916666667,5,672.17,134.434,521,0.7104281645299,23,"United Kingdom",2010-10-22 11:19:00,2011-05-20 14:41:00,"2","Not_High_Value"
"16227",225.970138888889,3,1027.22,342.406666666667,436,0.28938583661758,28,"United Kingdom",2010-06-22 13:28:00,2011-04-28 13:33:00,"1","High_Value"
"16228",385.9375,3,885.71,295.236666666667,555,5.69269963981376,45,"United Kingdom",2010-11-04 18:54:00,2010-11-19 14:20:00,"2","Not_High_Value"
"16229",87.8152777777778,6,2867.86,477.976666666667,1292,0.376428489479027,144,"United Kingdom",2010-05-24 12:59:00,2011-09-13 17:16:00,"1","High_Value"
"16230",190.113888888889,2,542.03,271.015,365,1.88753440817932,32,"United Kingdom",2011-05-03 15:12:00,2011-06-03 10:06:00,"2","Not_High_Value"
"16231",379.909722222222,4,1074.47,268.6175,563,0.547643043221967,69,"United Kingdom",2010-04-21 12:06:00,2010-11-25 15:00:00,"1","High_Value"
"16232",44.0236111111111,7,2712.97,387.567142857143,1849,0.413446867155584,60,"United Kingdom",2010-06-07 14:04:00,2011-10-27 12:16:00,"1","High_Value"
"16233",71.8076388888889,9,1818.31,202.034444444444,677,0.404694792677189,49,"United Kingdom",2009-12-02 13:23:00,2011-09-29 17:27:00,"1","High_Value"
"16234",476.928472222222,3,333.18,111.06,170,1.04453793703757,13,"United Kingdom",2010-05-27 10:39:00,2010-08-20 14:33:00,"2","Not_High_Value"
"16235",41.0791666666667,9,2053.71,228.19,788,0.626524817666453,80,"United Kingdom",2010-08-26 12:10:00,2011-10-30 10:56:00,"1","High_Value"
"16236",78.9444444444444,1,432.2,432.2,184,30,20,"United Kingdom",2011-09-22 14:10:00,2011-09-22 14:10:00,"2","Not_High_Value"
"16237",437.825,1,136.65,136.65,57,30,7,"United Kingdom",2010-09-28 17:02:00,2010-09-28 17:02:00,"2","Not_High_Value"
"16238",423.009722222222,1,63.66,63.66,85,30,6,"United Kingdom",2010-10-13 12:36:00,2010-10-13 12:36:00,"2","Not_High_Value"
"16239",57.18125,6,1492.2,248.7,692,0.441663599558336,24,"United Kingdom",2010-09-02 19:17:00,2011-10-14 08:29:00,"1","High_Value"
"16240",24.9305555555556,2,3718.8,1859.4,1641,1.11045420661646,126,"United Kingdom",2011-09-23 13:44:00,2011-11-15 14:30:00,"1","High_Value"
"16241",10.0708333333333,16,3992.86,249.55375,2258,1.19434345668431,500,"United Kingdom",2010-10-25 13:40:00,2011-11-30 11:08:00,"1","High_Value"
"16242",8.90138888888889,14,7404.65,528.903571428571,3921,0.669893556926553,348,"United Kingdom",2010-03-15 16:02:00,2011-12-01 15:12:00,"1","High_Value"
"16243",34.0125,2,409.1,204.55,110,2.72529413620162,49,"United Kingdom",2011-10-16 12:09:00,2011-11-06 12:32:00,"2","Not_High_Value"
"16244",212.105555555556,2,1522.75,761.375,855,0.370502193424444,88,"United Kingdom",2010-12-02 11:41:00,2011-05-12 10:18:00,"1","High_Value"
"16245",24.1083333333333,3,1413.66,471.22,1014,0.384565168365954,80,"United Kingdom",2011-03-28 09:30:00,2011-11-16 10:14:00,"1","High_Value"
"16246",460.031944444444,2,821.35,410.675,336,0.284386396850684,79,"United Kingdom",2010-02-08 12:32:00,2010-09-06 12:04:00,"1","High_Value"
"16247",170.935416666667,1,114.56,114.56,182,30,16,"United Kingdom",2011-06-22 14:23:00,2011-06-22 14:23:00,"2","Not_High_Value"
"16248",62.0541666666667,1,152.94,152.94,78,30,7,"United Kingdom",2011-10-09 11:32:00,2011-10-09 11:32:00,"2","Not_High_Value"
"16249",53.1131944444444,5,1800.07,360.014,950,0.79853011308813,67,"United Kingdom",2011-04-14 13:50:00,2011-10-18 10:07:00,"1","High_Value"
"16250",261.904861111111,3,565.24,188.413333333333,268,0.713247919693567,29,"United Kingdom",2010-11-18 10:43:00,2011-03-23 15:07:00,"2","Not_High_Value"
"16251",512.913194444444,1,128.31,128.31,44,30,20,"United Kingdom",2010-07-15 14:55:00,2010-07-15 14:55:00,"2","Not_High_Value"
"16252",383.036805555556,1,295.09,295.09,158,30,21,"United Kingdom",2010-11-22 11:57:00,2010-11-22 11:57:00,"2","Not_High_Value"
"16253",67.1534722222222,7,7272.2,1038.88571428571,6030,0.315478146565889,218,"United Kingdom",2009-12-08 17:24:00,2011-10-04 09:09:00,"1","High_Value"
"16254",378.977777777778,3,967.44,322.48,543,0.353076753328484,65,"United Kingdom",2010-03-17 15:43:00,2010-11-26 13:22:00,"1","High_Value"
"16255",17.0069444444444,15,4530,302,2876,0.672632473823905,231,"United Kingdom",2010-01-24 12:21:00,2011-11-23 12:40:00,"1","High_Value"
"16256",267.022222222222,3,1629.37,543.123333333333,1590,0.271025379351881,27,"United Kingdom",2010-04-21 10:34:00,2011-03-18 12:18:00,"1","High_Value"
"16257",177.110416666667,1,46.95,46.95,2,30,2,"United Kingdom",2011-06-16 10:11:00,2011-06-16 10:11:00,"2","Not_High_Value"
"16258",45.9722222222222,15,11942.52,796.168,7200,0.756345776077297,253,"United Kingdom",2010-03-10 14:19:00,2011-10-25 13:30:00,"1","High_Value"
"16259",410.932638888889,3,340.94,113.646666666667,143,0.459427842178028,75,"United Kingdom",2010-04-13 16:57:00,2010-10-25 14:27:00,"2","Not_High_Value"
"16260",51.1319444444444,1,1035.45,1035.45,311,30,18,"United Kingdom",2011-10-20 09:40:00,2011-10-20 09:40:00,"2","Not_High_Value"
"16261",17.8104166666667,6,1041.16,173.526666666667,454,0.422505595102065,118,"United Kingdom",2010-09-23 16:40:00,2011-11-22 17:23:00,"1","High_Value"
"16262",378.977777777778,1,755.15,755.15,446,30,46,"United Kingdom",2010-11-26 13:22:00,2010-11-26 13:22:00,"2","Not_High_Value"
"16263",423.915277777778,1,348.16,348.16,197,30,19,"United Kingdom",2010-10-12 14:52:00,2010-10-12 14:52:00,"2","Not_High_Value"
"16264",438.909722222222,2,823.53,411.765,616,6.70495110973149,62,"United Kingdom",2010-09-19 16:14:00,2010-09-27 15:00:00,"2","Not_High_Value"
"16265",9.83958333333333,12,6935.17,577.930833333333,3214,0.902125319546223,192,"United Kingdom",2010-10-28 15:18:00,2011-11-30 16:41:00,"1","High_Value"
"16266",74.0291666666667,14,1757.95,125.567857142857,791,0.699039629582969,73,"United Kingdom",2010-02-04 16:21:00,2011-09-27 12:08:00,"1","High_Value"
"16267",591.944444444444,1,186.66,186.66,198,30,7,"United Kingdom",2010-04-27 14:10:00,2010-04-27 14:10:00,"2","Not_High_Value"
"16268",71.7638888888889,2,667.65,333.825,533,60,45,"United Kingdom",2011-09-29 18:30:00,2011-09-29 18:30:00,"2","Not_High_Value"
"16269",438.041666666667,1,717.57,717.57,579,30,53,"United Kingdom",2010-09-28 11:50:00,2010-09-28 11:50:00,"2","Not_High_Value"
"16270",353.933333333333,1,1141.24,1141.24,688,30,54,"United Kingdom",2010-12-21 14:26:00,2010-12-21 14:26:00,"2","Not_High_Value"
"16271",3.00347222222222,10,3397.82,339.782,2359,0.467997426014157,176,"United Kingdom",2010-03-07 12:03:00,2011-12-07 12:45:00,"1","High_Value"
"16272",117.080555555556,1,411.7,411.7,224,29.9791811242193,25,"United Kingdom",2011-08-15 10:53:00,2011-08-15 10:54:00,"2","Not_High_Value"
"16273",648.976388888889,2,318.34,159.17,40,6.74894547726918,15,"United Kingdom",2010-02-21 16:02:00,2010-03-01 13:24:00,"2","Not_High_Value"
"16274",373.885416666667,1,351.75,351.75,153,30,64,"United Kingdom",2010-12-01 15:35:00,2010-12-01 15:35:00,"2","Not_High_Value"
"16275",197.00625,3,2151.11,717.036666666667,1268,0.201831433376939,105,"United Kingdom",2010-03-08 14:41:00,2011-05-27 12:41:00,"1","High_Value"
"16276",177.136111111111,3,2629.39,876.463333333333,1467,0.208382910028749,20,"United Kingdom",2010-04-11 12:02:00,2011-06-16 09:34:00,"1","High_Value"
"16277",734.057638888889,1,188.69,188.69,33,30,23,"United Kingdom",2009-12-06 11:27:00,2009-12-06 11:27:00,"2","Not_High_Value"
"16278",100.818055555556,3,1117.84,372.613333333333,342,0.224964068239101,50,"United Kingdom",2010-07-28 15:40:00,2011-08-31 17:12:00,"1","High_Value"
"16279",21.9097222222222,9,5698.28,633.142222222222,3683,0.468721179614969,243,"United Kingdom",2010-04-22 14:09:00,2011-11-18 15:00:00,"1","High_Value"
"16280",725.875694444444,1,238.05,238.05,101,30,16,"United Kingdom",2009-12-14 15:49:00,2009-12-14 15:49:00,"2","Not_High_Value"
"16281",72.9118055555556,3,3424.02,1141.34,1570,0.147286786465981,27,"United Kingdom",2010-01-26 13:41:00,2011-09-28 14:57:00,"1","High_Value"
"16282",340.047222222222,3,1307.58,435.86,790,0.236846433597105,31,"United Kingdom",2009-12-21 11:52:00,2011-01-04 11:42:00,"1","High_Value"
"16283",6.02916666666667,8,4350.32,543.79,2867,0.372142706390603,385,"United Kingdom",2010-02-28 14:12:00,2011-12-04 12:08:00,"1","High_Value"
"16284",31.8597222222222,3,1018.48,339.493333333333,674,0.247855647035199,108,"United Kingdom",2010-11-11 13:27:00,2011-11-08 16:12:00,"1","High_Value"
"16285",646.865972222222,1,176.9,176.9,60,30,31,"United Kingdom",2010-03-03 16:03:00,2010-03-03 16:03:00,"2","Not_High_Value"
"16286",477.918055555556,2,328.95,164.475,101,0.407604849742888,17,"United Kingdom",2010-03-26 09:58:00,2010-08-19 14:48:00,"2","Not_High_Value"
"16287",170.154166666667,5,1006.98,201.396,1426,0.287922452886023,18,"United Kingdom",2010-01-19 09:46:00,2011-06-23 09:08:00,"1","High_Value"
"16288",470.920138888889,1,129.85,129.85,19,30,7,"United Kingdom",2010-08-26 14:45:00,2010-08-26 14:45:00,"2","Not_High_Value"
"16289",462.95,1,136.31,136.31,97,30,21,"United Kingdom",2010-09-03 14:02:00,2010-09-03 14:02:00,"2","Not_High_Value"
"16290",465.040277777778,4,1957.7,489.425,957,1.17642253175932,85,"United Kingdom",2010-05-23 11:46:00,2010-09-01 11:52:00,"1","High_Value"
"16291",682.85,1,117.72,117.72,1,30,1,"Portugal",2010-01-26 16:26:00,2010-01-26 16:26:00,"2","Not_High_Value"
"16292",122.018055555556,5,1253.76,250.752,688,0.309946261631953,51,"United Kingdom",2010-04-14 13:29:00,2011-08-10 12:24:00,"1","High_Value"
"16293",22.1194444444444,15,4279.2,285.28,1833,0.635593220338983,168,"United Kingdom",2009-12-11 09:58:00,2011-11-18 09:58:00,"1","High_Value"
"16294",477.034027777778,1,126.05,126.05,54,30,8,"United Kingdom",2010-08-20 12:01:00,2010-08-20 12:01:00,"2","Not_High_Value"
"16295",10.1895833333333,4,1328.55,332.1375,841,2.14679719723699,70,"United Kingdom",2011-10-06 10:45:00,2011-11-30 08:17:00,"1","High_Value"
"16296",626.985416666667,4,1313.67,328.4175,645,1.24938542962085,56,"United Kingdom",2009-12-18 12:03:00,2010-03-23 13:11:00,"1","High_Value"
"16297",269.18125,1,301.9,301.9,206,30,20,"United Kingdom",2011-03-16 08:29:00,2011-03-16 08:29:00,"2","Not_High_Value"
"16298",23.0354166666667,7,1085.7,155.1,308,0.498980258598499,32,"United Kingdom",2010-09-23 15:23:00,2011-11-17 11:59:00,"1","High_Value"
"16299",477.794444444444,1,193.65,193.65,107,30,12,"United Kingdom",2010-08-19 17:46:00,2010-08-19 17:46:00,"2","Not_High_Value"
"16300",430.983333333333,3,1367.32,455.773333333333,643,0.365756602527559,190,"United Kingdom",2010-02-02 11:40:00,2010-10-05 13:14:00,"1","High_Value"
"16301",737.104166666667,1,107.33,107.33,41,30,6,"United Kingdom",2009-12-03 10:20:00,2009-12-03 10:20:00,"2","Not_High_Value"
"16302",127.129166666667,1,233.22,233.22,158,30,11,"United Kingdom",2011-08-05 09:44:00,2011-08-05 09:44:00,"2","Not_High_Value"
"16303",26.0840277777778,7,7928.27,1132.61,3859,0.346044122914323,156,"United Kingdom",2010-03-18 14:12:00,2011-11-14 10:49:00,"1","High_Value"
"16304",695.180555555556,1,381.66,381.66,228,30,25,"United Kingdom",2010-01-14 08:30:00,2010-01-14 08:30:00,"2","Not_High_Value"
"16305",139.022222222222,1,361.22,361.22,256,30,22,"United Kingdom",2011-07-24 12:18:00,2011-07-24 12:18:00,"2","Not_High_Value"
"16306",214.026388888889,7,1124.72,160.674285714286,712,0.945484560837429,55,"United Kingdom",2010-10-01 09:36:00,2011-05-10 12:12:00,"1","High_Value"
"16307",429.929861111111,3,1194.92,398.306666666667,1123,0.604052183396955,69,"United Kingdom",2010-05-11 14:40:00,2010-10-06 14:31:00,"1","High_Value"
"16308",38.0597222222222,7,5120,731.428571428571,16000,0.305313916014442,1,"United Kingdom",2009-12-15 15:48:00,2011-11-02 11:24:00,"1","High_Value"
"16309",106.885416666667,2,706.57,353.285,467,0.443921512210411,39,"United Kingdom",2011-04-13 11:46:00,2011-08-25 15:35:00,"1","High_Value"
"16310",414.91875,2,460.08,230.04,270,0.262051646011902,26,"United Kingdom",2010-03-07 15:41:00,2010-10-21 14:47:00,"2","Not_High_Value"
"16311",18.1638888888889,2,616.26,308.13,394,1.82814582848437,35,"United Kingdom",2011-10-21 13:13:00,2011-11-22 08:54:00,"1","High_Value"
"16312",432.940972222222,1,171.15,171.15,53,30,10,"United Kingdom",2010-10-03 14:15:00,2010-10-03 14:15:00,"2","Not_High_Value"
"16313",3.99166666666667,2,274.15,137.075,165,1.27212226508437,16,"United Kingdom",2011-10-21 09:04:00,2011-12-06 13:02:00,"2","Not_High_Value"
"16314",390.030555555556,3,1491.4,497.133333333333,636,1.07130457784317,58,"United Kingdom",2010-08-24 11:52:00,2010-11-15 12:06:00,"1","High_Value"
"16315",331.036805555556,2,402.71,201.355,143,0.289967915587118,21,"United Kingdom",2010-06-21 13:53:00,2011-01-13 11:57:00,"2","Not_High_Value"
"16316",64.9597222222222,13,5744.91,441.916153846154,3057,0.907049987886619,193,"United Kingdom",2010-08-03 14:38:00,2011-10-06 13:48:00,"1","High_Value"
"16317",120.002777777778,5,2192.51,438.502,1236,0.321816954687875,103,"United Kingdom",2010-05-04 10:17:00,2011-08-12 12:46:00,"1","High_Value"
"16318",35.9895833333333,1,328.15,328.15,199,30,19,"United Kingdom",2011-11-04 13:05:00,2011-11-04 13:05:00,"2","Not_High_Value"
"16319",218.057638888889,1,404.4,404.4,72,30,3,"United Kingdom",2011-05-06 11:27:00,2011-05-06 11:27:00,"2","Not_High_Value"
"16320",172.892361111111,6,5628.99,938.165,3319,0.352885437485364,193,"Unspecified",2010-01-27 13:29:00,2011-06-20 15:25:00,"1","High_Value"
"16321",72.9131944444444,7,604.55,86.3642857142857,259,0.31475770214387,15,"Australia",2009-12-01 10:36:00,2011-09-28 14:55:00,"2","Not_High_Value"
"16322",1.88125,2,326.75,163.375,231,1.66448331663713,28,"United Kingdom",2011-11-03 14:33:00,2011-12-08 15:41:00,"2","Not_High_Value"
"16323",196.918055555556,2,353.66,176.83,146,0.156982448490134,4,"United Kingdom",2010-05-11 09:48:00,2011-05-27 14:48:00,"2","Not_High_Value"
"16324",128.994444444444,3,408.59,136.196666666667,270,1.80220269217933,100,"United Kingdom",2011-06-15 14:26:00,2011-08-03 12:58:00,"2","Not_High_Value"
"16325",47.1680555555556,12,3597.5,299.791666666667,2464,0.521882522069771,104,"United Kingdom",2009-12-04 13:21:00,2011-10-24 08:48:00,"1","High_Value"
"16326",6.11041666666667,24,4721.25,196.71875,1083,1.06529887551785,243,"United Kingdom",2010-01-28 13:23:00,2011-12-04 10:11:00,"1","High_Value"
"16327",14.9770833333333,16,10159.64,634.9775,8124,0.674146125464134,289,"United Kingdom",2009-12-14 13:06:00,2011-11-25 13:23:00,"1","High_Value"
"16328",563.95,1,310.83,310.83,141,30,16,"United Kingdom",2010-05-25 14:02:00,2010-05-25 14:02:00,"2","Not_High_Value"
"16329",428.004166666667,4,1664.92,416.23,797,0.384555469010793,83,"United Kingdom",2009-12-01 11:34:00,2010-10-08 12:44:00,"1","High_Value"
"16330",18.0180555555556,7,625.38,89.34,326,0.325081592899805,105,"United Kingdom",2010-02-15 12:36:00,2011-11-22 12:24:00,"1","High_Value"
"16331",432.960416666667,6,2037.7,339.616666666667,756,0.852597923766167,33,"United Kingdom",2010-03-07 10:55:00,2010-10-03 13:47:00,"1","High_Value"
"16332",28.9361111111111,11,2000.01,181.819090909091,1128,0.587158865271011,158,"United Kingdom",2010-04-29 13:41:00,2011-11-11 14:22:00,"1","High_Value"
"16333",8.02152777777778,22,26626.8,1210.30909090909,32184,2.17777360228593,9,"United Kingdom",2011-02-03 10:50:00,2011-12-02 12:19:00,"1","High_Value"
"16334",492.841666666667,1,263.73,263.73,206,30,54,"United Kingdom",2010-08-04 16:38:00,2010-08-04 16:38:00,"2","Not_High_Value"
"16335",552.052083333333,7,2753.52,393.36,1004,1.13480713157233,193,"United Kingdom",2009-12-04 10:18:00,2010-06-06 11:35:00,"1","High_Value"
"16336",421.0125,4,3517.69,879.4225,1473,0.565543107934295,64,"United Kingdom",2010-03-18 08:05:00,2010-10-15 12:32:00,"1","High_Value"
"16337",37.1159722222222,1,151.05,151.05,87,30,10,"United Kingdom",2011-11-03 10:03:00,2011-11-03 10:03:00,"2","Not_High_Value"
"16338",157.954166666667,1,214.8,214.8,94,30,11,"United Kingdom",2011-07-05 13:56:00,2011-07-05 13:56:00,"2","Not_High_Value"
"16339",284.964583333333,1,94.05,94.05,21,30,17,"United Kingdom",2011-02-28 13:41:00,2011-02-28 13:41:00,"2","Not_High_Value"
"16340",107.914583333333,3,1496.24,498.746666666667,1319,0.20221973608452,277,"United Kingdom",2010-06-06 13:26:00,2011-08-24 14:53:00,"1","High_Value"
"16341",25.1513888888889,7,3850.79,550.112857142857,3022,0.358394902828049,103,"United Kingdom",2010-04-09 10:30:00,2011-11-15 09:12:00,"1","High_Value"
"16342",75.9263888888889,4,322.41,80.6025,157,1.14085009176977,10,"United Kingdom",2011-06-13 10:10:00,2011-09-25 14:36:00,"2","Not_High_Value"
"16343",16.7951388888889,3,614.12,204.706666666667,345,0.229506454869043,54,"United Kingdom",2010-10-28 14:15:00,2011-11-23 17:45:00,"1","High_Value"
"16344",158.875,4,842.42,210.605,706,0.234765384061495,43,"United Kingdom",2010-02-09 12:16:00,2011-07-04 15:50:00,"1","High_Value"
"16345",44.8659722222222,2,1178.79,589.395,611,0.136378703455243,95,"United Kingdom",2010-08-13 17:13:00,2011-10-26 16:03:00,"1","High_Value"
"16346",385.871527777778,1,224.51,224.51,289,30,15,"United Kingdom",2010-11-19 15:55:00,2010-11-19 15:55:00,"2","Not_High_Value"
"16347",11.9833333333333,11,3442.96,312.996363636364,1715,0.526296553488542,209,"United Kingdom",2010-03-12 12:41:00,2011-11-28 13:14:00,"1","High_Value"
"16348",32.8791666666667,8,1744.42,218.0525,1164,0.60139176253378,180,"United Kingdom",2010-10-05 13:57:00,2011-11-07 15:44:00,"1","High_Value"
"16349",291.006944444444,1,53.5,53.5,9,30,9,"United Kingdom",2011-02-22 12:40:00,2011-02-22 12:40:00,"2","Not_High_Value"
"16350",21.8729166666667,9,2253.89,250.432222222222,1077,0.661809763736638,72,"United Kingdom",2010-10-07 16:33:00,2011-11-18 15:53:00,"1","High_Value"
"16351",333.1,13,3330.03,256.156153846154,2165,0.965921013253895,124,"United Kingdom",2009-12-04 16:12:00,2011-01-11 10:26:00,"1","High_Value"
"16352",18.0958333333333,2,494.44,247.22,300,2.84697508896797,28,"United Kingdom",2011-11-02 08:44:00,2011-11-22 10:32:00,"2","Not_High_Value"
"16353",4.01875,38,9795.46,257.775263157895,3483,1.56178052112628,76,"United Kingdom",2009-12-07 13:55:00,2011-12-06 12:23:00,"1","High_Value"
"16354",63.9319444444444,5,1119.46,223.892,592,0.283533403779133,116,"United Kingdom",2010-04-27 13:33:00,2011-10-07 14:28:00,"1","High_Value"
"16355",375.936805555556,1,416.35,416.35,179,30,47,"United Kingdom",2010-11-29 14:21:00,2010-11-29 14:21:00,"2","Not_High_Value"
"16356",198.040972222222,6,415.87,69.3116666666667,190,0.507017458066409,27,"United Kingdom",2010-06-06 11:26:00,2011-05-26 11:51:00,"2","Not_High_Value"
"16357",33.8652777777778,4,868.37,217.0925,389,0.343954521568815,43,"United Kingdom",2010-11-23 18:52:00,2011-11-06 16:04:00,"1","High_Value"
"16358",1.90347222222222,5,2919.65,583.93,2065,0.380567785994048,118,"United Kingdom",2010-11-10 11:36:00,2011-12-08 15:09:00,"1","High_Value"
"16359",7.82361111111111,16,2697.75,168.609375,1764,0.732525421663125,78,"United Kingdom",2010-02-16 10:39:00,2011-12-02 17:04:00,"1","High_Value"
"16360",5.02361111111111,6,3450.41,575.068333333333,2110,2.11927460631531,365,"United Kingdom",2011-09-12 13:50:00,2011-12-05 12:16:00,"1","High_Value"
"16361",10.0125,4,891.21,222.8025,418,1.90562313214747,87,"United Kingdom",2011-09-29 13:13:00,2011-11-30 12:32:00,"1","High_Value"
"16362",32.9923611111111,6,922.16,153.693333333333,467,0.443185257250918,67,"United Kingdom",2010-09-28 09:24:00,2011-11-07 13:01:00,"1","High_Value"
"16363",53.9416666666667,1,109.36,109.36,52,30,5,"United Kingdom",2011-10-17 14:14:00,2011-10-17 14:14:00,"2","Not_High_Value"
"16364",12.0576388888889,2,705.79,352.895,279,0.472927112298294,48,"United Kingdom",2011-07-25 14:35:00,2011-11-28 11:27:00,"1","High_Value"
"16365",18.0597222222222,15,3167.34,211.156,1034,0.632069941270168,97,"United Kingdom",2009-12-11 12:41:00,2011-11-22 11:24:00,"1","High_Value"
"16366",19.1881944444444,4,1548.13,387.0325,882,0.169995081160846,74,"United Kingdom",2009-12-16 10:39:00,2011-11-21 08:19:00,"1","High_Value"
"16367",37.9840277777778,3,1350.48,450.16,1103,0.259371184982088,196,"United Kingdom",2010-11-21 13:23:00,2011-11-02 13:13:00,"1","High_Value"
"16368",2.98472222222222,3,621.44,207.146666666667,307,0.207339431928353,74,"United Kingdom",2010-09-30 11:30:00,2011-12-07 13:12:00,"1","High_Value"
"16369",18.8506944444444,7,2656.56,379.508571428571,1589,0.353546513463178,115,"United Kingdom",2010-04-07 16:52:00,2011-11-21 16:25:00,"1","High_Value"
"16370",82.8715277777778,4,1301.91,325.4775,640,0.833514217495116,143,"United Kingdom",2011-04-28 16:40:00,2011-09-18 15:55:00,"1","High_Value"
"16371",449.028472222222,1,157.2,157.2,108,30,11,"United Kingdom",2010-09-17 12:09:00,2010-09-17 12:09:00,"2","Not_High_Value"
"16372",33.9875,5,1290.31,258.062,722,0.260911159750105,271,"United Kingdom",2010-04-11 15:20:00,2011-11-06 13:08:00,"1","High_Value"
"16373",382.875,2,309.49,154.745,119,1.99261992619926,25,"United Kingdom",2010-10-24 13:10:00,2010-11-22 15:50:00,"2","Not_High_Value"
"16374",66.8951388888889,5,1723.4,344.68,771,0.286757003973443,276,"United Kingdom",2010-04-30 13:10:00,2011-10-04 15:21:00,"1","High_Value"
"16375",470.934027777778,2,104,52,74,59.4631796283551,11,"United Kingdom",2010-08-26 14:12:00,2010-08-26 14:25:00,"2","Not_High_Value"
"16376",9.05,2,974.96,487.48,691,6.1315733446881,104,"United Kingdom",2011-11-22 16:47:00,2011-12-01 11:38:00,"1","High_Value"
"16377",267.88125,2,1308.48,654.24,2928,0.17083708192864,6,"United Kingdom",2010-04-01 10:36:00,2011-03-17 15:41:00,"1","High_Value"
"16378",247.904861111111,3,362.95,120.983333333333,267,1.40404095119441,22,"United Kingdom",2011-02-02 12:42:00,2011-04-06 15:07:00,"2","Not_High_Value"
"16379",4.88333333333333,4,2157.4,539.35,1410,1.59461080607207,87,"United Kingdom",2011-09-22 09:33:00,2011-12-05 15:38:00,"1","High_Value"
"16380",61.8819444444444,1,1743.15,1743.15,1428,30,28,"United Kingdom",2011-10-09 15:40:00,2011-10-09 15:40:00,"1","High_Value"
"16381",396.120833333333,2,247.85,123.925,108,2.51382019202793,60,"United Kingdom",2010-10-17 13:06:00,2010-11-09 09:56:00,"2","Not_High_Value"
"16382",408.852083333333,2,353.1,176.55,167,0.419130595078126,42,"United Kingdom",2010-06-07 12:42:00,2010-10-27 16:23:00,"2","Not_High_Value"
"16383",75.0034722222222,7,2896.69,413.812857142857,1596,0.35001336856616,239,"United Kingdom",2010-02-04 13:18:00,2011-09-26 12:45:00,"1","High_Value"
"16384",90.0631944444444,4,1358.95,339.7375,861,0.23909740728749,80,"United Kingdom",2010-04-28 14:01:00,2011-09-11 11:19:00,"1","High_Value"
"16385",60.9847222222222,5,881.35,176.27,476,0.262229166439037,94,"United Kingdom",2010-03-18 12:45:00,2011-10-10 13:12:00,"1","High_Value"
"16386",29.0152777777778,3,1068.16,356.053333333333,700,0.249966728965473,127,"United Kingdom",2010-11-17 11:19:00,2011-11-11 12:28:00,"1","High_Value"
"16387",323.052777777778,5,882.46,176.492,448,0.473235881796193,68,"United Kingdom",2010-03-11 12:22:00,2011-01-21 11:34:00,"1","High_Value"
"16388",654.104166666667,1,186.05,186.05,83,30,13,"United Kingdom",2010-02-24 10:20:00,2010-02-24 10:20:00,"2","Not_High_Value"
"16389",53.9229166666667,4,1382.07,345.5175,1242,0.519583611466922,33,"United Kingdom",2011-03-01 15:47:00,2011-10-17 14:41:00,"1","High_Value"
"16390",537.110416666667,3,467.5,155.833333333333,122,0.625947856997962,16,"United Kingdom",2010-01-29 15:25:00,2010-06-21 10:11:00,"2","Not_High_Value"
"16391",401.015972222222,4,1052.26,263.065,715,0.740550269992286,261,"United Kingdom",2010-05-27 11:27:00,2010-11-04 12:27:00,"1","High_Value"
"16392",270.027083333333,3,756.7,252.233333333333,604,0.307127927313057,125,"United Kingdom",2010-05-27 11:17:00,2011-03-15 12:11:00,"1","High_Value"
"16393",2.99930555555556,23,5297.77,230.337826086957,3001,0.936194429944654,313,"United Kingdom",2009-12-01 12:13:00,2011-12-07 12:51:00,"1","High_Value"
"16394",57.1263888888889,5,1555.34,311.068,2604,0.641158835228116,61,"United Kingdom",2011-02-23 10:58:00,2011-10-14 09:48:00,"1","High_Value"
"16395",61,14,3518.41,251.315,2901,0.623129991839964,416,"United Kingdom",2009-12-06 12:26:00,2011-10-10 12:50:00,"1","High_Value"
"16396",476.939583333333,1,137.8,137.8,80,30,8,"United Kingdom",2010-08-20 14:17:00,2010-08-20 14:17:00,"2","Not_High_Value"
"16397",628.884722222222,1,123.13,123.13,43,30,9,"United Kingdom",2010-03-21 15:36:00,2010-03-21 15:36:00,"2","Not_High_Value"
"16398",154.898611111111,2,1705.8,852.9,758,0.598594964596988,75,"United Kingdom",2011-03-31 09:38:00,2011-07-08 15:16:00,"1","High_Value"
"16399",19.8597222222222,3,630.22,210.073333333333,452,0.242556273616952,97,"United Kingdom",2010-11-15 15:03:00,2011-11-20 16:12:00,"1","High_Value"
"16400",95.0159722222222,9,3059.85,339.983333333333,2066,0.42320255924346,214,"United Kingdom",2009-12-08 12:38:00,2011-09-06 12:27:00,"1","High_Value"
"16401",1.77430555555556,23,6849.15,297.789130434783,6035,1.24277362658255,110,"United Kingdom",2010-06-02 13:13:00,2011-12-08 18:15:00,"1","High_Value"
"16402",265.017361111111,2,293.45,146.725,146,0.566323420488585,55,"United Kingdom",2010-12-05 13:42:00,2011-03-20 12:25:00,"2","Not_High_Value"
"16403",312.965972222222,1,177.5,177.5,114,30,10,"United Kingdom",2011-01-31 13:39:00,2011-01-31 13:39:00,"2","Not_High_Value"
"16404",70.9131944444444,1,443.05,443.05,157,30,23,"United Kingdom",2011-09-30 14:55:00,2011-09-30 14:55:00,"2","Not_High_Value"
"16405",302.893055555556,2,167.25,83.625,187,6.72059738643435,3,"United Kingdom",2011-02-02 17:08:00,2011-02-10 15:24:00,"2","Not_High_Value"
"16406",19.0368055555556,3,528.36,176.12,257,0.141508506888713,135,"United Kingdom",2010-02-24 11:51:00,2011-11-21 11:57:00,"1","High_Value"
"16407",13.0729166666667,14,2761.65,197.260714285714,1448,0.997906178999421,120,"United Kingdom",2010-10-03 13:56:00,2011-11-27 11:05:00,"1","High_Value"
"16408",591.945833333333,1,231.93,231.93,227,30,45,"United Kingdom",2010-04-27 14:08:00,2010-04-27 14:08:00,"2","Not_High_Value"
"16409",36.8368055555556,12,5652.74,471.061666666667,3664,0.520949003473998,335,"United Kingdom",2009-12-13 15:38:00,2011-11-03 16:45:00,"1","High_Value"
"16410",734.915972222222,1,130.32,130.32,348,30,5,"United Kingdom",2009-12-05 14:51:00,2009-12-05 14:51:00,"2","Not_High_Value"
"16411",19.9770833333333,4,756.39,189.0975,461,0.292735484351865,139,"United Kingdom",2010-10-07 15:09:00,2011-11-20 13:23:00,"1","High_Value"
"16412",54.0104166666667,5,593.19,118.638,288,0.241565073269147,84,"United Kingdom",2010-02-04 13:46:00,2011-10-17 12:35:00,"1","High_Value"
"16413",57.0291666666667,2,522.03,261.015,283,0.187516684427217,55,"United Kingdom",2010-11-29 12:49:00,2011-10-14 12:08:00,"1","High_Value"
"16414",22.1305555555556,5,551.21,110.242,201,0.222560871944038,58,"United Kingdom",2010-01-14 10:21:00,2011-11-18 09:42:00,"1","High_Value"
"16415",44.96875,3,696.76,232.253333333333,508,0.142169956723728,120,"United Kingdom",2010-02-01 12:30:00,2011-10-26 13:35:00,"1","High_Value"
"16416",27,9,2957.88,328.653333333333,2198,0.42922908777779,146,"United Kingdom",2010-02-23 12:00:00,2011-11-13 12:50:00,"1","High_Value"
"16417",493.154166666667,1,35.7,35.7,6,30,1,"United Kingdom",2010-08-04 09:08:00,2010-08-04 09:08:00,"2","Not_High_Value"
"16418",45.0076388888889,5,1028.74,205.748,564,0.395772562700635,121,"United Kingdom",2010-10-13 12:31:00,2011-10-26 12:39:00,"1","High_Value"
"16419",113.011805555556,8,1463.7,182.9625,701,0.430908186382753,62,"United Kingdom",2010-02-09 13:26:00,2011-08-19 12:33:00,"1","High_Value"
"16420",396.899305555556,1,75,75,120,30,2,"United Kingdom",2010-11-08 15:15:00,2010-11-08 15:15:00,"2","Not_High_Value"
"16421",376.971527777778,3,526.27,175.423333333333,123,0.95681769522108,35,"United Kingdom",2010-08-27 12:02:00,2010-11-28 13:31:00,"2","Not_High_Value"
"16422",17.9513888888889,109,61920.87,568.081376146789,64225,4.80821955575433,111,"United Kingdom",2010-01-12 11:57:00,2011-11-22 14:00:00,"1","High_Value"
"16423",25.1451388888889,1,346.12,346.12,230,30,18,"United Kingdom",2011-11-15 09:21:00,2011-11-15 09:21:00,"2","Not_High_Value"
"16424",191.965277777778,2,443.06,221.53,212,0.312346357405212,10,"United Kingdom",2010-11-22 11:24:00,2011-06-01 13:40:00,"2","Not_High_Value"
"16425",302.930555555556,1,302.7,302.7,199,30,21,"United Kingdom",2011-02-10 14:30:00,2011-02-10 14:30:00,"2","Not_High_Value"
"16426",2.95069444444444,10,1863.76,186.376,1215,1.09119566754905,211,"United Kingdom",2011-03-08 15:45:00,2011-12-07 14:01:00,"1","High_Value"
"16427",263.819444444444,2,241.06,120.53,156,2.7176648213387,8,"United Kingdom",2011-02-28 15:18:00,2011-03-21 17:10:00,"2","Not_High_Value"
"16428",414.019444444444,3,638.49,212.83,575,1.05871973335947,121,"United Kingdom",2010-07-30 12:10:00,2010-10-22 12:22:00,"1","High_Value"
"16429",106.955555555556,1,284.55,284.55,9,30,2,"United Kingdom",2011-08-25 13:54:00,2011-08-25 13:54:00,"2","Not_High_Value"
"16430",57.91875,7,1117.94,159.705714285714,307,0.3359544595066,19,"United Kingdom",2010-01-27 12:45:00,2011-10-13 14:47:00,"1","High_Value"
"16431",213.945138888889,3,623.28,207.76,442,1.05876297924138,51,"United Kingdom",2011-02-15 14:02:00,2011-05-10 14:09:00,"2","Not_High_Value"
"16432",64.9520833333333,1,287.4,287.4,276,30,8,"United Kingdom",2011-10-06 13:59:00,2011-10-06 13:59:00,"2","Not_High_Value"
"16433",28.9451388888889,2,384.52,192.26,214,0.157450755636063,33,"United Kingdom",2010-10-27 12:26:00,2011-11-11 14:09:00,"2","Not_High_Value"
"16434",29.9319444444444,12,2673.69,222.8075,1310,0.542999506649754,126,"United Kingdom",2010-01-17 14:51:00,2011-11-10 14:28:00,"1","High_Value"
"16435",512.769444444444,3,1003.07,334.356666666667,608,28.0945154996748,119,"United Kingdom",2010-07-13 13:29:00,2010-07-15 18:22:00,"2","Not_High_Value"
"16436",668.979861111111,3,319.14,106.38,227,1.36597910979479,37,"United Kingdom",2009-12-06 16:02:00,2010-02-09 13:19:00,"2","Not_High_Value"
"16437",381.827083333333,2,301.25,150.625,197,1.219908224497,17,"United Kingdom",2010-10-06 12:34:00,2010-11-23 16:59:00,"2","Not_High_Value"
"16438",6.08263888888889,5,798.35,159.67,463,1.92582025677603,74,"United Kingdom",2011-09-18 13:31:00,2011-12-04 10:51:00,"1","High_Value"
"16439",722.936111111111,1,310.7,310.7,74,30,9,"United Kingdom",2009-12-17 14:22:00,2009-12-17 14:22:00,"2","Not_High_Value"
"16440",8.03333333333333,6,3856.97,642.828333333333,2108,0.369594045429268,202,"United Kingdom",2010-08-03 11:32:00,2011-12-02 12:02:00,"1","High_Value"
"16441",67.7930555555556,5,1019.13,203.826,478,0.267383650975208,67,"United Kingdom",2010-03-22 18:00:00,2011-10-03 17:48:00,"1","High_Value"
"16442",2.04652777777778,5,891.98,178.396,580,0.20660406053499,226,"United Kingdom",2009-12-13 11:05:00,2011-12-08 11:43:00,"1","High_Value"
"16443",521.036805555556,1,162.24,162.24,96,30,1,"United Kingdom",2010-07-07 11:57:00,2010-07-07 11:57:00,"2","Not_High_Value"
"16444",46.9583333333333,17,3625.88,213.287058823529,1945,0.879327190176057,217,"United Kingdom",2010-03-24 14:06:00,2011-10-24 13:50:00,"1","High_Value"
"16445",34.0125,4,583.16,145.79,287,0.316626752395314,143,"United Kingdom",2010-10-24 12:39:00,2011-11-06 12:32:00,"1","High_Value"
"16446",1.14930555555556,2,168472.5,84236.25,80997,0.291298469671581,3,"United Kingdom",2011-05-18 09:52:00,2011-12-09 09:15:00,"1","High_Value"
"16447",136.003472222222,3,727.1,242.366666666667,315,0.171121638965031,59,"United Kingdom",2010-02-17 14:09:00,2011-07-27 12:45:00,"1","High_Value"
"16448",198.848611111111,2,361.12,180.56,176,0.218994753250703,45,"United Kingdom",2010-08-25 16:58:00,2011-05-25 16:28:00,"2","Not_High_Value"
"16449",198.100694444444,2,707.69,353.845,367,0.714935870914357,40,"United Kingdom",2011-03-04 12:15:00,2011-05-26 10:25:00,"2","Not_High_Value"
"16450",150.04375,3,1505.73,501.91,681,0.17722325617649,36,"United Kingdom",2010-02-21 15:46:00,2011-07-13 11:47:00,"1","High_Value"
"16451",88.1479166666667,3,1013.15,337.716666666667,524,0.138727432707561,61,"United Kingdom",2009-12-04 15:11:00,2011-09-13 09:17:00,"1","High_Value"
"16452",631.007638888889,2,332.17,166.085,199,0.937327098950931,14,"United Kingdom",2010-01-15 12:22:00,2010-03-19 12:39:00,"2","Not_High_Value"
"16453",531.002777777778,2,251.71,125.855,139,3.16124547217445,15,"United Kingdom",2010-06-09 13:15:00,2010-06-27 12:46:00,"2","Not_High_Value"
"16454",45.0486111111111,4,30.95,7.7375,9,0.211333233863216,4,"United Kingdom",2010-04-07 15:54:00,2011-10-26 11:40:00,"2","Not_High_Value"
"16455",64.0229166666667,11,3995.57,363.233636363636,2851,0.592381318048433,111,"United Kingdom",2010-03-30 10:31:00,2011-10-07 12:17:00,"1","High_Value"
"16456",99.9583333333333,13,6000.94,461.610769230769,3296,0.746973401043315,226,"United Kingdom",2010-03-29 11:16:00,2011-09-01 13:50:00,"1","High_Value"
"16457",218.979861111111,1,208.36,208.36,140,30,9,"United Kingdom",2011-05-05 13:19:00,2011-05-05 13:19:00,"2","Not_High_Value"
"16458",3.13611111111111,30,5690.89,189.696333333333,3395,1.60488201145212,91,"United Kingdom",2010-05-26 14:38:00,2011-12-07 09:34:00,"1","High_Value"
"16459",730.005555555556,1,71.79,71.79,59,30,5,"United Kingdom",2009-12-10 12:42:00,2009-12-10 12:42:00,"2","Not_High_Value"
"16460",28.9611111111111,3,811.23,270.41,876,1.66215644278001,128,"United Kingdom",2011-09-19 10:15:00,2011-11-11 13:46:00,"1","High_Value"
"16461",178.029861111111,3,1545.83,515.276666666667,933,0.191520489441251,223,"United Kingdom",2010-03-03 13:57:00,2011-06-15 12:07:00,"1","High_Value"
"16462",74.1013888888889,3,136,45.3333333333333,16,0.426419588978896,1,"United Kingdom",2011-03-01 08:58:00,2011-09-27 10:24:00,"2","Not_High_Value"
"16463",21.9506944444444,4,1422.4,355.6,1163,0.652282232858718,74,"United Kingdom",2011-05-19 14:45:00,2011-11-18 14:01:00,"1","High_Value"
"16464",20.0270833333333,3,1298.66,432.886666666667,952,0.726221295767071,152,"United Kingdom",2011-07-20 13:53:00,2011-11-20 12:11:00,"1","High_Value"
"16465",421.140972222222,2,746.24,373.12,504,2.40527824949194,45,"United Kingdom",2010-09-21 10:46:00,2010-10-15 09:27:00,"2","Not_High_Value"
"16466",34.0520833333333,15,3767.09,251.139333333333,1777,0.737852757383082,207,"United Kingdom",2010-03-07 14:31:00,2011-11-06 11:35:00,"1","High_Value"
"16467",509.042361111111,7,2869.16,409.88,7384,0.913071046831124,14,"United Kingdom",2009-12-02 11:59:00,2010-07-19 11:49:00,"1","High_Value"
"16468",74.9423611111111,3,787.52,262.506666666667,371,0.220564584067272,38,"United Kingdom",2010-08-15 13:10:00,2011-09-26 14:13:00,"1","High_Value"
"16469",24.0173611111111,5,803.9,160.78,332,0.304900427425229,167,"United Kingdom",2010-07-13 13:17:00,2011-11-16 12:25:00,"1","High_Value"
"16470",52.0270833333333,11,2416.85,219.713636363636,1335,0.486730649076625,286,"United Kingdom",2009-12-11 12:21:00,2011-10-19 12:11:00,"1","High_Value"
"16471",275.13125,4,1189.98,297.495,670,0.316637775912807,48,"United Kingdom",2010-02-25 10:07:00,2011-03-10 09:41:00,"1","High_Value"
"16472",434.954166666667,2,789.6,394.8,252,0.365655471289274,39,"United Kingdom",2010-04-21 11:48:00,2010-10-01 13:56:00,"2","Not_High_Value"
"16473",165.152777777778,4,470.83,117.7075,296,0.569543277708379,26,"United Kingdom",2010-11-30 16:29:00,2011-06-28 09:10:00,"2","Not_High_Value"
"16474",7.99166666666667,7,1810.65,258.664285714286,909,1.51161453829274,237,"United Kingdom",2011-07-17 14:51:00,2011-12-02 13:02:00,"1","High_Value"
"16475",88.9256944444444,4,544.3,136.075,319,0.644444278692315,23,"United Kingdom",2011-03-11 09:39:00,2011-09-12 14:37:00,"2","Not_High_Value"
"16476",432.097916666667,1,350.35,350.35,187,30,24,"United Kingdom",2010-10-04 10:29:00,2010-10-04 10:29:00,"2","Not_High_Value"
"16477",64.1291666666667,11,4094.37,372.215454545455,2507,0.781989234483224,177,"United Kingdom",2010-08-12 09:43:00,2011-10-07 09:44:00,"1","High_Value"
"16478",25.8743055555556,3,331,110.333333333333,224,2.18664057095615,15,"United Kingdom",2011-10-05 12:02:00,2011-11-14 15:51:00,"2","Not_High_Value"
"16479",10.9652777777778,2,300.83,150.415,102,58.5365853658537,35,"United Kingdom",2011-11-29 13:04:00,2011-11-29 13:40:00,"2","Not_High_Value"
"16480",76.0486111111111,1,769.29,769.29,455,30,51,"United Kingdom",2011-09-25 11:40:00,2011-09-25 11:40:00,"2","Not_High_Value"
"16481",682.986805555556,1,453.38,453.38,201,30,16,"United Kingdom",2010-01-26 13:09:00,2010-01-26 13:09:00,"2","Not_High_Value"
"16482",16.0118055555556,1,220.62,220.62,346,30,18,"United Kingdom",2011-11-24 12:33:00,2011-11-24 12:33:00,"2","Not_High_Value"
"16483",192.9875,1,139.35,139.35,44,30,19,"United Kingdom",2011-05-31 13:08:00,2011-05-31 13:08:00,"2","Not_High_Value"
"16484",174.030555555556,2,404.3,202.15,200,3.3221824893298,25,"United Kingdom",2011-06-02 10:39:00,2011-06-19 12:06:00,"2","Not_High_Value"
"16485",77.875,5,2287.19,457.438,1153,0.228261765520215,126,"United Kingdom",2009-12-06 12:28:00,2011-09-23 15:50:00,"1","High_Value"
"16486",538.023611111111,1,134.36,134.36,24,30,7,"United Kingdom",2010-06-20 12:16:00,2010-06-20 12:16:00,"2","Not_High_Value"
"16487",577.966666666667,2,209.4,104.7,163,0.724333931355946,28,"United Kingdom",2010-02-18 17:36:00,2010-05-11 13:38:00,"2","Not_High_Value"
"16488",33.9638888888889,3,498.8,166.266666666667,728,0.775323649764292,28,"United Kingdom",2011-07-14 11:46:00,2011-11-06 13:42:00,"1","High_Value"
"16489",380.923611111111,2,303.7,151.85,38,1.05291379268322,4,"United Kingdom",2010-09-29 15:02:00,2010-11-24 14:40:00,"2","Not_High_Value"
"16490",436.847222222222,1,205.41,205.41,113,30,13,"United Kingdom",2010-09-29 16:30:00,2010-09-29 16:30:00,"2","Not_High_Value"
"16491",47.1055555555556,2,1533.16,766.58,1060,0.163143226157297,86,"United Kingdom",2010-10-22 15:42:00,2011-10-24 10:18:00,"1","High_Value"
"16492",541.1875,1,385.56,385.56,235,30,23,"United Kingdom",2010-06-17 08:20:00,2010-06-17 08:20:00,"2","Not_High_Value"
"16493",80.0694444444444,7,2132.09,304.584285714286,1988,0.385377571891906,77,"United Kingdom",2010-03-26 13:05:00,2011-09-21 11:10:00,"1","High_Value"
"16494",297.000694444444,1,826.53,826.53,675,30,47,"United Kingdom",2011-02-16 12:49:00,2011-02-16 12:49:00,"2","Not_High_Value"
"16495",3.97916666666667,3,648.26,216.086666666667,328,0.328632069012734,78,"United Kingdom",2011-03-08 16:38:00,2011-12-06 13:20:00,"1","High_Value"
"16496",9.09652777777778,6,2330.77,388.461666666667,1764,0.358660502650518,120,"United Kingdom",2010-07-18 13:42:00,2011-12-01 10:31:00,"1","High_Value"
"16497",50.0798611111111,23,6695.28,291.099130434783,3050,1.0031054270265,239,"United Kingdom",2009-12-03 14:11:00,2011-10-21 10:55:00,"1","High_Value"
"16498",161.904861111111,2,100.97,50.485,45,33.2947976878613,15,"United Kingdom",2011-06-30 19:52:00,2011-07-01 15:07:00,"2","Not_High_Value"
"16499",360.971527777778,8,2578.34,322.2925,1364,1.2830936814319,104,"United Kingdom",2010-06-11 12:22:00,2010-12-14 13:31:00,"1","High_Value"
"16500",5.03194444444444,9,843.91,93.7677777777778,386,0.500109334602472,24,"United Kingdom",2010-06-14 14:54:00,2011-12-05 12:04:00,"1","High_Value"
"16501",383.944444444444,1,1191.23,1191.23,628,30,181,"United Kingdom",2010-11-21 14:10:00,2010-11-21 14:10:00,"1","High_Value"
"16502",620.9625,2,258.55,129.275,220,59.7923875432526,41,"United Kingdom",2010-03-29 13:39:00,2010-03-29 13:44:00,"2","Not_High_Value"
"16503",107.044444444444,11,3614.34,328.576363636364,1535,0.765835239057597,161,"United Kingdom",2010-06-21 14:07:00,2011-08-25 11:46:00,"1","High_Value"
"16504",25.8972222222222,1,465.88,465.88,510,30,76,"United Kingdom",2011-11-14 15:18:00,2011-11-14 15:18:00,"2","Not_High_Value"
"16505",32.025,1,777.6,777.6,576,30,4,"United Kingdom",2011-11-08 12:14:00,2011-11-08 12:14:00,"2","Not_High_Value"
"16506",20.0229166666667,2,90.3,45.15,42,2.74573362570312,3,"United Kingdom",2011-10-30 15:50:00,2011-11-20 12:17:00,"2","Not_High_Value"
"16507",572.995833333333,1,142.71,142.71,111,30,37,"United Kingdom",2010-05-16 12:56:00,2010-05-16 12:56:00,"2","Not_High_Value"
"16508",630.964583333333,1,240.95,240.95,103,30,42,"United Kingdom",2010-03-19 13:41:00,2010-03-19 13:41:00,"2","Not_High_Value"
"16509",297.142361111111,1,363.7,363.7,64,30,13,"United Kingdom",2011-02-16 09:25:00,2011-02-16 09:25:00,"2","Not_High_Value"
"16510",372.965972222222,6,1777.5,296.25,930,0.56241578409483,94,"United Kingdom",2010-01-17 12:30:00,2010-12-02 13:39:00,"1","High_Value"
"16511",22.0895833333333,6,1760.49,293.415,769,0.286655902324656,235,"United Kingdom",2010-03-01 12:21:00,2011-11-18 10:41:00,"1","High_Value"
"16513",5.10555555555556,4,874.59,218.6475,407,3.01454938766966,33,"United Kingdom",2011-10-27 14:56:00,2011-12-05 10:18:00,"1","High_Value"
"16515",52.9861111111111,10,3179.06,317.906,1573,0.613450759926329,184,"United Kingdom",2010-06-17 12:17:00,2011-10-18 13:10:00,"1","High_Value"
"16516",30.9104166666667,1,101.7,101.7,58,30,6,"United Kingdom",2011-11-09 14:59:00,2011-11-09 14:59:00,"2","Not_High_Value"
"16517",277.958333333333,1,162.7,162.7,96,30,17,"United Kingdom",2011-03-07 13:50:00,2011-03-07 13:50:00,"2","Not_High_Value"
"16518",61.9069444444444,4,959.37,239.8425,524,0.24190398595613,61,"United Kingdom",2010-06-01 13:31:00,2011-10-09 15:04:00,"1","High_Value"
"16519",25.88125,4,439.06,109.765,150,0.19228415324869,32,"United Kingdom",2010-03-01 13:51:00,2011-11-14 15:41:00,"2","Not_High_Value"
"16520",186.976388888889,6,2148.38,358.063333333333,1045,0.389731067520306,251,"United Kingdom",2010-03-02 16:50:00,2011-06-06 13:24:00,"1","High_Value"
"16521",415.986805555556,3,1140.11,380.036666666667,1014,0.384630223744387,212,"United Kingdom",2010-03-01 13:22:00,2010-10-20 13:09:00,"1","High_Value"
"16522",436.080555555556,2,433.36,216.68,212,3.7758937155843,16,"United Kingdom",2010-09-15 13:32:00,2010-09-30 10:54:00,"2","Not_High_Value"
"16523",2.15555555555556,28,11916.33,425.583214285714,4979,1.22837946526497,180,"United Kingdom",2010-01-24 13:14:00,2011-12-08 09:06:00,"1","High_Value"
"16524",446.967361111111,2,306.19,153.095,259,0.243887980895442,50,"United Kingdom",2010-01-17 13:16:00,2010-09-19 13:37:00,"2","Not_High_Value"
"16525",2.90486111111111,48,24151.3,503.152083333333,14430,1.95638514068122,115,"United Kingdom",2009-12-02 13:53:00,2011-12-07 15:07:00,"1","High_Value"
"16526",172.033333333333,2,717.21,358.605,279,0.144993690089413,30,"United Kingdom",2010-05-04 16:34:00,2011-06-21 12:02:00,"2","Not_High_Value"
"16527",81.8534722222222,2,1232.94,616.47,708,0.174356656226793,66,"United Kingdom",2010-10-11 13:25:00,2011-09-19 16:21:00,"1","High_Value"
"16528",4.00347222222222,1,244.41,244.41,171,30,17,"United Kingdom",2011-12-06 12:45:00,2011-12-06 12:45:00,"2","Not_High_Value"
"16529",190.810416666667,4,1986.8,496.7,739,0.351738541017843,87,"United Kingdom",2010-06-27 13:29:00,2011-06-02 17:23:00,"1","High_Value"
"16530",668.888888888889,1,48.35,48.35,17,30,3,"United Kingdom",2010-02-09 15:30:00,2010-02-09 15:30:00,"2","Not_High_Value"
"16531",22.8479166666667,11,2298.33,208.939090909091,1863,0.785194976867151,109,"United Kingdom",2010-09-24 09:49:00,2011-11-17 16:29:00,"1","High_Value"
"16532",18.0708333333333,5,8756.64,1751.328,2544,0.248332379093173,2,"United Kingdom",2010-03-29 10:26:00,2011-11-22 11:08:00,"1","High_Value"
"16533",19.9875,3,1082.81,360.936666666667,611,1.80297992515407,112,"United Kingdom",2011-10-02 15:07:00,2011-11-20 13:08:00,"1","High_Value"
"16534",642.877083333333,1,635.9,635.9,168,30,36,"United Kingdom",2010-03-07 15:47:00,2010-03-07 15:47:00,"2","Not_High_Value"
"16535",5.89722222222222,3,972.04,324.013333333333,664,0.133137188832913,67,"United Kingdom",2010-01-28 15:26:00,2011-12-04 15:18:00,"1","High_Value"
"16536",110.872222222222,1,548.12,548.12,250,30,49,"United Kingdom",2011-08-21 15:54:00,2011-08-21 15:54:00,"2","Not_High_Value"
"16537",641.964583333333,1,23.35,23.35,59,30,3,"United Kingdom",2010-03-08 13:41:00,2010-03-08 13:41:00,"2","Not_High_Value"
"16538",541.827083333333,3,395.07,131.69,254,1.6356614584648,35,"United Kingdom",2010-04-23 16:25:00,2010-06-16 16:59:00,"2","Not_High_Value"
"16539",3.17291666666667,10,3289.66,328.966,1014,0.565269674197926,83,"United Kingdom",2010-06-25 15:24:00,2011-12-07 08:41:00,"1","High_Value"
"16540",414.811111111111,1,205.75,205.75,105,30,25,"United Kingdom",2010-10-21 17:22:00,2010-10-21 17:22:00,"2","Not_High_Value"
"16541",735.977777777778,1,424.03,424.03,173,30,38,"United Kingdom",2009-12-04 13:22:00,2009-12-04 13:22:00,"2","Not_High_Value"
"16542",54.0854166666667,2,257.32,128.66,142,0.172000883893431,13,"United Kingdom",2010-11-03 14:44:00,2011-10-17 10:47:00,"2","Not_High_Value"
"16543",592.05,1,292.21,292.21,317,30,18,"United Kingdom",2010-04-27 11:38:00,2010-04-27 11:38:00,"2","Not_High_Value"
"16544",520.06875,4,376.7,94.175,150,0.833852078115726,8,"United Kingdom",2010-02-15 13:20:00,2010-07-08 11:11:00,"2","Not_High_Value"
"16545",165.092361111111,2,689.82,344.91,322,0.283020722095926,6,"United Kingdom",2010-11-29 10:39:00,2011-06-28 10:37:00,"2","Not_High_Value"
"16546",291.0625,5,5307.07,1061.414,4211,0.981563867543409,75,"United Kingdom",2010-09-23 15:43:00,2011-02-22 11:20:00,"1","High_Value"
"16547",546.991666666667,1,104.26,104.26,108,30,25,"United Kingdom",2010-06-11 13:02:00,2010-06-11 13:02:00,"2","Not_High_Value"
"16548",599.857638888889,1,30.15,30.15,6,30,6,"United Kingdom",2010-04-19 16:15:00,2010-04-19 16:15:00,"2","Not_High_Value"
"16549",10.9055555555556,34,12781.8,375.935294117647,7087,1.6667404262852,836,"United Kingdom",2010-03-28 15:45:00,2011-11-29 15:06:00,"1","High_Value"
"16550",109.068055555556,18,8813.58,489.643333333333,5405,0.857154195161312,274,"United Kingdom",2009-12-02 11:24:00,2011-08-23 11:12:00,"1","High_Value"
"16551",96.1333333333333,7,2237.12,319.588571428571,2076,0.332422396299382,67,"United Kingdom",2009-12-13 16:12:00,2011-09-05 09:38:00,"1","High_Value"
"16552",243.115277777778,2,379.73,189.865,219,0.454909228760372,17,"United Kingdom",2010-12-01 12:36:00,2011-04-11 10:04:00,"2","Not_High_Value"
"16553",163.880555555556,33,16584.01,502.545757575758,16427,1.96478384070035,195,"United Kingdom",2010-02-11 18:46:00,2011-06-29 15:42:00,"1","High_Value"
"16554",42.9159722222222,8,2841.72,355.215,1346,0.351280557901831,108,"United Kingdom",2009-12-15 09:42:00,2011-10-28 14:51:00,"1","High_Value"
"16555",35.9298611111111,6,1915.68,319.28,1816,0.382136307077188,59,"United Kingdom",2010-07-22 13:39:00,2011-11-04 14:31:00,"1","High_Value"
"16556",67.0513888888889,17,8012.58,471.328235294118,4353,0.764581869290232,280,"United Kingdom",2009-12-07 10:51:00,2011-10-04 11:36:00,"1","High_Value"
"16557",24.9486111111111,2,281.85,140.925,111,0.526200394650296,11,"United Kingdom",2011-07-25 13:28:00,2011-11-15 14:04:00,"2","Not_High_Value"
"16558",1.10416666666667,38,13304.11,350.108157894737,7813,1.54749818299053,383,"United Kingdom",2009-12-03 18:11:00,2011-12-09 10:20:00,"1","High_Value"
"16559",397.956944444444,1,175,175,61,30,17,"United Kingdom",2010-11-07 13:52:00,2010-11-07 13:52:00,"2","Not_High_Value"
"16560",27.09375,8,3048.38,381.0475,1603,0.339973439575033,140,"United Kingdom",2009-12-08 12:05:00,2011-11-13 10:35:00,"1","High_Value"
"16561",6.04166666666667,2,511.12,255.56,244,1.08929989787813,29,"United Kingdom",2011-10-11 09:53:00,2011-12-04 11:50:00,"1","High_Value"
"16562",477.045138888889,1,223.86,223.86,264,30,34,"United Kingdom",2010-08-20 11:45:00,2010-08-20 11:45:00,"2","Not_High_Value"
"16563",54.0409722222222,6,4412.56,735.426666666667,2584,0.262498025188468,55,"United Kingdom",2009-12-01 18:35:00,2011-10-17 11:51:00,"1","High_Value"
"16564",569.922916666667,1,87.8,87.8,40,30,5,"United Kingdom",2010-05-19 14:41:00,2010-05-19 14:41:00,"2","Not_High_Value"
"16565",364.895138888889,4,773.05,193.2625,211,0.624652067352531,7,"United Kingdom",2010-06-02 12:47:00,2010-12-10 15:21:00,"2","Not_High_Value"
"16566",15.8444444444444,5,614.66,122.932,362,0.539076830927037,14,"United Kingdom",2011-02-20 10:29:00,2011-11-24 16:34:00,"1","High_Value"
"16567",194.953472222222,2,865.6,432.8,996,0.419039120017848,34,"United Kingdom",2011-01-07 09:31:00,2011-05-29 13:57:00,"1","High_Value"
"16568",428.080555555556,2,1020.9,510.45,366,0.279283560089603,5,"United Kingdom",2010-03-08 14:51:00,2010-10-08 10:54:00,"2","Not_High_Value"
"16569",3.8875,5,1455.23,291.046,988,0.208038972634207,27,"United Kingdom",2009-12-16 15:05:00,2011-12-06 15:32:00,"1","High_Value"
"16570",15.825,20,7434.31,371.7155,4292,0.991223541559112,114,"United Kingdom",2010-03-30 09:32:00,2011-11-24 17:02:00,"1","High_Value"
"16571",27.0444444444444,10,4248.74,424.874,3703,0.494962156018488,151,"United Kingdom",2010-03-18 09:12:00,2011-11-13 11:46:00,"1","High_Value"
"16572",127.844444444444,3,1009.6,336.533333333333,532,0.603267700041894,40,"United Kingdom",2011-03-09 12:04:00,2011-08-04 16:34:00,"1","High_Value"
"16573",85.1506944444444,2,663.61,331.805,360,0.290206537036602,40,"United Kingdom",2011-02-22 15:14:00,2011-09-16 09:13:00,"1","High_Value"
"16574",71.9659722222222,3,1301.78,433.926666666667,1002,0.153040800252234,86,"United Kingdom",2010-02-19 11:46:00,2011-09-29 13:39:00,"1","High_Value"
"16576",420.967361111111,2,540.87,270.435,323,0.587535275917174,32,"United Kingdom",2010-07-06 10:42:00,2010-10-15 13:37:00,"2","Not_High_Value"
"16577",667.128472222222,1,380,380,142,30,23,"United Kingdom",2010-02-11 09:45:00,2010-02-11 09:45:00,"2","Not_High_Value"
"16578",626.902083333333,1,156.6,156.6,108,30,9,"United Kingdom",2010-03-23 15:11:00,2010-03-23 15:11:00,"2","Not_High_Value"
"16579",426.036111111111,1,295.05,295.05,119,30,14,"United Kingdom",2010-10-10 11:58:00,2010-10-10 11:58:00,"2","Not_High_Value"
"16581",183.114583333333,1,105.84,105.84,134,30,9,"United Kingdom",2011-06-10 10:05:00,2011-06-10 10:05:00,"2","Not_High_Value"
"16582",113.825,1,313.62,313.62,164,30,6,"United Kingdom",2011-08-18 17:02:00,2011-08-18 17:02:00,"2","Not_High_Value"
"16583",374.032638888889,2,297.95,148.975,153,0.199342446790102,18,"United Kingdom",2010-02-04 12:18:00,2010-12-01 12:03:00,"2","Not_High_Value"
"16584",80.9618055555556,5,3156.17,631.234,1913,0.257675386274491,61,"United Kingdom",2010-02-16 10:41:00,2011-09-20 13:45:00,"1","High_Value"
"16585",594.094444444444,2,341.59,170.795,151,0.583220266904275,16,"United Kingdom",2010-01-13 13:31:00,2010-04-25 10:34:00,"2","Not_High_Value"
"16586",249.1375,3,1462.78,487.593333333333,348,0.232005270243176,27,"United Kingdom",2010-03-14 11:24:00,2011-04-05 09:32:00,"1","High_Value"
"16587",232.874305555556,1,225.15,225.15,71,30,13,"United Kingdom",2011-04-21 15:51:00,2011-04-21 15:51:00,"2","Not_High_Value"
"16588",386.7875,4,1361.28,340.32,882,0.634330960710392,64,"United Kingdom",2010-05-14 13:43:00,2010-11-18 17:56:00,"1","High_Value"
"16589",71.9166666666667,4,612.36,153.09,536,0.315792936326056,39,"United Kingdom",2010-09-15 14:56:00,2011-09-29 14:50:00,"1","High_Value"
"16590",401.155555555556,2,605.9,302.95,240,4.03417845636644,26,"United Kingdom",2010-10-21 12:09:00,2010-11-04 09:06:00,"2","Not_High_Value"
"16591",69.0881944444444,1,213.5,213.5,41,30,10,"United Kingdom",2011-10-02 10:43:00,2011-10-02 10:43:00,"2","Not_High_Value"
"16592",4.95902777777778,28,7807.91,278.853928571429,5504,1.17006128892466,221,"United Kingdom",2009-12-18 15:57:00,2011-12-05 13:49:00,"1","High_Value"
"16593",51.00625,8,1071.14,133.8925,377,0.35032341054437,57,"United Kingdom",2009-12-05 10:44:00,2011-10-20 12:41:00,"1","High_Value"
"16594",75.9458333333333,1,181.09,181.09,64,30,53,"United Kingdom",2011-09-25 14:08:00,2011-09-25 14:08:00,"2","Not_High_Value"
"16595",61.9826388888889,5,1757.75,351.55,1331,0.237701427198986,337,"United Kingdom",2010-01-17 12:12:00,2011-10-09 13:15:00,"1","High_Value"
"16596",16.1166666666667,4,458.98,114.745,180,0.16786265570767,23,"United Kingdom",2009-12-10 13:09:00,2011-11-24 10:02:00,"2","Not_High_Value"
"16597",4.87916666666667,1,90.04,90.04,184,30,7,"United Kingdom",2011-12-05 15:44:00,2011-12-05 15:44:00,"2","Not_High_Value"
"16598",286.047222222222,1,145.05,145.05,73,30,10,"United Kingdom",2011-02-27 11:42:00,2011-02-27 11:42:00,"2","Not_High_Value"
"16599",386.003472222222,1,172.8,172.8,159,30,12,"United Kingdom",2010-11-19 12:45:00,2010-11-19 12:45:00,"2","Not_High_Value"
"16600",4.86805555555556,13,2153.41,165.646923076923,2420,0.543080414775733,106,"United Kingdom",2009-12-18 12:59:00,2011-12-05 16:00:00,"1","High_Value"
"16601",41.0701388888889,3,677,225.666666666667,391,0.154137082099404,60,"United Kingdom",2010-03-26 13:39:00,2011-10-30 11:09:00,"1","High_Value"
"16602",36.8722222222222,2,763.33,381.665,429,0.169837690993688,37,"United Kingdom",2010-11-16 09:13:00,2011-11-03 15:54:00,"1","High_Value"
"16603",75.1138888888889,2,482.47,241.235,480,3.3561218147918,34,"United Kingdom",2011-09-09 13:02:00,2011-09-26 10:06:00,"2","Not_High_Value"
"16604",563.152777777778,2,432.45,216.225,175,8.96637608966376,10,"United Kingdom",2010-05-20 16:34:00,2010-05-26 09:10:00,"2","Not_High_Value"
"16605",724.740972222222,1,60.48,60.48,144,30,1,"United Kingdom",2009-12-15 19:03:00,2009-12-15 19:03:00,"2","Not_High_Value"
"16606",404.953472222222,2,357.66,178.83,148,1.93392425463336,16,"United Kingdom",2010-10-01 13:21:00,2010-10-31 13:57:00,"2","Not_High_Value"
"16607",18.1013888888889,25,5706.87,228.2748,4436,1.30924484454536,212,"United Kingdom",2010-04-29 14:01:00,2011-11-22 10:24:00,"1","High_Value"
"16608",454.045833333333,2,1286.62,643.31,612,0.284372356637165,94,"United Kingdom",2010-02-14 11:57:00,2010-09-12 11:44:00,"1","High_Value"
"16609",15.9708333333333,7,5493.46,784.78,2420,0.881835758090056,155,"United Kingdom",2011-04-01 10:11:00,2011-11-24 13:32:00,"1","High_Value"
"16610",219.984027777778,1,75.66,75.66,66,30,6,"United Kingdom",2011-05-04 13:13:00,2011-05-04 13:13:00,"2","Not_High_Value"
"16611",186.877777777778,6,1785.13,297.521666666667,874,0.396488506881187,86,"United Kingdom",2010-03-10 16:07:00,2011-06-06 15:46:00,"1","High_Value"
"16612",33.2166666666667,9,3245.43,360.603333333333,1419,0.383165928191867,105,"United Kingdom",2009-12-03 15:54:00,2011-11-07 07:38:00,"1","High_Value"
"16613",70.8736111111111,1,618.59,618.59,293,30,30,"United Kingdom",2011-09-30 15:52:00,2011-09-30 15:52:00,"2","Not_High_Value"
"16614",183.051388888889,3,1179.79,393.263333333333,349,0.226788320401499,37,"United Kingdom",2010-05-10 15:18:00,2011-06-10 11:36:00,"1","High_Value"
"16615",626.900694444444,1,291.5,291.5,211,30,19,"United Kingdom",2010-03-23 15:13:00,2010-03-23 15:13:00,"2","Not_High_Value"
"16616",15.8465277777778,2,500.42,250.21,370,0.419228212506005,31,"United Kingdom",2011-07-05 13:38:00,2011-11-24 16:31:00,"1","High_Value"
"16617",236.09375,1,151.85,151.85,91,30,5,"United Kingdom",2011-04-18 10:35:00,2011-04-18 10:35:00,"2","Not_High_Value"
"16618",31.9569444444444,5,2647.59,529.518,1363,0.513555731495945,79,"United Kingdom",2011-01-21 11:55:00,2011-11-08 13:52:00,"1","High_Value"
"16619",264.188888888889,4,1938.33,484.5825,1055,0.305466038999952,103,"United Kingdom",2010-02-22 12:05:00,2011-03-21 08:18:00,"1","High_Value"
"16620",4.02152777777778,6,1758.93,293.155,1146,0.244596604334795,78,"United Kingdom",2009-12-01 14:35:00,2011-12-06 12:19:00,"1","High_Value"
"16621",52.05,4,813.48,203.37,302,0.528624658137699,22,"United Kingdom",2011-03-07 11:32:00,2011-10-19 11:38:00,"1","High_Value"
"16622",544.0875,1,225.4,225.4,44,30,12,"United Kingdom",2010-06-14 10:44:00,2010-06-14 10:44:00,"2","Not_High_Value"
"16623",246.111805555556,4,1015.24,253.81,442,0.344989368817194,44,"United Kingdom",2010-04-26 14:04:00,2011-04-08 10:09:00,"1","High_Value"
"16624",81.0076388888889,2,810.57,405.285,488,0.508776991973807,44,"United Kingdom",2011-05-26 14:20:00,2011-09-20 12:39:00,"1","High_Value"
"16625",275,5,1654.03,330.806,1057,0.555478405776975,82,"United Kingdom",2010-06-14 11:56:00,2011-03-10 12:50:00,"1","High_Value"
"16626",1.0375,17,4413.1,259.594117647059,2690,1.91026638123652,86,"United Kingdom",2011-03-18 12:27:00,2011-12-09 11:56:00,"1","High_Value"
"16627",79.925,1,322.8,322.8,162,30,20,"United Kingdom",2011-09-21 14:38:00,2011-09-21 14:38:00,"2","Not_High_Value"
"16628",30.0034722222222,7,2318.1,331.157142857143,1260,0.342569338005145,84,"United Kingdom",2010-03-08 12:24:00,2011-11-10 12:45:00,"1","High_Value"
"16629",74.0944444444444,2,408.63,204.315,489,2.52469171877739,58,"United Kingdom",2011-09-04 16:12:00,2011-09-27 10:34:00,"2","Not_High_Value"
"16630",407.930555555556,1,106.8,106.8,72,30,4,"United Kingdom",2010-10-28 14:30:00,2010-10-28 14:30:00,"2","Not_High_Value"
"16631",482.0625,7,1892.52,270.36,775,1.2279155889244,46,"United Kingdom",2010-02-26 10:49:00,2010-08-15 11:20:00,"1","High_Value"
"16632",486.049305555556,2,406.4,203.2,256,0.619919209603008,22,"United Kingdom",2010-05-07 16:46:00,2010-08-11 11:39:00,"2","Not_High_Value"
"16633",17.9645833333333,6,2883.1,480.516666666667,1138,0.825832762493429,115,"United Kingdom",2011-04-19 14:36:00,2011-11-22 13:41:00,"1","High_Value"
"16634",223.028472222222,6,1649.81,274.968333333333,1257,0.386174592036043,72,"United Kingdom",2010-01-21 09:30:00,2011-05-01 12:09:00,"1","High_Value"
"16635",407.13125,1,473,473,277,30,25,"United Kingdom",2010-10-29 09:41:00,2010-10-29 09:41:00,"2","Not_High_Value"
"16636",438.984027777778,4,3802.04,950.51,2186,0.57426380908387,62,"United Kingdom",2010-03-03 14:06:00,2010-09-27 13:13:00,"1","High_Value"
"16637",32.98125,4,1154.47,288.6175,927,0.618165037186491,66,"United Kingdom",2011-04-28 10:20:00,2011-11-07 13:17:00,"1","High_Value"
"16638",23.0701388888889,15,2380.13,158.675333333333,1627,0.984898227183191,130,"United Kingdom",2010-08-18 13:33:00,2011-11-17 11:09:00,"1","High_Value"
"16639",31.9791666666667,4,1747.98,436.995,751,0.316798574406415,76,"United Kingdom",2010-10-26 18:23:00,2011-11-08 13:20:00,"1","High_Value"
"16640",398.084722222222,1,179.4,179.4,146,30,13,"United Kingdom",2010-11-07 10:48:00,2010-11-07 10:48:00,"2","Not_High_Value"
"16641",106.000694444444,2,554.5,277.25,454,0.100499356176,36,"United Kingdom",2010-01-07 12:22:00,2011-08-26 12:49:00,"1","High_Value"
"16642",5.05486111111111,3,1077.45,359.15,775,0.218509582555652,50,"United Kingdom",2010-10-20 14:22:00,2011-12-05 11:31:00,"1","High_Value"
"16643",246.184722222222,2,923.11,461.555,553,0.337187837822016,48,"United Kingdom",2010-10-13 09:47:00,2011-04-08 08:24:00,"1","High_Value"
"16644",178.007638888889,2,833.78,416.89,826,1.66711689113572,62,"United Kingdom",2011-05-11 12:53:00,2011-06-15 12:39:00,"1","High_Value"
"16645",736.125694444444,1,160.39,160.39,117,30,14,"United Kingdom",2009-12-04 09:49:00,2009-12-04 09:49:00,"2","Not_High_Value"
"16646",449.973611111111,1,678.8,678.8,1072,30,29,"United Kingdom",2010-09-16 13:28:00,2010-09-16 13:28:00,"2","Not_High_Value"
"16647",170.04375,4,541.9,135.475,396,0.319293415497187,28,"United Kingdom",2010-06-13 15:52:00,2011-06-23 11:47:00,"2","Not_High_Value"
"16648",43.1611111111111,3,672.8,224.266666666667,503,0.164009111617312,37,"United Kingdom",2010-04-28 14:58:00,2011-10-28 08:58:00,"1","High_Value"
"16649",520.88125,1,306.58,306.58,82,30,20,"United Kingdom",2010-07-07 15:41:00,2010-07-07 15:41:00,"2","Not_High_Value"
"16650",72.1243055555556,7,1916.11,273.73,1511,0.467899234557701,71,"United Kingdom",2010-07-08 14:18:00,2011-09-29 09:51:00,"1","High_Value"
"16651",587.044444444444,1,136.2,136.2,60,30,6,"United Kingdom",2010-05-02 11:46:00,2010-05-02 11:46:00,"2","Not_High_Value"
"16652",59.1333333333333,16,17550.39,1096.899375,7477,0.834826971481576,124,"United Kingdom",2010-03-17 10:22:00,2011-10-12 09:38:00,"1","High_Value"
"16653",16.9159722222222,2,1212.66,606.33,733,1.07045952944383,67,"United Kingdom",2011-09-29 13:38:00,2011-11-23 14:51:00,"1","High_Value"
"16654",141.89375,8,1484.07,185.50875,640,0.508389306172164,64,"United Kingdom",2010-04-06 13:29:00,2011-07-21 15:23:00,"1","High_Value"
"16655",18.0590277777778,13,6423.26,494.096923076923,3938,0.590173237283059,408,"United Kingdom",2010-01-31 15:40:00,2011-11-22 11:25:00,"1","High_Value"
"16656",22.9215277777778,30,16833.17,561.105666666667,15433,1.26037671259521,22,"United Kingdom",2009-12-04 12:59:00,2011-11-17 14:43:00,"1","High_Value"
"16657",10.0430555555556,4,874.43,218.6075,1130,0.487824157458798,158,"United Kingdom",2011-03-30 12:02:00,2011-11-30 11:48:00,"1","High_Value"
"16658",368.960416666667,6,690.83,115.138333333333,277,0.714594883699131,49,"United Kingdom",2010-03-30 16:24:00,2010-12-06 13:47:00,"2","Not_High_Value"
"16659",189.907638888889,1,39.12,39.12,72,30,2,"United Kingdom",2011-06-03 15:03:00,2011-06-03 15:03:00,"2","Not_High_Value"
"16660",16.9145833333333,7,1879.55,268.507142857143,991,0.309207512597343,20,"United Kingdom",2010-01-14 11:09:00,2011-11-23 14:53:00,"1","High_Value"
"16661",540.893055555556,4,932.76,233.19,364,0.655775032731827,50,"United Kingdom",2009-12-17 15:39:00,2010-06-17 15:24:00,"1","High_Value"
"16662",394.829166666667,1,151.05,151.05,35,30,28,"United Kingdom",2010-11-10 16:56:00,2010-11-10 16:56:00,"2","Not_High_Value"
"16663",729.984722222222,1,165,165,100,30,1,"United Kingdom",2009-12-10 13:12:00,2009-12-10 13:12:00,"2","Not_High_Value"
"16664",569.81875,1,109.2,109.2,24,30,8,"United Kingdom",2010-05-19 17:11:00,2010-05-19 17:11:00,"2","Not_High_Value"
"16665",362.949305555556,1,135.4,135.4,59,30,9,"United Kingdom",2010-12-12 14:03:00,2010-12-12 14:03:00,"2","Not_High_Value"
"16666",19.9506944444444,2,217.71,108.855,354,0.0995107388672361,42,"United Kingdom",2010-03-28 15:13:00,2011-11-20 14:01:00,"2","Not_High_Value"
"16667",68.8916666666667,2,567.18,283.59,236,0.276365916149813,52,"United Kingdom",2011-02-28 12:57:00,2011-10-02 15:26:00,"1","High_Value"
"16668",15.7965277777778,13,862.42,66.34,773,0.632120643196261,28,"United Kingdom",2010-03-18 18:25:00,2011-11-24 17:43:00,"1","High_Value"
"16669",24.0166666666667,3,1348.88,449.626666666667,881,1.60927818409844,141,"United Kingdom",2011-09-22 14:13:00,2011-11-16 12:26:00,"1","High_Value"
"16670",17.1361111111111,20,8030.15,401.5075,4534,0.840625565525011,258,"United Kingdom",2009-12-10 15:28:00,2011-11-23 09:34:00,"1","High_Value"
"16671",28.9652777777778,3,1692.27,564.09,875,0.656468442913585,3,"United Kingdom",2011-06-28 11:20:00,2011-11-11 13:40:00,"1","High_Value"
"16672",2.84791666666667,20,8134.94,406.747,2832,2.26193405833905,22,"United Kingdom",2011-03-18 10:15:00,2011-12-07 16:29:00,"1","High_Value"
"16673",679.936111111111,1,171.13,171.13,95,30,19,"United Kingdom",2010-01-29 14:22:00,2010-01-29 14:22:00,"2","Not_High_Value"
"16674",55.0548611111111,2,304.24,152.12,181,1.3363855719854,89,"United Kingdom",2011-09-02 13:59:00,2011-10-16 11:31:00,"2","Not_High_Value"
"16675",442.024305555556,2,608.86,304.43,296,1.58056490560515,21,"United Kingdom",2010-08-18 13:11:00,2010-09-24 12:15:00,"2","Not_High_Value"
"16676",34.0340277777778,6,2361.9,393.65,927,0.466376620712736,106,"United Kingdom",2010-10-17 13:07:00,2011-11-06 12:01:00,"1","High_Value"
"16677",411.914583333333,2,880.62,440.31,457,0.247989391564916,45,"United Kingdom",2010-02-25 16:11:00,2010-10-24 14:53:00,"1","High_Value"
"16678",3.02291666666667,12,3109.99,259.165833333333,2397,1.28059128535892,92,"United Kingdom",2011-03-02 09:24:00,2011-12-07 12:17:00,"1","High_Value"
"16679",366.957638888889,3,663.31,221.103333333333,247,0.495041941053339,15,"United Kingdom",2010-06-10 18:35:00,2010-12-08 13:51:00,"2","Not_High_Value"
"16680",43.8020833333333,3,821.45,273.816666666667,377,0.182801689787225,24,"United Kingdom",2010-06-23 09:30:00,2011-10-27 17:35:00,"1","High_Value"
"16681",73.06875,7,1921.84,274.548571428571,1492,0.368501415391514,22,"United Kingdom",2010-03-08 14:10:00,2011-09-28 11:11:00,"1","High_Value"
"16682",5.02569444444444,5,1028,205.6,1040,0.814999000116967,15,"United Kingdom",2011-06-05 11:02:00,2011-12-05 12:13:00,"1","High_Value"
"16683",534.093055555556,1,320.25,320.25,190,30,18,"United Kingdom",2010-06-24 10:36:00,2010-06-24 10:36:00,"2","Not_High_Value"
"16684",4.94722222222222,55,147142.77,2675.32309090909,104810,2.26322356953031,184,"United Kingdom",2009-12-07 12:56:00,2011-12-05 14:06:00,"1","High_Value"
"16685",61.9527777777778,2,324.24,162.12,396,59.4222833562586,60,"United Kingdom",2011-10-09 13:44:00,2011-10-09 13:58:00,"2","Not_High_Value"
"16686",47.9590277777778,16,4881.07,305.066875,3419,0.698774011510765,549,"United Kingdom",2009-12-06 15:48:00,2011-10-23 13:49:00,"1","High_Value"
"16687",391.044444444444,1,157.63,157.63,141,30,8,"United Kingdom",2010-11-14 11:46:00,2010-11-14 11:46:00,"2","Not_High_Value"
"16688",1.89305555555556,4,1260.86,315.215,804,1.99581894411014,52,"United Kingdom",2011-10-10 12:23:00,2011-12-08 15:24:00,"1","High_Value"
"16689",76.0493055555555,2,422.6,211.3,330,7.57230499561788,12,"United Kingdom",2011-09-18 13:29:00,2011-09-25 11:39:00,"2","Not_High_Value"
"16690",72.9083333333333,4,353.03,88.2575,209,0.315788319487136,12,"United Kingdom",2010-09-14 15:00:00,2011-09-28 15:02:00,"2","Not_High_Value"
"16691",418.907638888889,2,178.83,89.415,92,0.416650592183944,11,"United Kingdom",2010-05-27 14:55:00,2010-10-17 15:03:00,"2","Not_High_Value"
"16692",256.919444444444,4,1914.7,478.675,878,0.644691924562091,3,"United Kingdom",2010-09-24 11:31:00,2011-03-28 14:46:00,"1","High_Value"
"16693",69.0694444444444,5,1179.48,235.896,658,0.254696557351533,149,"United Kingdom",2010-02-21 12:42:00,2011-10-02 11:10:00,"1","High_Value"
"16694",723.878472222222,1,98.3,98.3,26,30,3,"United Kingdom",2009-12-16 15:45:00,2009-12-16 15:45:00,"2","Not_High_Value"
"16695",562.009722222222,2,191.9,95.95,184,59.504132231405,30,"United Kingdom",2010-05-27 12:24:00,2010-05-27 12:36:00,"2","Not_High_Value"
"16696",135.935416666667,4,657.9,164.475,146,1.05299720297618,7,"United Kingdom",2011-04-05 15:20:00,2011-07-27 14:23:00,"2","Not_High_Value"
"16697",241.818055555556,1,112.75,112.75,27,30,20,"United Kingdom",2011-04-12 17:12:00,2011-04-12 17:12:00,"2","Not_High_Value"
"16698",227.081944444444,2,1998,999,840,2.15144799422296,4,"United Kingdom",2011-03-31 13:33:00,2011-04-27 10:52:00,"1","High_Value"
"16699",380.925,7,994.6,142.085714285714,640,0.589810554566253,51,"United Kingdom",2009-12-04 13:31:00,2010-11-24 14:38:00,"1","High_Value"
"16700",9.07638888888889,25,8830.77,353.2308,6644,1.02738846413986,263,"United Kingdom",2009-12-02 10:51:00,2011-12-01 11:00:00,"1","High_Value"
"16701",9.06944444444444,26,9916.73,381.412692307692,11046,1.06752737962517,154,"United Kingdom",2009-12-01 19:19:00,2011-12-01 11:10:00,"1","High_Value"
"16702",415.944444444444,4,1110.83,277.7075,692,0.377482141686873,84,"United Kingdom",2009-12-07 16:40:00,2010-10-20 14:10:00,"1","High_Value"
"16704",618.95,2,664.16,332.08,433,1.09107440521291,50,"United Kingdom",2010-02-05 14:14:00,2010-03-31 14:02:00,"2","Not_High_Value"
"16705",1.02916666666667,42,43515.051,1036.07264285714,22302,1.72380704457919,400,"United Kingdom",2009-12-09 13:34:00,2011-12-09 12:08:00,"1","High_Value"
"16706",37.9583333333333,3,531.35,177.116666666667,249,1.15511109922725,108,"United Kingdom",2011-08-17 15:53:00,2011-11-02 13:50:00,"1","High_Value"
"16707",400.924305555556,4,533.41,133.3525,396,0.497978403644925,64,"United Kingdom",2010-03-09 15:16:00,2010-11-04 14:39:00,"2","Not_High_Value"
"16708",46.0208333333333,1,656.63,656.63,285,30,27,"United Kingdom",2011-10-25 12:20:00,2011-10-25 12:20:00,"2","Not_High_Value"
"16709",85.0791666666667,14,9056.01,646.857857142857,3261,0.649247482663117,220,"United Kingdom",2009-12-09 13:16:00,2011-09-16 10:56:00,"1","High_Value"
"16710",19.9166666666667,22,5921.35,269.152272727273,4174,0.9204405795754,541,"United Kingdom",2009-12-04 13:41:00,2011-11-20 14:50:00,"1","High_Value"
"16711",3.84583333333333,9,2868.48,318.72,1212,0.367281005866294,26,"United Kingdom",2009-12-02 13:22:00,2011-12-06 16:32:00,"1","High_Value"
"16712",9.95972222222222,13,4232.87,325.605384615385,2074,0.992571619450586,301,"United Kingdom",2010-11-03 15:45:00,2011-11-30 13:48:00,"1","High_Value"
"16713",19.0097222222222,32,14115.56,441.11125,8482,1.35786740951234,541,"United Kingdom",2009-12-15 12:49:00,2011-11-21 12:36:00,"1","High_Value"
"16714",219.070138888889,4,1497.33,374.3325,828,0.264903911011908,95,"United Kingdom",2010-02-07 11:17:00,2011-05-05 11:09:00,"1","High_Value"
"16715",78.7743055555556,2,625.52,312.76,1174,0.123651143486848,27,"United Kingdom",2010-05-26 12:35:00,2011-09-22 18:15:00,"1","High_Value"
"16716",267.115972222222,3,2149.68,716.56,912,0.246604432029653,7,"United Kingdom",2010-03-19 11:05:00,2011-03-18 10:03:00,"1","High_Value"
"16717",24.0236111111111,14,6663.68,475.977142857143,3145,0.591676033892236,274,"United Kingdom",2009-12-07 15:55:00,2011-11-16 12:16:00,"1","High_Value"
"16718",369.990972222222,5,3006.08,601.216,1924,0.410962031674518,123,"United Kingdom",2009-12-06 13:07:00,2010-12-05 13:03:00,"1","High_Value"
"16719",15.1409722222222,14,3513.62,250.972857142857,2356,0.58911309646727,204,"United Kingdom",2009-12-13 10:59:00,2011-11-25 09:27:00,"1","High_Value"
"16720",26.8527777777778,3,758.74,252.913333333333,460,0.129136657672272,130,"United Kingdom",2009-12-17 17:54:00,2011-11-13 16:22:00,"1","High_Value"
"16721",262.8625,1,292.47,292.47,172,30,37,"United Kingdom",2011-03-22 16:08:00,2011-03-22 16:08:00,"2","Not_High_Value"
"16722",17.9736111111111,22,8189.56,372.252727272727,7986,0.916980640554974,145,"United Kingdom",2009-12-03 19:23:00,2011-11-22 13:28:00,"1","High_Value"
"16723",91.9923611111111,4,1231.36,307.84,958,0.186050918518742,108,"United Kingdom",2009-12-04 13:23:00,2011-09-09 13:01:00,"1","High_Value"
"16724",405.048611111111,1,147.35,147.35,69,30,17,"United Kingdom",2010-10-31 11:40:00,2010-10-31 11:40:00,"2","Not_High_Value"
"16725",302.831944444444,14,1688.26,120.59,700,0.988141646706685,242,"United Kingdom",2009-12-13 15:54:00,2011-02-10 16:52:00,"1","High_Value"
"16726",26.9145833333333,7,2063.88,294.84,1323,0.54411584773393,150,"United Kingdom",2010-10-24 16:09:00,2011-11-13 14:53:00,"1","High_Value"
"16727",364.959722222222,4,1377.77,344.4425,1066,0.369088811995386,158,"United Kingdom",2010-01-20 10:48:00,2010-12-10 13:48:00,"1","High_Value"
"16728",46.9263888888889,4,1048.28,262.07,671,0.547827079396883,218,"United Kingdom",2011-03-20 13:28:00,2011-10-24 14:36:00,"1","High_Value"
"16729",38.93125,21,7205.33,343.110952380952,5722,3.08816170638635,234,"United Kingdom",2011-04-12 14:22:00,2011-11-01 14:29:00,"1","High_Value"
"16730",52.94375,3,743.11,247.703333333333,994,0.335812193921177,75,"United Kingdom",2011-01-24 14:01:00,2011-10-18 14:11:00,"1","High_Value"
"16731",648.90625,1,170.3,170.3,124,30,40,"United Kingdom",2010-03-01 15:05:00,2010-03-01 15:05:00,"2","Not_High_Value"
"16732",32.1222222222222,4,4387.64,1096.91,2414,0.171216249690364,199,"United Kingdom",2009-12-08 13:04:00,2011-11-08 09:54:00,"1","High_Value"
"16733",530.109722222222,1,259.68,259.68,112,30,12,"United Kingdom",2010-06-28 10:12:00,2010-06-28 10:12:00,"2","Not_High_Value"
"16734",52.9625,3,646.76,215.586666666667,345,1.42976920700763,44,"United Kingdom",2011-08-17 15:00:00,2011-10-18 13:44:00,"1","High_Value"
"16735",79.0423611111111,14,6217.41,444.100714285714,4240,0.642102972168106,178,"United Kingdom",2009-12-08 09:24:00,2011-09-22 11:49:00,"1","High_Value"
"16736",506.111805555556,5,2956.56,591.312,1050,0.647255009484084,116,"United Kingdom",2009-12-03 16:12:00,2010-07-22 10:09:00,"1","High_Value"
"16737",53.9909722222222,2,835.2,417.6,576,0.114256998902392,1,"United Kingdom",2010-05-11 09:53:00,2011-10-17 13:03:00,"2","Not_High_Value"
"16738",298.127777777778,1,3.75,3.75,3,30,1,"United Kingdom",2011-02-15 09:46:00,2011-02-15 09:46:00,"2","Not_High_Value"
"16739",177.147916666667,2,786.43,393.215,391,0.166211700611174,33,"United Kingdom",2010-06-21 09:38:00,2011-06-16 09:17:00,"1","High_Value"
"16740",395.969444444444,1,226.91,226.91,110,30,30,"United Kingdom",2010-11-09 13:34:00,2010-11-09 13:34:00,"2","Not_High_Value"
"16741",625.899305555556,1,173.06,173.06,81,30,11,"United Kingdom",2010-03-24 15:15:00,2010-03-24 15:15:00,"2","Not_High_Value"
"16742",47.0333333333333,14,2799.87,199.990714285714,2558,0.619672131147541,51,"United Kingdom",2009-12-16 17:22:00,2011-10-24 12:02:00,"1","High_Value"
"16743",29.9840277777778,14,4212.15,300.867857142857,3707,0.739443852150354,118,"United Kingdom",2010-04-22 13:21:00,2011-11-10 13:13:00,"1","High_Value"
"16744",11.9888888888889,7,1291.91,184.558571428571,798,1.28904101997928,198,"United Kingdom",2011-06-19 15:13:00,2011-11-28 13:06:00,"1","High_Value"
"16745",87.0361111111111,17,7180.7,422.394117647059,6719,2.25644996266903,148,"United Kingdom",2011-02-01 11:31:00,2011-09-14 11:58:00,"1","High_Value"
"16746",5.01180555555556,42,18046.75,429.684523809524,11900,1.72135556750941,390,"United Kingdom",2009-12-04 13:00:00,2011-12-05 12:33:00,"1","High_Value"
"16747",38.0506944444444,2,836.06,418.03,583,1.932064670498,34,"United Kingdom",2011-10-03 10:18:00,2011-11-02 11:37:00,"1","High_Value"
"16748",18.10625,14,3637.33,259.809285714286,2127,0.589135476807174,55,"United Kingdom",2009-12-10 12:28:00,2011-11-22 10:17:00,"1","High_Value"
"16749",591.988888888889,2,4157.88,2078.94,1910,0.447898144644144,53,"United Kingdom",2009-12-15 14:05:00,2010-04-27 13:06:00,"1","High_Value"
"16750",45.0013888888889,5,623.93,124.786,214,0.794365886398323,74,"United Kingdom",2011-04-21 16:53:00,2011-10-26 12:48:00,"1","High_Value"
"16751",31.0847222222222,1,1764.72,1764.72,1031,30,24,"United Kingdom",2011-11-09 10:48:00,2011-11-09 10:48:00,"1","High_Value"
"16752",373.022222222222,1,207.5,207.5,54,30,9,"United Kingdom",2010-12-02 12:18:00,2010-12-02 12:18:00,"2","Not_High_Value"
"16753",58.9833333333333,1,223.92,223.92,189,30,34,"United Kingdom",2011-10-12 13:14:00,2011-10-12 13:14:00,"2","Not_High_Value"
"16754",372.8,29,65500.07,2258.62310344828,63551,3.21919181017869,38,"United Kingdom",2010-03-08 11:32:00,2010-12-02 17:38:00,"1","High_Value"
"16755",114.978472222222,7,2864.68,409.24,1985,0.340381082736016,219,"United Kingdom",2009-12-09 14:25:00,2011-08-17 13:21:00,"1","High_Value"
"16756",215.136805555556,7,1312.37,187.481428571429,707,0.492109806882702,64,"United Kingdom",2010-03-09 15:56:00,2011-05-09 09:33:00,"1","High_Value"
"16757",319.035416666667,2,270.48,135.24,180,0.653110590369642,13,"United Kingdom",2010-10-26 15:09:00,2011-01-25 11:59:00,"2","Not_High_Value"
"16758",65.91875,1,369.34,369.34,203,30,22,"United Kingdom",2011-10-05 14:47:00,2011-10-05 14:47:00,"2","Not_High_Value"
"16759",8.00555555555556,3,789.79,263.263333333333,609,3.72670807453416,40,"United Kingdom",2011-11-09 09:06:00,2011-12-02 12:42:00,"1","High_Value"
"16760",430.871527777778,1,228,228,168,30,17,"United Kingdom",2010-10-05 15:55:00,2010-10-05 15:55:00,"2","Not_High_Value"
"16761",97.0659722222222,1,316.62,316.62,341,30,13,"United Kingdom",2011-09-04 11:15:00,2011-09-04 11:15:00,"2","Not_High_Value"
"16762",20.0465277777778,3,1207.24,402.413333333333,480,0.714557454058256,51,"United Kingdom",2011-07-18 12:52:00,2011-11-20 11:43:00,"1","High_Value"
"16763",199.040277777778,2,964.7,482.35,492,0.110936203978809,44,"United Kingdom",2009-12-01 15:26:00,2011-05-25 11:52:00,"1","High_Value"
"16764",4.04791666666667,13,2790.95,214.688461538462,1253,2.77054226852948,209,"United Kingdom",2011-07-19 17:17:00,2011-12-06 11:41:00,"1","High_Value"
"16765",294.88125,2,454.75,227.375,311,0.673531910912932,52,"United Kingdom",2010-11-22 13:42:00,2011-02-18 15:41:00,"2","Not_High_Value"
"16766",273.894444444444,2,1145.6,572.8,536,55.8139534883721,17,"United Kingdom",2011-03-11 13:34:00,2011-03-11 15:22:00,"2","Not_High_Value"
"16767",31.1305555555556,15,8056.76,537.117333333333,7102,0.802563248300436,209,"United Kingdom",2010-04-28 16:49:00,2011-11-09 09:42:00,"1","High_Value"
"16768",48.0916666666667,9,1698.57,188.73,774,0.393613499485205,108,"United Kingdom",2009-12-07 11:47:00,2011-10-23 10:38:00,"1","High_Value"
"16769",260.964583333333,4,1117.05,279.2625,295,0.257452796595902,76,"United Kingdom",2009-12-14 11:10:00,2011-03-24 13:41:00,"1","High_Value"
"16770",58.0201388888889,9,1778.93,197.658888888889,1052,0.646176704731483,202,"United Kingdom",2010-08-22 16:08:00,2011-10-13 12:21:00,"1","High_Value"
"16771",33.9736111111111,10,3949.6,394.96,2308,0.429758380288416,303,"United Kingdom",2009-12-09 11:52:00,2011-11-06 13:28:00,"1","High_Value"
"16772",423.979861111111,3,3698.05,1232.68333333333,687,0.300899215015242,54,"United Kingdom",2009-12-18 10:50:00,2010-10-12 13:19:00,"1","High_Value"
"16773",57.9256944444444,3,421.24,140.413333333333,252,0.132942711538935,53,"United Kingdom",2009-12-06 15:01:00,2011-10-13 14:37:00,"2","Not_High_Value"
"16774",68.00625,8,1567.48,195.935,774,0.403480015130501,89,"United Kingdom",2010-02-16 16:53:00,2011-10-03 12:41:00,"1","High_Value"
"16775",10.8944444444444,16,2820.84,176.3025,957,1.10877976476929,132,"United Kingdom",2010-09-23 17:34:00,2011-11-29 15:22:00,"1","High_Value"
"16776",60.9902777777778,2,592.51,296.255,435,0.168522560372622,105,"United Kingdom",2010-10-20 12:13:00,2011-10-10 13:04:00,"1","High_Value"
"16777",80.9645833333333,5,1292.18,258.436,470,0.271227644124217,125,"United Kingdom",2010-03-17 12:42:00,2011-09-20 13:41:00,"1","High_Value"
"16778",74.9597222222222,2,245.94,122.97,194,0.298603406981928,16,"United Kingdom",2011-03-10 15:21:00,2011-09-26 13:48:00,"2","Not_High_Value"
"16779",2.91388888888889,53,32809.03,619.038301886792,19411,2.16303845685118,293,"United Kingdom",2009-12-03 13:03:00,2011-12-07 14:54:00,"1","High_Value"
"16780",100.861805555556,3,596.4,198.8,352,0.292347532640963,73,"United Kingdom",2010-10-28 19:41:00,2011-08-31 16:09:00,"1","High_Value"
"16781",372.933333333333,2,623,311.5,192,0.201328206920657,36,"United Kingdom",2010-02-08 13:56:00,2010-12-02 14:26:00,"2","Not_High_Value"
"16782",10.9791666666667,38,9636.12,253.582105263158,4027,1.58101244122729,575,"United Kingdom",2009-12-09 11:58:00,2011-11-29 13:20:00,"1","High_Value"
"16783",437.039583333333,1,391.95,391.95,163,30,25,"United Kingdom",2010-09-29 11:53:00,2010-09-29 11:53:00,"2","Not_High_Value"
"16784",20.0208333333333,5,892.33,178.466,494,0.248766246105829,138,"United Kingdom",2010-03-28 12:55:00,2011-11-20 12:20:00,"1","High_Value"
"16785",410.093055555556,1,533.78,533.78,313,30,35,"United Kingdom",2010-10-26 10:36:00,2010-10-26 10:36:00,"2","Not_High_Value"
"16786",394.184027777778,1,51.84,51.84,72,30,1,"United Kingdom",2010-11-11 08:25:00,2010-11-11 08:25:00,"2","Not_High_Value"
"16787",398.075694444444,4,1017.53,254.3825,472,0.397361044360486,102,"United Kingdom",2010-01-10 11:12:00,2010-11-07 11:01:00,"1","High_Value"
"16788",123.914583333333,5,1928.93,385.786,965,0.273676501704777,348,"United Kingdom",2010-02-07 12:40:00,2011-08-08 14:53:00,"1","High_Value"
"16789",8.90138888888889,1,80.8,80.8,32,30,5,"United Kingdom",2011-12-01 15:12:00,2011-12-01 15:12:00,"2","Not_High_Value"
"16790",4.03958333333333,6,1545.62,257.603333333333,898,5.13979773944081,88,"United Kingdom",2011-11-02 11:23:00,2011-12-06 11:53:00,"1","High_Value"
"16791",29.7347222222222,15,3957.63,263.842,1854,0.635553323708493,393,"United Kingdom",2009-12-03 18:08:00,2011-11-10 19:12:00,"1","High_Value"
"16792",282.922916666667,5,623.46,124.692,324,0.354578494814289,90,"United Kingdom",2010-01-04 13:47:00,2011-03-02 14:41:00,"1","High_Value"
"16793",57.9041666666667,1,243.84,243.84,146,30,16,"United Kingdom",2011-10-13 15:08:00,2011-10-13 15:08:00,"2","Not_High_Value"
"16794",1.78888888888889,15,2052.7,136.846666666667,1576,0.721027865279059,245,"United Kingdom",2010-03-25 15:17:00,2011-12-08 17:54:00,"1","High_Value"
"16795",365.945833333333,3,2062.41,687.47,1214,0.282098499392705,306,"United Kingdom",2010-01-25 13:14:00,2010-12-09 14:08:00,"1","High_Value"
"16796",89.9506944444445,1,305.62,305.62,186,30,18,"United Kingdom",2011-09-11 14:01:00,2011-09-11 14:01:00,"2","Not_High_Value"
"16797",393.733333333333,5,1802.02,360.404,898,0.434484381694529,289,"United Kingdom",2009-12-02 13:33:00,2010-11-11 19:14:00,"1","High_Value"
"16798",554.742361111111,3,841.16,280.386666666667,205,0.511432247065973,141,"United Kingdom",2009-12-10 19:35:00,2010-06-03 19:01:00,"1","High_Value"
"16799",432.931944444444,2,452.78,226.39,162,2.71851991693411,81,"United Kingdom",2010-09-12 12:46:00,2010-10-03 14:28:00,"2","Not_High_Value"
"16800",11.9472222222222,1,1162.65,1162.65,524,30,148,"United Kingdom",2011-11-28 14:06:00,2011-11-28 14:06:00,"1","High_Value"
"16801",163.886805555556,4,1594.23,398.5575,493,1.08042541750814,72,"United Kingdom",2011-03-11 13:56:00,2011-06-29 15:33:00,"1","High_Value"
"16802",679.9625,2,582.61,291.305,369,1.15316854412471,48,"United Kingdom",2009-12-09 13:00:00,2010-01-29 13:44:00,"2","Not_High_Value"
"16803",65.9319444444444,1,332.3,332.3,245,30,24,"United Kingdom",2011-10-05 14:28:00,2011-10-05 14:28:00,"2","Not_High_Value"
"16804",23.8381944444444,3,536.99,178.996666666667,246,0.362847343739063,59,"United Kingdom",2011-03-14 15:48:00,2011-11-16 16:43:00,"1","High_Value"
"16805",174.060416666667,5,1091.34,218.268,1120,0.268398332948132,213,"United Kingdom",2009-12-08 14:29:00,2011-06-19 11:23:00,"1","High_Value"
"16806",103.890972222222,4,762.16,190.54,356,0.877121741249086,68,"United Kingdom",2011-04-14 19:59:00,2011-08-28 15:27:00,"1","High_Value"
"16807",143.034722222222,6,2123.88,353.98,1433,0.373529013347321,107,"United Kingdom",2010-03-26 14:38:00,2011-07-20 12:00:00,"1","High_Value"
"16808",99.7194444444444,2,288.42,144.21,196,0.340870086677266,21,"United Kingdom",2011-03-10 19:05:00,2011-09-01 19:34:00,"2","Not_High_Value"
"16809",23.8784722222222,9,1727.43,191.936666666667,1093,0.463115715798464,113,"United Kingdom",2010-04-13 15:34:00,2011-11-16 15:45:00,"1","High_Value"
"16810",192.8875,2,842.04,421.02,372,0.262008733624454,34,"United Kingdom",2010-10-15 15:32:00,2011-05-31 15:32:00,"1","High_Value"
"16811",5.04930555555556,2,547.07,273.535,477,4.35923309788093,26,"United Kingdom",2011-11-22 17:19:00,2011-12-05 11:39:00,"1","High_Value"
"16812",361.010416666667,4,2392,598,1116,5.23652231885815,98,"United Kingdom",2010-11-22 14:36:00,2010-12-14 12:35:00,"1","High_Value"
"16813",8.94930555555556,10,1652.18,165.218,1501,1.52265477680066,248,"United Kingdom",2011-05-19 13:28:00,2011-12-01 14:03:00,"1","High_Value"
"16814",14.9743055555556,36,11924.85,331.245833333333,4844,1.81809254596085,247,"United Kingdom",2010-04-11 12:45:00,2011-11-25 13:27:00,"1","High_Value"
"16815",454.077083333333,2,406.02,203.01,237,0.714675666286168,66,"United Kingdom",2010-06-21 12:05:00,2010-09-12 10:59:00,"2","Not_High_Value"
"16816",103.940277777778,4,417.06,104.265,274,0.46895990230002,28,"United Kingdom",2010-12-16 17:01:00,2011-08-28 14:16:00,"2","Not_High_Value"
"16817",3.07430555555556,13,2560.7,196.976923076923,1401,0.906805400142415,107,"United Kingdom",2010-10-04 09:06:00,2011-12-07 11:03:00,"1","High_Value"
"16818",11.0895833333333,11,3349.57,304.506363636364,2164,1.68403743722956,172,"United Kingdom",2011-05-18 11:42:00,2011-11-29 10:41:00,"1","High_Value"
"16819",465.800694444444,2,182.59,91.295,253,59.7510373443983,17,"United Kingdom",2010-08-31 17:31:00,2010-08-31 17:37:00,"2","Not_High_Value"
"16820",96.0305555555556,1,497.61,497.61,307,30,26,"United Kingdom",2011-09-05 12:06:00,2011-09-05 12:06:00,"2","Not_High_Value"
"16821",382.115277777778,1,113.35,113.35,13,30,7,"United Kingdom",2010-11-23 10:04:00,2010-11-23 10:04:00,"2","Not_High_Value"
"16822",686.936111111111,1,181.39,181.39,171,30,11,"United Kingdom",2010-01-22 14:22:00,2010-01-22 14:22:00,"2","Not_High_Value"
"16823",227.909722222222,7,2243.09,320.441428571429,1166,0.410789751447749,149,"United Kingdom",2009-12-02 09:57:00,2011-04-26 15:00:00,"1","High_Value"
"16824",16.0083333333333,3,686.24,228.746666666667,390,0.23745962178692,34,"United Kingdom",2010-11-11 12:21:00,2011-11-24 12:38:00,"1","High_Value"
"16825",39.0409722222222,5,1826.89,365.378,1297,0.301845871349377,48,"United Kingdom",2010-06-23 13:14:00,2011-11-01 11:51:00,"1","High_Value"
"16826",51.9479166666667,1,341.7,341.7,158,30,22,"United Kingdom",2011-10-19 14:05:00,2011-10-19 14:05:00,"2","Not_High_Value"
"16827",393.948611111111,5,392.13,78.426,125,0.762235467239755,10,"United Kingdom",2010-04-29 19:07:00,2010-11-11 14:04:00,"2","Not_High_Value"
"16828",93.9027777777778,2,128.5,64.25,59,2.98899882377361,8,"United Kingdom",2011-08-19 13:24:00,2011-09-07 15:10:00,"2","Not_High_Value"
"16829",157.084722222222,2,513.32,256.66,215,0.257851180474936,25,"United Kingdom",2010-11-16 18:11:00,2011-07-06 10:48:00,"2","Not_High_Value"
"16830",39.0520833333333,4,1207.5,301.875,699,0.174171776914982,65,"United Kingdom",2009-12-13 12:11:00,2011-11-01 11:35:00,"1","High_Value"
"16831",565.154166666667,1,91.8,91.8,48,30,6,"United Kingdom",2010-05-24 09:08:00,2010-05-24 09:08:00,"2","Not_High_Value"
"16832",184.884722222222,5,417.61,83.522,179,0.545205348060609,19,"United Kingdom",2010-09-07 12:35:00,2011-06-08 15:36:00,"2","Not_High_Value"
"16833",1.92430555555556,6,2409.04,401.506666666667,878,0.288941306567618,87,"United Kingdom",2010-03-26 15:31:00,2011-12-08 14:39:00,"1","High_Value"
"16834",228.134027777778,2,898.96,449.48,760,0.133988179885335,43,"United Kingdom",2010-02-03 14:24:00,2011-04-26 09:37:00,"1","High_Value"
"16835",128.958333333333,6,1456.66,242.776666666667,496,0.407042207073301,58,"United Kingdom",2010-05-19 08:41:00,2011-08-03 13:50:00,"1","High_Value"
"16836",40.1145833333333,4,782.37,195.5925,539,0.223929047666563,42,"United Kingdom",2010-05-14 12:52:00,2011-10-31 10:05:00,"1","High_Value"
"16837",31.9326388888889,11,3170.98,288.270909090909,1563,1.53320492096832,123,"United Kingdom",2011-04-08 08:48:00,2011-11-08 14:27:00,"1","High_Value"
"16838",197.984027777778,4,1159.61,289.9025,509,0.25701052731778,53,"United Kingdom",2010-02-14 15:27:00,2011-05-26 13:13:00,"1","High_Value"
"16839",9.15763888888889,44,21758.25,494.505681818182,11295,2.00379295404496,132,"United Kingdom",2010-02-11 15:02:00,2011-12-01 09:03:00,"1","High_Value"
"16840",603.876388888889,2,139.85,69.925,117,0.831841025937265,9,"United Kingdom",2010-02-03 12:42:00,2010-04-15 15:48:00,"2","Not_High_Value"
"16841",37.0409722222222,12,4006.06,333.838333333333,3478,0.544618478156954,187,"United Kingdom",2010-01-12 11:32:00,2011-11-03 11:51:00,"1","High_Value"
"16842",101.088888888889,3,1264.19,421.396666666667,693,0.443727723738406,45,"United Kingdom",2011-02-10 14:51:00,2011-08-31 10:42:00,"1","High_Value"
"16843",43.1555555555556,35,19571.43,559.183714285714,18502,1.52640005814857,317,"United Kingdom",2009-12-10 11:40:00,2011-10-28 09:06:00,"1","High_Value"
"16844",563.097916666667,2,614.34,307.17,281,2.85026226371524,26,"United Kingdom",2010-05-06 09:16:00,2010-05-26 10:29:00,"2","Not_High_Value"
"16845",618.986805555556,1,253.88,253.88,167,30,20,"United Kingdom",2010-03-31 13:09:00,2010-03-31 13:09:00,"2","Not_High_Value"
"16846",50.9548611111111,3,842.41,280.803333333333,517,0.152522266367899,47,"United Kingdom",2010-03-10 12:03:00,2011-10-20 13:55:00,"1","High_Value"
"16847",43.9729166666667,2,614.89,307.445,255,0.104167043428253,37,"United Kingdom",2010-03-31 13:32:00,2011-10-27 13:29:00,"1","High_Value"
"16848",53.1722222222222,4,1411.62,352.905,780,0.315040446599003,75,"United Kingdom",2010-10-03 11:01:00,2011-10-18 08:42:00,"1","High_Value"
"16849",187.148611111111,1,124.57,124.57,33,30,8,"United Kingdom",2011-06-06 09:16:00,2011-06-06 09:16:00,"2","Not_High_Value"
"16850",334.070138888889,1,332.41,332.41,249,30,19,"United Kingdom",2011-01-10 11:09:00,2011-01-10 11:09:00,"2","Not_High_Value"
"16851",4.97083333333333,3,342.45,114.15,271,1.86894323950162,17,"United Kingdom",2011-10-19 09:48:00,2011-12-05 13:32:00,"2","Not_High_Value"
"16852",10.9777777777778,2,144.91,72.455,56,0.359501192095967,9,"United Kingdom",2011-06-16 15:49:00,2011-11-29 13:22:00,"2","Not_High_Value"
"16854",417.846527777778,2,1408.96,704.48,997,0.267758360475891,72,"United Kingdom",2010-03-09 14:32:00,2010-10-18 16:31:00,"1","High_Value"
"16855",24.0326388888889,2,328.4,164.2,164,2.88269051114373,19,"United Kingdom",2011-10-27 16:31:00,2011-11-16 12:03:00,"2","Not_High_Value"
"16856",15.1604166666667,3,358.49,119.496666666667,171,0.209875823471113,16,"United Kingdom",2010-09-23 13:11:00,2011-11-25 08:59:00,"2","Not_High_Value"
"16857",443.084027777778,1,352.8,352.8,168,30,11,"United Kingdom",2010-09-23 10:49:00,2010-09-23 10:49:00,"2","Not_High_Value"
"16858",369.123611111111,10,4292.59,429.259,1423,0.840462020649685,75,"United Kingdom",2009-12-15 11:09:00,2010-12-06 09:52:00,"1","High_Value"
"16859",145.021527777778,7,1932.41,276.058571428571,1899,0.418337109987798,87,"United Kingdom",2010-03-04 12:37:00,2011-07-18 12:19:00,"1","High_Value"
"16860",453.114583333333,3,1610.62,536.873333333333,625,0.426850757034309,35,"United Kingdom",2010-02-15 13:46:00,2010-09-13 10:05:00,"1","High_Value"
"16861",60.15625,5,946.59,189.318,616,0.333415143530588,39,"United Kingdom",2010-07-19 11:44:00,2011-10-11 09:05:00,"1","High_Value"
"16862",547.989583333333,4,662.33,165.5825,513,0.774165800508942,34,"United Kingdom",2010-01-07 12:57:00,2010-06-10 13:05:00,"2","Not_High_Value"
"16863",31.8916666666667,3,834.27,278.09,640,0.237326560248167,43,"United Kingdom",2010-10-26 10:03:00,2011-11-08 15:26:00,"1","High_Value"
"16864",434.856944444444,2,409.25,204.625,283,0.363238880013453,17,"United Kingdom",2010-04-20 11:56:00,2010-10-01 16:16:00,"2","Not_High_Value"
"16865",402.052777777778,1,130.95,130.95,157,30,15,"United Kingdom",2010-11-03 11:34:00,2010-11-03 11:34:00,"2","Not_High_Value"
"16866",141.113888888889,3,207.74,69.2466666666667,60,4.11011036407459,10,"United Kingdom",2011-07-01 12:34:00,2011-07-22 10:06:00,"2","Not_High_Value"
"16867",690.152083333333,1,76.74,76.74,58,30,6,"United Kingdom",2010-01-19 09:11:00,2010-01-19 09:11:00,"2","Not_High_Value"
"16868",394.98125,3,384.56,128.186666666667,112,0.449834435936773,47,"United Kingdom",2010-04-25 11:31:00,2010-11-10 13:17:00,"2","Not_High_Value"
"16869",23.0333333333333,4,817.12,204.28,583,0.779428148722829,113,"United Kingdom",2011-06-17 13:01:00,2011-11-17 12:02:00,"1","High_Value"
"16870",469.95625,1,450.16,450.16,278,30,28,"United Kingdom",2010-08-27 13:53:00,2010-08-27 13:53:00,"2","Not_High_Value"
"16871",22.7243055555556,6,2812.34,468.723333333333,1253,0.721812551518257,131,"United Kingdom",2011-03-14 10:31:00,2011-11-17 19:27:00,"1","High_Value"
"16872",77.8645833333333,6,1213.13,202.188333333333,1079,0.465192241770746,12,"United Kingdom",2010-09-02 17:36:00,2011-09-23 16:05:00,"1","High_Value"
"16873",5.03125,12,14617.39,1218.11583333333,8601,0.541428016393237,252,"United Kingdom",2010-02-09 14:17:00,2011-12-05 12:05:00,"1","High_Value"
"16874",379.9875,1,209.89,209.89,78,30,31,"United Kingdom",2010-11-25 13:08:00,2010-11-25 13:08:00,"2","Not_High_Value"
"16875",67.9659722222222,11,4234.53,384.957272727273,2099,0.517904882931917,161,"United Kingdom",2010-01-05 09:16:00,2011-10-03 13:39:00,"1","High_Value"
"16876",404.035416666667,1,136.01,136.01,181,30,32,"United Kingdom",2010-11-01 11:59:00,2010-11-01 11:59:00,"2","Not_High_Value"
"16877",12.9604166666667,6,846.62,141.103333333333,458,0.914176077648536,111,"United Kingdom",2011-05-15 16:13:00,2011-11-27 13:47:00,"1","High_Value"
"16878",84.7993055555555,1,13.3,13.3,12,30,3,"United Kingdom",2011-09-16 17:39:00,2011-09-16 17:39:00,"2","Not_High_Value"
"16880",31.0534722222222,8,1813.21,226.65125,904,0.517350554400399,130,"United Kingdom",2010-08-03 13:54:00,2011-11-09 11:33:00,"1","High_Value"
"16881",67.0951388888889,1,432,432,600,30,1,"United Kingdom",2011-10-04 10:33:00,2011-10-04 10:33:00,"2","Not_High_Value"
"16882",67.0888888888889,3,705.12,235.04,424,0.357557682386146,39,"United Kingdom",2011-01-26 17:43:00,2011-10-04 10:42:00,"1","High_Value"
"16883",187.999305555556,19,2246.06,118.213684210526,1016,1.03819358363985,159,"United Kingdom",2009-12-04 12:07:00,2011-06-05 12:51:00,"1","High_Value"
"16884",38.0402777777778,4,1070.97,267.7425,520,0.224721439049512,64,"United Kingdom",2010-05-18 12:00:00,2011-11-02 11:52:00,"1","High_Value"
"16885",15.9652777777778,4,684.6,171.15,358,0.323420470943628,121,"United Kingdom",2010-11-19 12:51:00,2011-11-24 13:40:00,"1","High_Value"
"16886",456.904166666667,1,134,134,48,30,8,"United Kingdom",2010-09-09 15:08:00,2010-09-09 15:08:00,"2","Not_High_Value"
"16887",35.9465277777778,3,658.17,219.39,423,0.127837630426934,94,"United Kingdom",2009-12-01 13:41:00,2011-11-04 14:07:00,"1","High_Value"
"16888",401.007638888889,3,434.2,144.733333333333,145,0.29803243402353,44,"United Kingdom",2010-01-07 13:07:00,2010-11-04 12:39:00,"2","Not_High_Value"
"16889",195.072916666667,6,2526.65,421.108333333333,1611,0.48385380596193,163,"United Kingdom",2010-05-23 10:46:00,2011-05-29 11:05:00,"1","High_Value"
"16890",477.060416666667,3,285.41,95.1366666666667,243,0.842784309645198,17,"United Kingdom",2010-05-06 16:27:00,2010-08-20 11:23:00,"2","Not_High_Value"
"16891",2.06597222222222,11,1727.94,157.085454545455,652,0.44901437942093,335,"United Kingdom",2009-12-04 12:37:00,2011-12-08 11:15:00,"1","High_Value"
"16892",1.98055555555556,7,754.75,107.821428571429,367,0.287294623296326,119,"United Kingdom",2009-12-08 14:20:00,2011-12-08 13:18:00,"1","High_Value"
"16893",367.030555555556,2,249.89,124.945,117,5.52006133401482,80,"United Kingdom",2010-11-28 15:14:00,2010-12-08 12:06:00,"2","Not_High_Value"
"16894",502.879861111111,3,1306.96,435.653333333333,503,2.64263284531626,186,"United Kingdom",2010-06-22 14:21:00,2010-07-25 15:43:00,"1","High_Value"
"16895",65.0243055555556,5,1102.9,220.58,421,0.249149891342964,135,"United Kingdom",2010-02-12 11:07:00,2011-10-06 12:15:00,"1","High_Value"
"16896",555.881944444444,1,103.95,103.95,18,30,18,"United Kingdom",2010-06-02 15:40:00,2010-06-02 15:40:00,"2","Not_High_Value"
"16897",299.908333333333,2,289.78,144.89,73,3.96512161541992,37,"United Kingdom",2011-01-30 11:52:00,2011-02-13 15:02:00,"2","Not_High_Value"
"16898",26.8791666666667,5,885.21,177.042,695,0.272161643856329,223,"United Kingdom",2010-05-12 12:18:00,2011-11-13 15:44:00,"1","High_Value"
"16899",8.03263888888889,8,1695.77,211.97125,811,0.614003762905005,101,"United Kingdom",2010-11-07 15:00:00,2011-12-02 12:03:00,"1","High_Value"
"16900",17.0958333333333,3,887.11,295.703333333333,833,1.87948662170981,78,"United Kingdom",2011-10-07 13:17:00,2011-11-23 10:32:00,"1","High_Value"
"16901",729.847222222222,1,204.26,204.26,42,30,23,"United Kingdom",2009-12-10 16:30:00,2009-12-10 16:30:00,"2","Not_High_Value"
"16902",116.939583333333,1,1706.88,1706.88,629,30,43,"United Kingdom",2011-08-15 14:17:00,2011-08-15 14:17:00,"1","High_Value"
"16903",29.8875,3,1041.75,347.25,717,0.232537275940646,148,"United Kingdom",2010-10-20 14:42:00,2011-11-10 15:32:00,"1","High_Value"
"16904",4.98611111111111,21,4675.36,222.63619047619,2607,1.54457245887014,484,"United Kingdom",2010-10-24 16:03:00,2011-12-05 13:10:00,"1","High_Value"
"16905",5.95069444444444,17,4706.77,276.868823529412,1913,0.703692950709873,171,"United Kingdom",2009-12-10 20:04:00,2011-12-04 14:01:00,"1","High_Value"
"16906",82.0423611111111,7,1410.92,201.56,590,0.424298378293434,180,"United Kingdom",2010-05-13 13:23:00,2011-09-19 11:49:00,"1","High_Value"
"16907",29.7819444444444,9,1470.89,163.432222222222,451,0.54214297068691,109,"United Kingdom",2010-07-01 17:30:00,2011-11-10 18:04:00,"1","High_Value"
"16908",722.96875,1,252.59,252.59,61,30,20,"United Kingdom",2009-12-17 13:35:00,2009-12-17 13:35:00,"2","Not_High_Value"
"16909",72.8368055555556,1,379.14,379.14,436,30,18,"United Kingdom",2011-09-28 16:45:00,2011-09-28 16:45:00,"2","Not_High_Value"
"16910",4.99930555555556,8,1508.96,188.62,884,2.72906022726375,318,"United Kingdom",2011-09-09 14:14:00,2011-12-05 12:51:00,"1","High_Value"
"16911",636.022222222222,2,255.25,127.625,161,2.23567768979972,30,"United Kingdom",2010-02-16 16:12:00,2010-03-14 12:18:00,"2","Not_High_Value"
"16912",29.0222222222222,15,4460.51,297.367333333333,1689,0.640122650660966,130,"United Kingdom",2009-12-09 12:32:00,2011-11-11 12:18:00,"1","High_Value"
"16913",290.995833333333,3,423.91,141.303333333333,229,0.248594939865344,18,"United Kingdom",2010-02-26 12:06:00,2011-02-22 12:56:00,"2","Not_High_Value"
"16914",36.8909722222222,1,183.76,183.76,112,30,25,"United Kingdom",2011-11-03 15:27:00,2011-11-03 15:27:00,"2","Not_High_Value"
"16915",9.84097222222222,11,1543.18,140.289090909091,190,0.58809916005282,54,"United Kingdom",2010-05-19 13:32:00,2011-11-30 16:39:00,"1","High_Value"
"16916",24.0291666666667,4,902.02,225.505,649,0.305369412163882,180,"United Kingdom",2010-10-20 12:56:00,2011-11-16 12:08:00,"1","High_Value"
"16917",277.038194444444,2,1851.88,925.94,792,0.168135582665688,45,"United Kingdom",2010-03-17 15:24:00,2011-03-08 11:55:00,"1","High_Value"
"16918",50,16,3206.54,200.40875,2066,0.697658222162559,280,"United Kingdom",2009-12-03 12:27:00,2011-10-21 12:50:00,"1","High_Value"
"16919",156.96875,24,4909.66,204.569166666667,2333,2.23656990251679,230,"United Kingdom",2010-08-19 15:28:00,2011-07-06 13:35:00,"1","High_Value"
"16920",411.946527777778,1,355.45,355.45,81,30,23,"United Kingdom",2010-10-24 14:07:00,2010-10-24 14:07:00,"2","Not_High_Value"
"16921",61.8527777777778,3,409.21,136.403333333333,275,0.16665637923585,78,"United Kingdom",2010-04-18 15:34:00,2011-10-09 16:22:00,"1","High_Value"
"16922",573.059722222222,1,611.08,611.08,281,30,122,"United Kingdom",2010-05-16 11:24:00,2010-05-16 11:24:00,"2","Not_High_Value"
"16923",12.9930555555556,32,13157.13,411.1603125,6190,1.44128214057088,431,"United Kingdom",2010-01-31 11:14:00,2011-11-27 13:00:00,"1","High_Value"
"16924",21.9979166666667,3,829.89,276.63,467,1.40626525895463,69,"United Kingdom",2011-09-16 12:54:00,2011-11-18 12:53:00,"1","High_Value"
"16925",540.907638888889,1,125.65,125.65,123,30,18,"United Kingdom",2010-06-17 15:03:00,2010-06-17 15:03:00,"2","Not_High_Value"
"16926",371.963888888889,5,1169.61,233.922,197,0.961345884237933,63,"United Kingdom",2010-07-01 12:57:00,2010-12-03 13:42:00,"1","High_Value"
"16927",116.069444444444,3,543.05,181.016666666667,993,0.364420624632697,5,"United Kingdom",2010-12-13 11:57:00,2011-08-16 11:10:00,"2","Not_High_Value"
"16928",80.9027777777778,29,3897.53,134.397586206897,2587,1.46191187453323,135,"United Kingdom",2010-02-03 12:30:00,2011-09-20 15:10:00,"1","High_Value"
"16929",4.17569444444444,7,1295.39,185.055714285714,929,1.37405828842501,51,"United Kingdom",2011-07-07 12:39:00,2011-12-06 08:37:00,"1","High_Value"
"16930",26.8590277777778,3,378.89,126.296666666667,339,2.08937899013349,47,"United Kingdom",2011-10-02 14:25:00,2011-11-13 16:13:00,"2","Not_High_Value"
"16931",5.98263888888889,23,5032.22,218.792173913043,3357,1.75575311312203,466,"United Kingdom",2010-11-07 13:24:00,2011-12-04 13:15:00,"1","High_Value"
"16932",53.9430555555556,3,412.55,137.516666666667,217,0.173411100718934,116,"United Kingdom",2010-05-17 14:15:00,2011-10-17 14:12:00,"1","High_Value"
"16933",1.99722222222222,9,3099.3,344.366666666667,1533,0.36990840770985,213,"United Kingdom",2009-12-09 15:03:00,2011-12-08 12:54:00,"1","High_Value"
"16934",55.0069444444444,6,2083.14,347.19,936,0.316902570798749,128,"United Kingdom",2010-03-28 12:43:00,2011-10-16 12:40:00,"1","High_Value"
"16935",382.148611111111,3,530.86,176.953333333333,273,2.20381927321577,55,"United Kingdom",2010-10-14 13:09:00,2010-11-23 09:16:00,"2","Not_High_Value"
"16936",26.0736111111111,2,548.29,274.145,339,0.166220973854826,122,"United Kingdom",2010-11-19 11:54:00,2011-11-14 11:04:00,"1","High_Value"
"16937",499.7875,1,196.25,196.25,123,30,49,"United Kingdom",2010-07-28 17:56:00,2010-07-28 17:56:00,"2","Not_High_Value"
"16938",9.10416666666667,9,6995.36,777.262222222222,5041,0.413593701631717,547,"United Kingdom",2010-02-17 14:47:00,2011-12-01 10:20:00,"1","High_Value"
"16939",489.018055555556,3,433.85,144.616666666667,229,0.555719927447676,38,"United Kingdom",2010-02-28 13:33:00,2010-08-08 12:24:00,"2","Not_High_Value"
"16940",52.9826388888889,8,6427.66,803.4575,4503,0.352938653420574,360,"United Kingdom",2009-12-08 13:08:00,2011-10-18 13:15:00,"1","High_Value"
"16941",612.067361111111,1,33,33,12,30,2,"United Kingdom",2010-04-07 11:13:00,2010-04-07 11:13:00,"2","Not_High_Value"
"16942",13.0069444444444,9,1904.99,211.665555555556,805,1.24983525191188,159,"United Kingdom",2011-04-26 11:59:00,2011-11-27 12:40:00,"1","High_Value"
"16943",212.036805555556,5,1299.49,259.898,147,0.362377802346396,24,"United Kingdom",2010-03-25 13:34:00,2011-05-12 11:57:00,"1","High_Value"
"16944",610.074305555556,1,101.36,101.36,27,30,7,"United Kingdom",2010-04-09 11:03:00,2010-04-09 11:03:00,"2","Not_High_Value"
"16945",22.0493055555556,33,8548.16,259.035151515151,5889,1.3943580143309,231,"United Kingdom",2009-12-09 11:33:00,2011-11-18 11:39:00,"1","High_Value"
"16946",383.947222222222,5,1222.04,244.408,509,0.565745671128898,69,"United Kingdom",2010-03-02 10:49:00,2010-11-21 14:06:00,"1","High_Value"
"16947",236.133333333333,5,955.21,191.042,655,0.364124314738269,50,"United Kingdom",2010-03-03 10:54:00,2011-04-18 09:38:00,"1","High_Value"
"16948",139.002777777778,7,868.77,124.11,2091,0.40465784733801,20,"United Kingdom",2010-02-21 13:48:00,2011-07-24 12:46:00,"1","High_Value"
"16949",4.07152777777778,6,1286.27,214.378333333333,791,0.573329558323896,57,"United Kingdom",2011-01-27 12:11:00,2011-12-06 11:07:00,"1","High_Value"
"16950",57.1555555555556,10,3541.77,354.177,2432,0.477021267198163,111,"United Kingdom",2010-01-24 11:26:00,2011-10-14 09:06:00,"1","High_Value"
"16951",135.03125,3,1277.75,425.916666666667,1318,0.526685821341342,73,"United Kingdom",2011-02-08 14:58:00,2011-07-28 12:05:00,"1","High_Value"
"16952",109.990972222222,5,795.83,159.166,343,0.24194876286893,76,"United Kingdom",2009-12-11 13:52:00,2011-08-22 13:03:00,"1","High_Value"
"16953",30.8722222222222,1,20.8,20.8,10,30,1,"United Kingdom",2011-11-09 15:54:00,2011-11-09 15:54:00,"2","Not_High_Value"
"16954",1.12777777777778,20,6081.88,304.094,4086,0.86857129070297,83,"United Kingdom",2010-01-18 14:49:00,2011-12-09 09:46:00,"1","High_Value"
"16955",185.093055555556,6,1120.31,186.718333333333,723,0.3644042300133,33,"United Kingdom",2010-01-31 11:38:00,2011-06-08 10:36:00,"1","High_Value"
"16956",18.1625,1,308.74,308.74,114,30,16,"United Kingdom",2011-11-22 08:56:00,2011-11-22 08:56:00,"2","Not_High_Value"
"16957",239.954166666667,2,416.64,208.32,172,1.38926854367995,15,"United Kingdom",2011-03-03 09:25:00,2011-04-14 13:56:00,"2","Not_High_Value"
"16958",435.934027777778,1,778.49,778.49,514,30,69,"United Kingdom",2010-09-30 14:25:00,2010-09-30 14:25:00,"2","Not_High_Value"
"16959",87.9076388888889,1,117.35,117.35,49,30,7,"United Kingdom",2011-09-13 15:03:00,2011-09-13 15:03:00,"2","Not_High_Value"
"16960",39.0520833333333,8,1990.88,248.86,1492,0.393496827317971,334,"United Kingdom",2010-03-02 13:36:00,2011-11-01 11:35:00,"1","High_Value"
"16961",116.961111111111,3,794.56,264.853333333333,482,0.21584531086055,52,"United Kingdom",2010-06-25 14:36:00,2011-08-15 13:46:00,"1","High_Value"
"16962",410.051388888889,1,251.04,251.04,158,30,15,"United Kingdom",2010-10-26 11:36:00,2010-10-26 11:36:00,"2","Not_High_Value"
"16963",187.959722222222,1,110.55,110.55,35,30,7,"United Kingdom",2011-06-05 13:48:00,2011-06-05 13:48:00,"2","Not_High_Value"
"16964",733.997916666667,2,207.85,103.925,49,59.9167822468793,6,"United Kingdom",2009-12-06 12:51:00,2009-12-06 12:53:00,"2","Not_High_Value"
"16965",227.029166666667,1,201.19,201.19,291,30,26,"United Kingdom",2011-04-27 12:08:00,2011-04-27 12:08:00,"2","Not_High_Value"
"16966",8.96527777777778,7,2154.97,307.852857142857,1981,0.901386955523827,8,"United Kingdom",2011-04-13 14:17:00,2011-12-01 13:40:00,"1","High_Value"
"16967",189.934722222222,1,319.02,319.02,333,30,21,"United Kingdom",2011-06-03 14:24:00,2011-06-03 14:24:00,"2","Not_High_Value"
"16968",4.90833333333333,2,439.43,219.715,326,0.575957763097373,31,"United Kingdom",2011-08-24 10:51:00,2011-12-05 15:02:00,"1","High_Value"
"16969",39.9847222222222,3,650.41,216.803333333333,816,0.588069806064016,42,"United Kingdom",2011-06-01 12:10:00,2011-10-31 13:12:00,"1","High_Value"
"16970",626.958333333333,1,71.4,71.4,12,30,2,"United Kingdom",2010-03-23 13:50:00,2010-03-23 13:50:00,"2","Not_High_Value"
"16971",38.9055555555556,1,357.21,357.21,72,30,40,"United Kingdom",2011-11-01 15:06:00,2011-11-01 15:06:00,"2","Not_High_Value"
"16972",383.077083333333,2,749,374.5,183,0.800155585808352,54,"United Kingdom",2010-09-09 11:20:00,2010-11-22 10:59:00,"2","Not_High_Value"
"16973",386.954166666667,1,127,127,60,30,6,"United Kingdom",2010-11-18 13:56:00,2010-11-18 13:56:00,"2","Not_High_Value"
"16974",523.105555555556,2,365.5,182.75,70,1.3959124323451,5,"United Kingdom",2010-05-24 10:43:00,2010-07-05 10:18:00,"2","Not_High_Value"
"16975",423.789583333333,3,926.12,308.706666666667,586,1.08094582759915,44,"United Kingdom",2010-07-22 11:38:00,2010-10-12 17:53:00,"1","High_Value"
"16976",267.845138888889,1,251.52,251.52,88,30,2,"United Kingdom",2011-03-17 16:33:00,2011-03-17 16:33:00,"2","Not_High_Value"
"16977",395.98125,4,496,124,142,0.506134834554247,25,"United Kingdom",2010-03-18 11:06:00,2010-11-09 13:17:00,"2","Not_High_Value"
"16978",78,3,768.88,256.293333333333,285,0.152581344340539,65,"United Kingdom",2010-02-11 16:27:00,2011-09-23 12:50:00,"1","High_Value"
"16979",4.02013888888889,9,2859.74,317.748888888889,1451,0.602799108824774,82,"United Kingdom",2010-09-15 14:30:00,2011-12-06 12:21:00,"1","High_Value"
"16980",255.843055555556,3,1422.83,474.276666666667,990,0.516929851502327,91,"United Kingdom",2010-10-07 14:05:00,2011-03-29 16:36:00,"1","High_Value"
"16982",61.0152777777778,1,384.06,384.06,182,30,22,"United Kingdom",2011-10-10 12:28:00,2011-10-10 12:28:00,"2","Not_High_Value"
"16983",13.0277777777778,11,3490.53,317.320909090909,2315,0.758654601418965,151,"United Kingdom",2010-09-19 12:38:00,2011-11-27 12:10:00,"1","High_Value"
"16984",88.9631944444444,9,10350.53,1150.05888888889,5127,0.486554063439742,669,"United Kingdom",2010-03-07 15:34:00,2011-09-12 13:43:00,"1","High_Value"
"16985",17.9701388888889,23,10923.16,474.92,3103,0.967742878041606,130,"United Kingdom",2009-12-10 13:34:00,2011-11-22 13:33:00,"1","High_Value"
"16986",30.0381944444444,11,4888.75,444.431818181818,2539,0.511722119382444,65,"United Kingdom",2010-02-04 14:46:00,2011-11-10 11:55:00,"1","High_Value"
"16987",3.80833333333333,11,2521.4,229.218181818182,671,0.448906640266321,155,"United Kingdom",2009-12-02 14:34:00,2011-12-06 17:26:00,"1","High_Value"
"16988",5.86666666666667,2,382.67,191.335,158,0.159881569207994,20,"United Kingdom",2010-11-25 09:22:00,2011-12-04 16:02:00,"2","Not_High_Value"
"16989",7.84097222222222,6,1133.25,188.875,1233,1.24730520480443,7,"United Kingdom",2011-07-12 09:11:00,2011-12-02 16:39:00,"1","High_Value"
"16990",219.180555555556,2,344,172,200,0.292873413602343,1,"United Kingdom",2010-10-13 11:42:00,2011-05-05 08:30:00,"2","Not_High_Value"
"16991",421.945833333333,1,1041.21,1041.21,793,30,74,"United Kingdom",2010-10-14 14:08:00,2010-10-14 14:08:00,"2","Not_High_Value"
"16992",11.0416666666667,13,5476.5,421.269230769231,2061,0.593636169524563,212,"United Kingdom",2010-02-11 12:36:00,2011-11-29 11:50:00,"1","High_Value"
"16993",464.023611111111,2,1950.95,975.475,285,0.52663338636239,19,"United Kingdom",2010-05-12 13:55:00,2010-09-02 12:16:00,"1","High_Value"
"16996",30.8381944444444,9,2123.61,235.956666666667,919,0.695553858016133,32,"United Kingdom",2010-10-18 12:24:00,2011-11-09 16:43:00,"1","High_Value"
"16997",288.806944444444,3,702,234,360,2.35392411500808,7,"United Kingdom",2011-01-18 11:51:00,2011-02-24 17:28:00,"2","Not_High_Value"
"16998",150.129166666667,5,402,80.4,104,0.507107725175786,2,"United Kingdom",2010-09-21 14:39:00,2011-07-13 09:44:00,"2","Not_High_Value"
"16999",23.95625,2,484.82,242.41,294,1.15554366724622,21,"United Kingdom",2011-09-26 15:43:00,2011-11-16 13:53:00,"2","Not_High_Value"
"17000",396.96875,2,406.3,203.15,305,4.62551528454414,26,"United Kingdom",2010-10-27 14:16:00,2010-11-08 13:35:00,"2","Not_High_Value"
"17001",1.13333333333333,19,6640.8,349.515789473684,3782,0.912185477713802,108,"United Kingdom",2010-03-25 12:41:00,2011-12-09 09:38:00,"1","High_Value"
"17002",86.0069444444444,7,2571.55,367.364285714286,1265,0.377107198707061,64,"United Kingdom",2010-03-08 15:46:00,2011-09-15 12:40:00,"1","High_Value"
"17003",402.982638888889,4,828.21,207.0525,494,0.6776603462813,90,"United Kingdom",2010-05-10 11:20:00,2010-11-02 13:15:00,"1","High_Value"
"17004",46.9340277777778,4,2324.36,581.09,1233,0.316667949465073,48,"United Kingdom",2010-10-11 15:43:00,2011-10-24 14:25:00,"1","High_Value"
"17005",471.078472222222,2,622.36,311.18,691,0.504195796034127,14,"United Kingdom",2010-04-30 10:55:00,2010-08-26 10:57:00,"2","Not_High_Value"
"17006",5.02847222222222,8,1635.27,204.40875,572,0.37444905282592,103,"United Kingdom",2010-03-05 13:33:00,2011-12-05 12:09:00,"1","High_Value"
"17007",51.0854166666667,7,1120.1,160.014285714286,717,0.541415414583841,63,"United Kingdom",2010-09-28 13:51:00,2011-10-20 10:47:00,"1","High_Value"
"17008",429.896527777778,1,81.36,81.36,24,30,1,"United Kingdom",2010-10-06 15:19:00,2010-10-06 15:19:00,"2","Not_High_Value"
"17009",551.867361111111,1,242.06,242.06,336,30,10,"United Kingdom",2010-06-06 16:01:00,2010-06-06 16:01:00,"2","Not_High_Value"
"17010",18.9173611111111,1,195.36,195.36,118,30,11,"United Kingdom",2011-11-21 14:49:00,2011-11-21 14:49:00,"2","Not_High_Value"
"17011",30.9722222222222,3,671.7,223.9,792,0.144658517718994,27,"United Kingdom",2010-02-26 09:47:00,2011-11-09 13:30:00,"1","High_Value"
"17012",725.802777777778,1,360.61,360.61,251,30,34,"United Kingdom",2009-12-14 17:34:00,2009-12-14 17:34:00,"2","Not_High_Value"
"17014",8.94513888888889,3,583.43,194.476666666667,243,1.52268161150471,63,"United Kingdom",2011-10-04 11:36:00,2011-12-01 14:09:00,"1","High_Value"
"17015",29.0868055555556,3,1838.61,612.87,1978,0.570006069509074,182,"United Kingdom",2011-06-07 13:19:00,2011-11-11 10:45:00,"1","High_Value"
"17016",577.0125,1,552.4,552.4,309,30,41,"United Kingdom",2010-05-12 12:32:00,2010-05-12 12:32:00,"2","Not_High_Value"
"17017",3.1375,29,12576.99,433.689310344828,9397,1.18393074836746,120,"United Kingdom",2009-12-03 13:22:00,2011-12-07 09:32:00,"1","High_Value"
"17018",41.0472222222222,6,2287.7,381.283333333333,456,0.258973398276508,26,"United Kingdom",2009-12-05 10:27:00,2011-10-30 11:42:00,"1","High_Value"
"17019",11.9888888888889,11,3602.29,327.480909090909,2396,0.453888136441525,344,"United Kingdom",2009-12-02 11:52:00,2011-11-28 13:06:00,"1","High_Value"
"17020",542.988888888889,2,935.62,467.81,860,0.571281217146371,64,"United Kingdom",2010-03-03 12:27:00,2010-06-15 13:06:00,"1","High_Value"
"17021",442.700694444444,6,1182.22,197.036666666667,992,1.21623904352559,35,"United Kingdom",2010-04-29 20:05:00,2010-09-23 20:01:00,"1","High_Value"
"17022",31.8201388888889,2,260,130,180,0.149150154846862,16,"United Kingdom",2010-10-03 10:27:00,2011-11-08 17:09:00,"2","Not_High_Value"
"17023",417.884027777778,3,800.18,266.726666666667,530,0.320262536202517,48,"United Kingdom",2010-01-11 15:09:00,2010-10-18 15:37:00,"1","High_Value"
"17024",45.9604166666667,3,95.85,31.95,69,0.795209110543884,2,"United Kingdom",2011-07-05 09:31:00,2011-10-25 13:47:00,"2","Not_High_Value"
"17025",61.1555555555556,5,1349.67,269.934,885,0.257815325450073,31,"United Kingdom",2010-03-08 13:37:00,2011-10-10 09:06:00,"1","High_Value"
"17026",185.931944444444,3,175.83,58.61,107,0.386328271717551,4,"United Kingdom",2010-10-18 15:22:00,2011-06-07 14:28:00,"2","Not_High_Value"
"17027",79.0180555555555,9,1310.63,145.625555555556,645,0.414104254580389,126,"United Kingdom",2009-12-10 12:10:00,2011-09-22 12:24:00,"1","High_Value"
"17028",581.886805555556,3,1593.83,531.276666666667,856,0.638093596908003,85,"United Kingdom",2009-12-18 14:28:00,2010-05-07 15:33:00,"1","High_Value"
"17029",111.072222222222,7,2137.3,305.328571428571,1265,0.379039040770512,19,"United Kingdom",2010-02-14 10:19:00,2011-08-21 11:06:00,"1","High_Value"
"17030",64.1673611111111,1,146.87,146.87,146,30,11,"United Kingdom",2011-10-07 08:49:00,2011-10-07 08:49:00,"2","Not_High_Value"
"17031",12.1020833333333,6,2773.85,462.308333333333,1595,0.31533959227272,34,"United Kingdom",2010-05-07 14:52:00,2011-11-28 10:23:00,"1","High_Value"
"17032",548.023611111111,8,2984.32,373.04,1667,1.31247151754519,183,"United Kingdom",2009-12-10 15:36:00,2010-06-10 12:16:00,"1","High_Value"
"17033",86.9277777777778,4,1332.79,333.1975,871,0.384530652300174,33,"United Kingdom",2010-11-07 12:55:00,2011-09-14 14:34:00,"1","High_Value"
"17034",16.9,5,1276.42,255.284,694,0.301146447796403,49,"United Kingdom",2010-07-14 12:55:00,2011-11-23 15:14:00,"1","High_Value"
"17035",246.060416666667,4,613.59,153.3975,327,0.243886604020177,29,"United Kingdom",2009-12-03 10:37:00,2011-04-08 11:23:00,"2","Not_High_Value"
"17036",383.933333333333,1,176.9,176.9,76,30,12,"United Kingdom",2010-11-21 14:26:00,2010-11-21 14:26:00,"2","Not_High_Value"
"17037",88.0006944444444,1,1267.32,1267.32,656,30,75,"United Kingdom",2011-09-13 12:49:00,2011-09-13 12:49:00,"1","High_Value"
"17038",30.9583333333333,2,743.17,371.585,535,0.155477896585605,61,"United Kingdom",2010-10-20 16:04:00,2011-11-09 13:50:00,"1","High_Value"
"17039",604.995833333333,1,1954.99,1954.99,689,30,44,"United Kingdom",2010-04-14 12:56:00,2010-04-14 12:56:00,"2","Not_High_Value"
"17040",138.104861111111,2,463.25,231.625,189,0.144997826710815,15,"United Kingdom",2010-06-07 15:08:00,2011-07-25 10:19:00,"2","Not_High_Value"
"17041",27.0618055555556,6,1655.2,275.866666666667,1303,0.313113058940634,93,"United Kingdom",2010-04-18 14:25:00,2011-11-13 11:21:00,"1","High_Value"
"17042",3.01666666666667,5,1036.58,207.316,990,0.610009234862028,74,"United Kingdom",2011-04-06 14:53:00,2011-12-07 12:26:00,"1","High_Value"
"17043",32.8868055555556,8,2593.65,324.20625,1616,0.343343205112794,175,"United Kingdom",2009-12-09 15:20:00,2011-11-07 15:33:00,"1","High_Value"
"17044",25.9319444444444,12,11962.3,996.858333333333,5722,0.50841323875121,92,"United Kingdom",2009-12-07 12:25:00,2011-11-14 14:28:00,"1","High_Value"
"17045",113.820138888889,5,827.68,165.536,294,0.473044148597183,44,"United Kingdom",2010-10-06 14:52:00,2011-08-18 17:09:00,"1","High_Value"
"17046",157.934722222222,5,1906.07,381.214,1636,0.323257477574012,76,"United Kingdom",2010-03-29 13:46:00,2011-07-05 14:24:00,"1","High_Value"
"17047",85.9743055555556,6,2289.23,381.538333333333,1184,0.278123823043718,114,"United Kingdom",2009-12-08 08:48:00,2011-09-15 13:27:00,"1","High_Value"
"17048",118.042361111111,7,2071.68,295.954285714286,1068,0.36590943741424,88,"United Kingdom",2010-01-18 13:55:00,2011-08-14 11:49:00,"1","High_Value"
"17049",3.08472222222222,19,9942.53,523.291052631579,4273,0.885069307784793,316,"United Kingdom",2010-03-04 10:23:00,2011-12-07 10:48:00,"1","High_Value"
"17050",96.9597222222222,11,4648.59,422.599090909091,2432,0.562224478061177,193,"United Kingdom",2010-01-26 14:54:00,2011-09-04 13:48:00,"1","High_Value"
"17051",194.942361111111,4,706.49,176.6225,507,0.275880566704664,107,"United Kingdom",2010-03-21 14:55:00,2011-05-29 14:13:00,"1","High_Value"
"17052",28.9166666666667,1,399.09,399.09,251,30,72,"United Kingdom",2011-11-11 14:50:00,2011-11-11 14:50:00,"2","Not_High_Value"
"17053",131.102083333333,1,498.48,498.48,122,30,13,"United Kingdom",2011-08-01 10:23:00,2011-08-01 10:23:00,"2","Not_High_Value"
"17054",28.9958333333333,5,1356.33,271.266,804,0.688112850507483,64,"United Kingdom",2011-04-08 13:14:00,2011-11-11 12:56:00,"1","High_Value"
"17055",446.020138888889,1,232.85,232.85,83,30,24,"United Kingdom",2010-09-20 12:21:00,2010-09-20 12:21:00,"2","Not_High_Value"
"17056",738.996527777778,1,128.6,128.6,26,30,8,"United Kingdom",2009-12-01 12:55:00,2009-12-01 12:55:00,"2","Not_High_Value"
"17057",596.728472222222,1,294.74,294.74,129,30,48,"United Kingdom",2010-04-22 19:21:00,2010-04-22 19:21:00,"2","Not_High_Value"
"17058",82.1090277777778,3,1179.89,393.296666666667,592,0.565901796825535,51,"United Kingdom",2011-04-14 09:18:00,2011-09-19 10:13:00,"1","High_Value"
"17059",30.0159722222222,9,4864.57,540.507777777778,3107,0.412903664307622,349,"United Kingdom",2010-01-26 14:43:00,2011-11-10 12:27:00,"1","High_Value"
"17060",266.974305555556,1,234.24,234.24,216,30,5,"United Kingdom",2011-03-18 13:27:00,2011-03-18 13:27:00,"2","Not_High_Value"
"17061",74.0597222222222,11,5232.23,475.657272727273,1526,2.06361958527847,57,"United Kingdom",2011-04-21 13:29:00,2011-09-27 11:24:00,"1","High_Value"
"17062",314.075694444444,6,889.75,148.291666666667,644,1.41775696845053,82,"United Kingdom",2010-09-26 11:57:00,2011-01-30 11:01:00,"1","High_Value"
"17063",21.8548611111111,13,3638.53,279.886923076923,1899,0.543058358466866,150,"United Kingdom",2009-12-01 12:36:00,2011-11-18 16:19:00,"1","High_Value"
"17064",59.1055555555556,3,855.45,285.15,316,0.33363539006508,53,"United Kingdom",2011-01-16 16:10:00,2011-10-12 10:18:00,"1","High_Value"
"17065",638.047916666667,2,194.7,97.35,82,59.9583622484386,6,"United Kingdom",2010-03-12 11:40:00,2010-03-12 11:41:00,"2","Not_High_Value"
"17066",726.976388888889,1,228.34,228.34,93,30,17,"United Kingdom",2009-12-13 13:24:00,2009-12-13 13:24:00,"2","Not_High_Value"
"17067",725.174305555556,3,454.54,151.513333333333,322,11.4528101802757,8,"United Kingdom",2009-12-08 12:03:00,2009-12-15 08:39:00,"2","Not_High_Value"
"17068",12.9833333333333,47,8987.68,191.227234042553,4351,2.3116648905648,250,"United Kingdom",2010-03-28 14:26:00,2011-11-27 13:14:00,"1","High_Value"
"17069",28.8173611111111,14,5517.23,394.087857142857,3230,0.592217741856516,202,"United Kingdom",2009-12-03 12:27:00,2011-11-11 17:13:00,"1","High_Value"
"17070",114.825694444444,2,437.42,218.71,232,0.201989975312336,102,"United Kingdom",2010-10-25 15:57:00,2011-08-17 17:01:00,"1","High_Value"
"17071",28.8465277777778,13,3793.71,291.823846153846,1934,0.593478081679323,141,"United Kingdom",2010-01-24 13:05:00,2011-11-11 16:31:00,"1","High_Value"
"17072",625.845138888889,1,273.35,273.35,212,30,20,"United Kingdom",2010-03-24 16:33:00,2010-03-24 16:33:00,"2","Not_High_Value"
"17073",18.04375,4,1446.09,361.5225,759,1.29196261682243,142,"United Kingdom",2011-08-22 14:37:00,2011-11-22 11:47:00,"1","High_Value"
"17074",563.031944444444,1,203.05,203.05,19,30,4,"United Kingdom",2010-05-26 12:04:00,2010-05-26 12:04:00,"2","Not_High_Value"
"17075",18.0361111111111,10,2236.63,223.663,785,0.423117080022018,153,"United Kingdom",2009-12-14 11:24:00,2011-11-22 11:58:00,"1","High_Value"
"17076",36.7895833333333,6,1242.75,207.125,514,0.257055896765082,31,"United Kingdom",2009-12-04 12:12:00,2011-11-03 17:53:00,"1","High_Value"
"17077",578.843055555556,1,306,306,36,30,1,"United Kingdom",2010-05-10 16:36:00,2010-05-10 16:36:00,"2","Not_High_Value"
"17078",36.73125,2,378.2,189.1,788,58.8555858310627,28,"United Kingdom",2011-11-03 18:49:00,2011-11-03 19:17:00,"2","Not_High_Value"
"17079",78.8861111111111,1,118.8,118.8,24,30,2,"United Kingdom",2011-09-22 15:34:00,2011-09-22 15:34:00,"2","Not_High_Value"
"17080",22.99375,7,957.53,136.79,569,0.415946829230718,26,"United Kingdom",2010-07-01 16:03:00,2011-11-17 12:59:00,"1","High_Value"
"17081",25.9958333333333,6,949.39,158.231666666667,381,0.285268710578825,166,"United Kingdom",2010-02-22 13:19:00,2011-11-14 12:56:00,"1","High_Value"
"17082",33.8979166666667,6,4732.03,788.671666666667,2526,0.260055061040702,117,"United Kingdom",2009-12-15 11:25:00,2011-11-06 15:17:00,"1","High_Value"
"17083",109.879861111111,9,4049.79,449.976666666667,1955,0.482001197564704,30,"United Kingdom",2010-02-09 11:46:00,2011-08-22 15:43:00,"1","High_Value"
"17084",35.9138888888889,3,5001.21,1667.07,3178,0.248602569660512,263,"United Kingdom",2010-11-08 14:20:00,2011-11-04 14:54:00,"1","High_Value"
"17085",123.940972222222,28,7847.67,280.273928571429,3583,1.37460949885165,411,"United Kingdom",2009-12-06 12:16:00,2011-08-08 14:15:00,"1","High_Value"
"17086",7.95555555555556,6,2050.08,341.68,1859,3.15205759315108,76,"United Kingdom",2011-10-07 11:22:00,2011-12-02 13:54:00,"1","High_Value"
"17087",738.089583333333,1,221.53,221.53,113,30,12,"United Kingdom",2009-12-02 10:41:00,2009-12-02 10:41:00,"2","Not_High_Value"
"17088",28.9354166666667,4,1991.01,497.7525,868,0.530525152357122,96,"United Kingdom",2011-03-31 09:48:00,2011-11-11 14:23:00,"1","High_Value"
"17089",386.886805555556,1,128.45,128.45,35,30,4,"United Kingdom",2010-11-18 15:33:00,2010-11-18 15:33:00,"2","Not_High_Value"
"17090",4.9625,13,3080.18,236.936923076923,1344,0.772423809798889,54,"United Kingdom",2010-07-19 16:02:00,2011-12-05 13:44:00,"1","High_Value"
"17091",3.08819444444444,19,7495.75,394.513157894737,3732,0.789703072414463,242,"United Kingdom",2009-12-16 15:45:00,2011-12-07 10:43:00,"1","High_Value"
"17092",50.7076388888889,11,5511.41,501.037272727273,3768,0.527046046655553,273,"United Kingdom",2010-02-02 16:42:00,2011-10-20 19:51:00,"1","High_Value"
"17093",593.102777777778,1,235.88,235.88,114,30,13,"United Kingdom",2010-04-26 10:22:00,2010-04-26 10:22:00,"2","Not_High_Value"
"17094",322.986805555556,2,402.2,201.1,212,0.587671149019528,18,"United Kingdom",2010-10-12 10:48:00,2011-01-21 13:09:00,"2","Not_High_Value"
"17095",23.0201388888889,7,2572.25,367.464285714286,1695,0.298723018366922,110,"United Kingdom",2009-12-15 12:32:00,2011-11-17 12:21:00,"1","High_Value"
"17096",15.9090277777778,11,3697.93,336.175454545455,1559,0.609971336995044,162,"United Kingdom",2010-06-02 14:48:00,2011-11-24 15:01:00,"1","High_Value"
"17097",2.82291666666667,9,1143.36,127.04,582,0.629191372569328,182,"Spain",2010-10-05 14:09:00,2011-12-07 17:05:00,"1","High_Value"
"17098",382.025694444444,3,591.07,197.023333333333,125,0.562248647523026,10,"United Kingdom",2010-06-17 10:30:00,2010-11-23 12:13:00,"2","Not_High_Value"
"17099",533.850694444444,1,582.17,582.17,317,30,40,"United Kingdom",2010-06-24 16:25:00,2010-06-24 16:25:00,"2","Not_High_Value"
"17100",18.8430555555556,2,971.74,485.87,800,60,65,"United Kingdom",2011-11-21 16:36:00,2011-11-21 16:36:00,"2","Not_High_Value"
"17101",10.9534722222222,7,2507.05,358.15,1175,0.388207429088598,54,"United Kingdom",2010-06-07 15:12:00,2011-11-29 13:57:00,"1","High_Value"
"17102",262.1125,1,25.5,25.5,2,30,1,"United Kingdom",2011-03-23 10:08:00,2011-03-23 10:08:00,"2","Not_High_Value"
"17103",722.945833333333,1,424.3,424.3,471,30,32,"United Kingdom",2009-12-17 14:08:00,2009-12-17 14:08:00,"2","Not_High_Value"
"17104",424.020138888889,1,474.03,474.03,149,30,19,"United Kingdom",2010-10-12 12:21:00,2010-10-12 12:21:00,"2","Not_High_Value"
"17105",159.872916666667,2,665.78,332.89,693,0.405277995374952,80,"United Kingdom",2011-02-06 14:46:00,2011-07-03 15:53:00,"1","High_Value"
"17106",389.94375,1,481.58,481.58,153,30,51,"United Kingdom",2010-11-15 14:11:00,2010-11-15 14:11:00,"2","Not_High_Value"
"17107",33.9416666666667,10,16052.72,1605.272,7530,0.465162855453873,377,"United Kingdom",2010-01-31 15:47:00,2011-11-06 14:14:00,"1","High_Value"
"17108",664.019444444444,1,174.95,174.95,31,30,9,"United Kingdom",2010-02-14 12:22:00,2010-02-14 12:22:00,"2","Not_High_Value"
"17109",29.8270833333333,8,1291.71,161.46375,788,0.511532421475481,124,"United Kingdom",2010-07-30 12:42:00,2011-11-10 16:59:00,"1","High_Value"
"17110",165.994444444444,3,499.9,166.633333333333,136,0.201804405439999,38,"United Kingdom",2010-04-08 13:32:00,2011-06-27 12:58:00,"2","Not_High_Value"
"17111",47.86875,2,459.58,229.79,581,0.15830032356293,44,"United Kingdom",2010-10-10 15:21:00,2011-10-23 15:59:00,"1","High_Value"
"17112",503.066666666667,1,197.57,197.57,130,30,44,"United Kingdom",2010-07-25 11:14:00,2010-07-25 11:14:00,"2","Not_High_Value"
"17113",574.952083333333,6,2305.59,384.265,913,1.44978605587717,122,"United Kingdom",2010-01-11 10:14:00,2010-05-14 13:59:00,"1","High_Value"
"17114",6.02291666666667,8,801.12,100.14,215,0.727214574592099,85,"United Kingdom",2011-01-09 11:39:00,2011-12-04 12:17:00,"1","High_Value"
"17115",8.93055555555556,7,2761.49,394.498571428571,885,0.288820525359187,102,"United Kingdom",2009-12-05 12:13:00,2011-12-01 14:30:00,"1","High_Value"
"17116",648.847916666667,1,389.78,389.78,392,30,47,"United Kingdom",2010-03-01 16:29:00,2010-03-01 16:29:00,"2","Not_High_Value"
"17117",288.955555555556,1,116.2,116.2,68,30,9,"United Kingdom",2011-02-24 13:54:00,2011-02-24 13:54:00,"2","Not_High_Value"
"17118",318.021527777778,1,157.02,157.02,154,30,10,"United Kingdom",2011-01-26 12:19:00,2011-01-26 12:19:00,"2","Not_High_Value"
"17119",3.92361111111111,2,606.91,303.455,334,1.04985600933205,35,"United Kingdom",2011-10-11 11:03:00,2011-12-06 14:40:00,"1","High_Value"
"17120",233.895138888889,1,307.46,307.46,120,30,18,"United Kingdom",2011-04-20 15:21:00,2011-04-20 15:21:00,"2","Not_High_Value"
"17121",403.04375,1,314.74,314.74,106,30,12,"United Kingdom",2010-11-02 11:47:00,2010-11-02 11:47:00,"2","Not_High_Value"
"17122",119.928472222222,4,570.5,142.625,368,0.314789074924536,23,"United Kingdom",2010-07-28 09:34:00,2011-08-12 14:33:00,"2","Not_High_Value"
"17123",162.085416666667,3,977.17,325.723333333333,676,0.21847053766341,37,"United Kingdom",2010-05-16 11:52:00,2011-07-01 10:47:00,"1","High_Value"
"17124",185.95,1,294.24,294.24,129,30,31,"United Kingdom",2011-06-07 14:02:00,2011-06-07 14:02:00,"2","Not_High_Value"
"17125",50.9229166666667,1,230.5,230.5,281,30,34,"United Kingdom",2011-10-20 14:41:00,2011-10-20 14:41:00,"2","Not_High_Value"
"17126",152.956944444444,9,2016.43,224.047777777778,1426,0.859851693275332,295,"United Kingdom",2010-08-31 13:41:00,2011-07-10 13:52:00,"1","High_Value"
"17127",429.122222222222,5,1155.03,231.006,340,0.487369019575989,27,"United Kingdom",2009-12-04 15:18:00,2010-10-07 09:54:00,"1","High_Value"
"17128",335.033333333333,1,157.09,157.09,76,30,14,"United Kingdom",2011-01-09 12:02:00,2011-01-09 12:02:00,"2","Not_High_Value"
"17129",520.961111111111,1,31.85,31.85,5,30,2,"United Kingdom",2010-07-07 13:46:00,2010-07-07 13:46:00,"2","Not_High_Value"
"17131",5.99861111111111,5,2463.17,492.634,983,2.11246943765281,78,"United Kingdom",2011-09-25 12:42:00,2011-12-04 12:52:00,"1","High_Value"
"17132",452.846527777778,2,1220.91,610.455,963,1.61670596160323,62,"United Kingdom",2010-08-08 13:49:00,2010-09-13 16:31:00,"1","High_Value"
"17133",16.0159722222222,12,14622.33,1218.5275,10107,0.58632187080108,22,"United Kingdom",2010-03-21 12:31:00,2011-11-24 12:27:00,"1","High_Value"
"17134",107.122916666667,3,625.3,208.433333333333,144,0.267348239647991,31,"United Kingdom",2010-09-23 18:32:00,2011-08-25 09:53:00,"2","Not_High_Value"
"17135",16.8347222222222,10,1722.18,172.218,1686,0.531885423015126,98,"United Kingdom",2010-05-09 16:03:00,2011-11-23 16:48:00,"1","High_Value"
"17136",662.984027777778,1,231.68,231.68,256,30,14,"United Kingdom",2010-02-15 13:13:00,2010-02-15 13:13:00,"2","Not_High_Value"
"17137",416.915972222222,6,1099.81,183.301666666667,680,0.686760778328882,125,"United Kingdom",2010-01-31 12:27:00,2010-10-19 14:51:00,"1","High_Value"
"17138",276.038888888889,7,4417.27,631.038571428571,2024,0.526448647754672,234,"United Kingdom",2010-02-04 14:19:00,2011-03-09 11:54:00,"1","High_Value"
"17139",16.1097222222222,25,19566.76,782.6704,9853,1.09818484281213,447,"United Kingdom",2010-01-11 11:31:00,2011-11-24 10:12:00,"1","High_Value"
"17140",247.970138888889,1,454.12,454.12,296,30,16,"United Kingdom",2011-04-06 13:33:00,2011-04-06 13:33:00,"2","Not_High_Value"
"17141",418.913888888889,4,727.58,181.895,423,0.449397292693393,138,"United Kingdom",2010-01-24 14:19:00,2010-10-17 14:54:00,"1","High_Value"
"17142",239.769444444444,4,1275.25,318.8125,322,0.268983327080924,78,"United Kingdom",2010-01-24 15:23:00,2011-04-14 18:22:00,"1","High_Value"
"17143",417.890972222222,2,880.97,440.485,314,0.605546639005894,82,"United Kingdom",2010-07-12 13:26:00,2010-10-18 15:27:00,"1","High_Value"
"17144",1.78680555555556,2,984.57,492.285,483,0.712477425845448,42,"United Kingdom",2011-09-16 12:50:00,2011-12-08 17:57:00,"1","High_Value"
"17145",513.158333333333,4,3120.91,780.2275,2591,0.81704059197617,168,"United Kingdom",2010-02-19 12:07:00,2010-07-15 09:02:00,"1","High_Value"
"17146",106.004166666667,13,5852.64,450.203076923077,2188,0.68285861932699,164,"United Kingdom",2010-02-02 09:39:00,2011-08-26 12:44:00,"1","High_Value"
"17147",23.0125,9,3199.95,355.55,1308,0.39933690353672,99,"United Kingdom",2010-01-11 09:38:00,2011-11-17 12:32:00,"1","High_Value"
"17148",52.11875,1,124.88,124.88,82,30,9,"United Kingdom",2011-10-19 09:59:00,2011-10-19 09:59:00,"2","Not_High_Value"
"17149",451.9125,1,143.1,143.1,18,30,6,"United Kingdom",2010-09-14 14:56:00,2010-09-14 14:56:00,"2","Not_High_Value"
"17150",377.057638888889,6,1357.95,226.325,397,0.502758187277425,64,"United Kingdom",2009-12-06 10:51:00,2010-11-28 11:27:00,"1","High_Value"
"17151",735.9125,1,231.9,231.9,42,30,4,"United Kingdom",2009-12-04 14:56:00,2009-12-04 14:56:00,"2","Not_High_Value"
"17152",195.021527777778,4,2016.5,504.125,577,0.51727389473117,9,"United Kingdom",2010-10-10 12:40:00,2011-05-29 12:19:00,"1","High_Value"
"17153",24.9638888888889,1,213.78,213.78,104,30,14,"United Kingdom",2011-11-15 13:42:00,2011-11-15 13:42:00,"2","Not_High_Value"
"17154",75.9638888888889,1,329.34,329.34,490,30,23,"United Kingdom",2011-09-25 13:42:00,2011-09-25 13:42:00,"2","Not_High_Value"
"17155",18.0083333333333,7,892.46,127.494285714286,987,0.291648663662737,43,"United Kingdom",2009-12-03 11:34:00,2011-11-22 12:38:00,"1","High_Value"
"17156",492.055555555556,1,591.87,591.87,391,30,39,"United Kingdom",2010-08-05 11:30:00,2010-08-05 11:30:00,"2","Not_High_Value"
"17157",8.15277777777778,19,5151.9,271.152631578947,2092,0.78206435261498,78,"United Kingdom",2009-12-04 13:00:00,2011-12-02 09:10:00,"1","High_Value"
"17158",32.8993055555556,5,1980,396,1147,0.245508948005524,74,"United Kingdom",2010-03-07 15:50:00,2011-11-07 15:15:00,"1","High_Value"
"17159",22.0819444444444,5,2099.59,419.918,1348,0.240064283880461,115,"United Kingdom",2010-03-04 14:53:00,2011-11-18 10:52:00,"1","High_Value"
"17160",31.9479166666667,17,10209.16,600.538823529412,8390,0.723270316371673,215,"United Kingdom",2009-12-04 10:57:00,2011-11-08 14:05:00,"1","High_Value"
"17161",444.8375,1,856.01,856.01,537,30,52,"United Kingdom",2010-09-21 16:44:00,2010-09-21 16:44:00,"2","Not_High_Value"
"17162",29.0527777777778,10,1715.46,171.546,1001,1.07927958087976,81,"United Kingdom",2011-02-07 12:27:00,2011-11-11 11:34:00,"1","High_Value"
"17163",22.1618055555556,4,699.78,174.945,531,0.183225921378266,27,"United Kingdom",2010-02-02 10:39:00,2011-11-18 08:57:00,"1","High_Value"
"17164",33.15,7,2467.35,352.478571428571,1501,0.868546219066657,92,"United Kingdom",2011-03-11 14:26:00,2011-11-07 09:14:00,"1","High_Value"
"17165",284.840972222222,6,1794.32,299.053333333333,788,0.404216199525607,77,"United Kingdom",2009-12-11 09:18:00,2011-02-28 16:39:00,"1","High_Value"
"17166",39.1277777777778,2,206.34,103.17,78,0.361312769730019,11,"United Kingdom",2011-05-20 08:18:00,2011-11-01 09:46:00,"2","Not_High_Value"
"17167",380.114583333333,3,867.11,289.036666666667,429,1.34659144041645,64,"United Kingdom",2010-09-20 14:02:00,2010-11-25 10:05:00,"1","High_Value"
"17168",499.011805555556,1,400.2,400.2,220,30,21,"United Kingdom",2010-07-29 12:33:00,2010-07-29 12:33:00,"2","Not_High_Value"
"17169",58.1006944444444,3,1156.73,385.576666666667,671,0.172449352982269,64,"United Kingdom",2010-05-10 13:00:00,2011-10-13 10:25:00,"1","High_Value"
"17170",374.871527777778,2,178.68,89.34,152,3.75456283678081,8,"United Kingdom",2010-11-15 16:23:00,2010-11-30 15:55:00,"2","Not_High_Value"
"17171",289.842361111111,2,384.59,192.295,225,0.160775593371728,25,"United Kingdom",2010-02-16 12:02:00,2011-02-23 16:37:00,"2","Not_High_Value"
"17172",79.1347222222222,3,956.57,318.856666666667,1215,0.138694177198934,39,"United Kingdom",2009-12-13 11:46:00,2011-09-22 09:36:00,"1","High_Value"
"17173",5.92361111111111,8,3766.6,470.825,1122,1.89023923340298,36,"United Kingdom",2011-07-31 15:26:00,2011-12-04 14:40:00,"1","High_Value"
"17174",218.04375,1,59.9,59.9,41,30,4,"United Kingdom",2011-05-06 11:47:00,2011-05-06 11:47:00,"2","Not_High_Value"
"17175",44.8881944444444,4,1443.69,360.9225,866,0.474262738263507,42,"United Kingdom",2011-02-16 14:56:00,2011-10-26 15:31:00,"1","High_Value"
"17176",202.00625,3,902.32,300.773333333333,576,0.188730901190053,37,"United Kingdom",2010-01-31 15:49:00,2011-05-22 12:41:00,"1","High_Value"
"17177",505.914583333333,1,119.5,119.5,40,30,29,"United Kingdom",2010-07-22 14:53:00,2010-07-22 14:53:00,"2","Not_High_Value"
"17178",731.854166666667,1,432.96,432.96,100,30,31,"United Kingdom",2009-12-08 16:20:00,2009-12-08 16:20:00,"2","Not_High_Value"
"17179",178.834722222222,6,1507.26,251.21,625,0.467257709211394,75,"United Kingdom",2010-05-26 11:22:00,2011-06-14 16:48:00,"1","High_Value"
"17180",56.8777777777778,11,2236.77,203.342727272727,1809,0.522219035279456,189,"United Kingdom",2010-01-21 17:43:00,2011-10-14 15:46:00,"1","High_Value"
"17181",57.9180555555556,3,309.85,103.283333333333,268,0.166931361070216,28,"United Kingdom",2010-04-23 11:21:00,2011-10-13 14:48:00,"2","Not_High_Value"
"17182",423.111805555556,2,321.3,160.65,54,0.202168159918758,4,"United Kingdom",2009-12-21 15:22:00,2010-10-13 10:09:00,"2","Not_High_Value"
"17183",8.11319444444444,6,3347.31,557.885,1296,1.82224659383304,42,"United Kingdom",2011-08-26 15:25:00,2011-12-02 10:07:00,"1","High_Value"
"17184",569.934722222222,2,198.41,99.205,73,0.370359257052472,14,"United Kingdom",2009-12-09 14:17:00,2010-05-19 14:24:00,"2","Not_High_Value"
"17185",592.024305555556,3,229.46,76.4866666666667,119,11.3425520742167,38,"United Kingdom",2010-04-20 13:49:00,2010-04-27 12:15:00,"2","Not_High_Value"
"17186",47.1041666666667,2,144,72,200,4.02834763148079,1,"United Kingdom",2011-10-10 12:52:00,2011-10-24 10:20:00,"2","Not_High_Value"
"17187",227.007638888889,2,467.71,233.855,426,0.199390290339033,21,"United Kingdom",2010-07-01 14:38:00,2011-04-27 12:39:00,"2","Not_High_Value"
"17188",11.95625,13,4592.93,353.302307692308,2569,0.541083728274997,136,"United Kingdom",2009-12-08 19:16:00,2011-11-28 13:53:00,"1","High_Value"
"17189",106.715972222222,5,953.63,190.726,601,0.23721822099513,101,"United Kingdom",2009-12-02 11:45:00,2011-08-25 19:39:00,"1","High_Value"
"17190",59.0534722222222,7,1726.57,246.652857142857,2218,0.357796992801465,160,"United Kingdom",2010-03-05 13:21:00,2011-10-12 11:33:00,"1","High_Value"
"17191",28.8277777777778,15,4310.34,287.356,2208,0.63289655657392,269,"United Kingdom",2009-12-01 16:34:00,2011-11-11 16:58:00,"1","High_Value"
"17192",536.863194444444,1,75.28,75.28,45,30,20,"United Kingdom",2010-06-21 16:07:00,2010-06-21 16:07:00,"2","Not_High_Value"
"17193",36.0020833333333,9,2310.04,256.671111111111,1668,0.38400568897317,28,"United Kingdom",2009-12-02 10:02:00,2011-11-04 12:47:00,"1","High_Value"
"17194",274.03125,3,812.5,270.833333333333,420,0.34890388720928,57,"United Kingdom",2010-06-27 13:16:00,2011-03-11 12:05:00,"1","High_Value"
"17195",655.989583333333,1,562.98,562.98,486,30,31,"United Kingdom",2010-02-22 13:05:00,2010-02-22 13:05:00,"2","Not_High_Value"
"17196",428.054861111111,1,327.75,327.75,154,30,84,"United Kingdom",2010-10-08 11:31:00,2010-10-08 11:31:00,"2","Not_High_Value"
"17197",30.0958333333333,1,1013.01,1013.01,191,30,29,"United Kingdom",2011-11-10 10:32:00,2011-11-10 10:32:00,"2","Not_High_Value"
"17198",24.0909722222222,3,692.22,230.74,357,0.258010571266462,89,"United Kingdom",2010-12-03 14:54:00,2011-11-16 10:39:00,"1","High_Value"
"17199",582.95625,1,135.04,135.04,232,30,8,"United Kingdom",2010-05-06 13:53:00,2010-05-06 13:53:00,"2","Not_High_Value"
"17200",387.990277777778,4,356.71,89.1775,367,0.451150198030917,25,"United Kingdom",2010-02-25 13:23:00,2010-11-17 13:04:00,"2","Not_High_Value"
"17201",54.0381944444444,4,1143.1,285.775,1004,0.195128781608209,154,"United Kingdom",2010-02-10 12:26:00,2011-10-17 11:55:00,"1","High_Value"
"17202",421.059027777778,1,160.65,160.65,55,30,8,"United Kingdom",2010-10-15 11:25:00,2010-10-15 11:25:00,"2","Not_High_Value"
"17203",36.0159722222222,10,5564.09,556.409,4597,0.847499190755981,195,"United Kingdom",2010-11-16 12:52:00,2011-11-04 12:27:00,"1","High_Value"
"17204",175.919444444444,9,5504.69,611.632222222222,2651,0.72360596974925,110,"United Kingdom",2010-06-10 11:37:00,2011-06-17 14:46:00,"1","High_Value"
"17205",54.0027777777778,3,999.35,333.116666666667,2214,0.175821790506166,27,"United Kingdom",2010-05-24 15:36:00,2011-10-17 12:46:00,"1","High_Value"
"17206",53.9756944444444,1,204.24,204.24,76,30,7,"United Kingdom",2011-10-17 13:25:00,2011-10-17 13:25:00,"2","Not_High_Value"
"17207",652.7375,1,292.62,292.62,233,30,55,"United Kingdom",2010-02-25 19:08:00,2010-02-25 19:08:00,"2","Not_High_Value"
"17208",396,1,111.15,111.15,101,30,21,"United Kingdom",2010-11-09 12:50:00,2010-11-09 12:50:00,"2","Not_High_Value"
"17209",649.867361111111,3,595.7,198.566666666667,723,1.02038406122304,36,"United Kingdom",2009-12-03 11:10:00,2010-02-28 16:01:00,"2","Not_High_Value"
"17210",393.024305555556,1,251.72,251.72,242,30,47,"United Kingdom",2010-11-12 12:15:00,2010-11-12 12:15:00,"2","Not_High_Value"
"17211",27.0326388888889,13,3773.35,290.257692307692,2141,0.556388861919264,217,"United Kingdom",2009-12-13 13:17:00,2011-11-13 12:03:00,"1","High_Value"
"17212",253.713888888889,3,794.41,264.803333333333,727,0.383908999348303,29,"United Kingdom",2010-08-10 09:22:00,2011-03-31 19:42:00,"1","High_Value"
"17213",40.9145833333333,13,4869.4,374.569230769231,2087,0.569190150659038,130,"United Kingdom",2009-12-15 10:28:00,2011-10-30 14:53:00,"1","High_Value"
"17214",60.98125,6,1059.12,176.52,272,0.600162544022339,79,"United Kingdom",2010-12-15 15:14:00,2011-10-10 13:17:00,"1","High_Value"
"17215",464.965972222222,1,186.15,186.15,104,30,11,"United Kingdom",2010-09-01 13:39:00,2010-09-01 13:39:00,"2","Not_High_Value"
"17216",554.990972222222,1,63.6,63.6,21,30,13,"United Kingdom",2010-06-03 13:03:00,2010-06-03 13:03:00,"2","Not_High_Value"
"17217",234.813194444444,2,210.1,105.05,93,0.155377798239052,27,"United Kingdom",2010-03-30 13:35:00,2011-04-19 17:19:00,"2","Not_High_Value"
"17218",4.95694444444444,18,3891.39,216.188333333333,2066,0.794231201356403,248,"United Kingdom",2010-01-25 16:12:00,2011-12-05 13:52:00,"1","High_Value"
"17219",32.0590277777778,2,259.13,129.565,188,0.155441533114084,43,"United Kingdom",2010-10-19 11:29:00,2011-11-08 11:25:00,"2","Not_High_Value"
"17220",24.9604166666667,21,4457.31,212.252857142857,2663,0.947259608858631,408,"United Kingdom",2010-01-20 11:57:00,2011-11-15 13:47:00,"1","High_Value"
"17221",7.96875,5,976.62,195.324,713,0.249618349722242,115,"United Kingdom",2010-04-11 15:34:00,2011-12-02 13:35:00,"1","High_Value"
"17222",65.9527777777778,6,1579.51,263.251666666667,857,0.283938418664569,94,"United Kingdom",2010-01-10 15:24:00,2011-10-05 13:58:00,"1","High_Value"
"17223",310.870138888889,3,558.04,186.013333333333,155,1.36481391773205,62,"United Kingdom",2010-11-29 17:19:00,2011-02-02 15:57:00,"2","Not_High_Value"
"17224",501.972222222222,1,100.86,100.86,65,30,8,"United Kingdom",2010-07-26 13:30:00,2010-07-26 13:30:00,"2","Not_High_Value"
"17225",582.05,1,131.15,131.15,36,30,5,"United Kingdom",2010-05-07 11:38:00,2010-05-07 11:38:00,"2","Not_High_Value"
"17226",309.040277777778,3,895.47,298.49,853,0.251474209340637,51,"United Kingdom",2010-02-12 14:31:00,2011-02-04 11:52:00,"1","High_Value"
"17227",19.0826388888889,12,1878.93,156.5775,1681,0.532683371935067,58,"United Kingdom",2010-01-15 15:05:00,2011-11-21 10:51:00,"1","High_Value"
"17228",16.1013888888889,13,2820.03,216.925384615385,2354,0.626066017858935,199,"United Kingdom",2010-03-12 11:54:00,2011-11-24 10:24:00,"1","High_Value"
"17229",96.9541666666667,2,318.76,159.38,185,1.27512618436199,39,"United Kingdom",2011-07-20 12:38:00,2011-09-04 13:56:00,"2","Not_High_Value"
"17230",264.859722222222,18,9388.49,521.582777777778,3753,1.1535876784493,141,"United Kingdom",2009-12-08 13:41:00,2011-03-20 16:12:00,"1","High_Value"
"17231",12.8972222222222,25,7064.8,282.592,3681,1.0403020728982,509,"United Kingdom",2009-12-07 16:38:00,2011-11-27 15:18:00,"1","High_Value"
"17232",3.02013888888889,2,417.77,208.885,202,4.61612437890688,30,"United Kingdom",2011-11-25 12:24:00,2011-12-07 12:21:00,"2","Not_High_Value"
"17233",35.9472222222222,3,560.86,186.953333333333,298,0.130418637789404,56,"United Kingdom",2009-12-15 12:03:00,2011-11-04 14:06:00,"1","High_Value"
"17234",183.0625,1,149.89,149.89,55,30,14,"United Kingdom",2011-06-10 11:20:00,2011-06-10 11:20:00,"2","Not_High_Value"
"17235",25.8743055555556,8,1562.98,195.3725,845,0.453727894550276,52,"United Kingdom",2010-06-04 17:01:00,2011-11-14 15:51:00,"1","High_Value"
"17236",13.0347222222222,12,1929.26,160.771666666667,804,0.57056065508816,123,"United Kingdom",2010-03-07 13:00:00,2011-11-27 12:00:00,"1","High_Value"
"17237",11.9083333333333,4,994.13,248.5325,414,0.323330907104111,76,"United Kingdom",2010-11-23 11:45:00,2011-11-28 15:02:00,"1","High_Value"
"17238",3.05208333333333,32,7331.67,229.1146875,3555,1.30253383535158,486,"United Kingdom",2009-12-01 10:59:00,2011-12-07 11:35:00,"1","High_Value"
"17239",313.13125,4,1189.45,297.3625,515,0.558269364968597,18,"United Kingdom",2010-07-01 10:53:00,2011-01-31 09:41:00,"1","High_Value"
"17240",596.879166666667,1,130.6,130.6,108,30,7,"United Kingdom",2010-04-22 15:44:00,2010-04-22 15:44:00,"2","Not_High_Value"
"17241",385.992361111111,12,2736.64,228.053333333333,859,1.29530701074925,116,"United Kingdom",2010-02-15 14:47:00,2010-11-19 13:01:00,"1","High_Value"
"17242",108.913194444444,5,2889.28,577.856,1459,0.259881513280427,44,"United Kingdom",2010-01-24 10:27:00,2011-08-23 14:55:00,"1","High_Value"
"17243",1.975,69,20203.58,292.805507246377,7932,2.80522120479206,359,"United Kingdom",2009-12-01 15:36:00,2011-12-08 13:26:00,"1","High_Value"
"17244",53.8965277777778,5,1826.04,365.208,1419,0.22021221933137,109,"United Kingdom",2009-12-06 11:27:00,2011-10-17 15:19:00,"1","High_Value"
"17245",205.088194444444,2,371.63,185.815,307,0.123509028738721,24,"United Kingdom",2010-01-19 15:39:00,2011-05-19 10:43:00,"2","Not_High_Value"
"17246",547.009722222222,2,38.92,19.46,36,0.311226860607108,6,"United Kingdom",2009-12-01 17:45:00,2010-06-11 12:36:00,"2","Not_High_Value"
"17247",15.8951388888889,1,280.09,280.09,105,30,53,"United Kingdom",2011-11-24 15:21:00,2011-11-24 15:21:00,"2","Not_High_Value"
"17248",120.969444444444,2,500.54,250.27,276,0.1657143843538,85,"United Kingdom",2010-08-15 11:55:00,2011-08-11 13:34:00,"1","High_Value"
"17249",429.053472222222,1,68.03,68.03,79,30,27,"United Kingdom",2010-10-07 11:33:00,2010-10-07 11:33:00,"2","Not_High_Value"
"17250",4.02430555555556,2,381.97,190.985,167,0.231828060854866,55,"United Kingdom",2011-03-23 16:45:00,2011-12-06 12:15:00,"1","High_Value"
"17251",363.072222222222,3,798.98,266.326666666667,377,0.247919655667145,65,"United Kingdom",2009-12-15 10:36:00,2010-12-12 11:06:00,"1","High_Value"
"17252",117.128472222222,2,348.91,174.455,192,0.848522941546197,86,"United Kingdom",2011-06-06 16:41:00,2011-08-15 09:45:00,"2","Not_High_Value"
"17253",18.99375,1,178.26,178.26,43,30,18,"United Kingdom",2011-11-21 12:59:00,2011-11-21 12:59:00,"2","Not_High_Value"
"17254",5.00277777777778,3,469.48,156.493333333333,397,0.226159854531748,129,"United Kingdom",2010-11-03 14:00:00,2011-12-05 12:46:00,"1","High_Value"
"17255",41.0222222222222,4,781.7,195.425,583,0.294948494960443,163,"United Kingdom",2010-09-19 15:53:00,2011-10-30 12:18:00,"1","High_Value"
"17256",107.972222222222,5,498.93,99.786,299,0.303647993252267,20,"United Kingdom",2010-04-18 13:40:00,2011-08-24 13:30:00,"2","Not_High_Value"
"17257",436.999305555556,2,189.78,94.89,187,59.9167822468793,14,"United Kingdom",2010-09-29 12:49:00,2010-09-29 12:51:00,"2","Not_High_Value"
"17258",397.009027777778,2,417.3,208.65,188,0.222333160064435,46,"United Kingdom",2010-02-12 15:51:00,2010-11-08 12:37:00,"2","Not_High_Value"
"17259",148.909027777778,6,1452.39,242.065,844,0.354290510017045,179,"United Kingdom",2010-02-22 13:38:00,2011-07-14 15:01:00,"1","High_Value"
"17260",411.978472222222,1,120.95,120.95,23,30,6,"United Kingdom",2010-10-24 13:21:00,2010-10-24 13:21:00,"2","Not_High_Value"
"17261",510.042361111111,1,221.59,221.59,95,30,43,"United Kingdom",2010-07-18 11:49:00,2010-07-18 11:49:00,"2","Not_High_Value"
"17262",52.9958333333333,11,2488.76,226.250909090909,635,0.490296220633299,12,"United Kingdom",2009-12-15 11:26:00,2011-10-18 12:56:00,"1","High_Value"
"17263",208.929166666667,1,63.44,63.44,36,30,23,"United Kingdom",2011-05-15 14:32:00,2011-05-15 14:32:00,"2","Not_High_Value"
"17264",424.998611111111,1,268.28,268.28,217,30,70,"United Kingdom",2010-10-11 12:52:00,2010-10-11 12:52:00,"2","Not_High_Value"
"17265",139.084027777778,2,550.01,275.005,389,1.39695063784378,106,"United Kingdom",2011-06-12 12:00:00,2011-07-24 10:49:00,"1","High_Value"
"17266",2.94305555555556,5,501.72,100.344,243,0.234688223214577,95,"United Kingdom",2010-03-09 10:42:00,2011-12-07 14:12:00,"1","High_Value"
"17267",127.811111111111,2,317.2,158.6,158,59.8752598752599,37,"United Kingdom",2011-08-04 17:19:00,2011-08-04 17:22:00,"2","Not_High_Value"
"17268",108.113888888889,11,1733.89,157.626363636364,1395,0.528058673185909,26,"United Kingdom",2009-12-08 11:46:00,2011-08-24 10:06:00,"1","High_Value"
"17269",386.068055555556,1,491.81,491.81,314,30,110,"United Kingdom",2010-11-19 11:12:00,2010-11-19 11:12:00,"2","Not_High_Value"
"17270",469.945138888889,2,601.45,300.725,420,0.227385774177503,45,"United Kingdom",2009-12-07 17:18:00,2010-08-27 14:09:00,"2","Not_High_Value"
"17271",736.959027777778,1,204.3,204.3,113,30,46,"United Kingdom",2009-12-03 13:49:00,2009-12-03 13:49:00,"2","Not_High_Value"
"17272",42.8423611111111,4,2148.63,537.1575,1778,0.542522730697744,70,"United Kingdom",2011-03-22 12:05:00,2011-10-28 16:37:00,"1","High_Value"
"17273",424.870138888889,1,141.12,141.12,133,30,12,"United Kingdom",2010-10-11 15:57:00,2010-10-11 15:57:00,"2","Not_High_Value"
"17274",35.9819444444444,2,573.22,286.61,271,0.166182608528399,76,"United Kingdom",2010-11-09 12:06:00,2011-11-04 13:16:00,"1","High_Value"
"17275",383.975,1,114.1,114.1,71,30,23,"United Kingdom",2010-11-21 13:26:00,2010-11-21 13:26:00,"2","Not_High_Value"
"17276",402.854166666667,1,502.49,502.49,187,30,50,"United Kingdom",2010-11-02 16:20:00,2010-11-02 16:20:00,"2","Not_High_Value"
"17277",228.002083333333,2,1065.35,532.675,430,0.6249547920434,67,"United Kingdom",2011-01-21 12:37:00,2011-04-26 12:47:00,"1","High_Value"
"17278",241.986111111111,2,271.24,135.62,195,0.184630770512927,17,"United Kingdom",2010-05-23 13:49:00,2011-04-12 13:10:00,"2","Not_High_Value"
"17279",58.0361111111111,1,187.83,187.83,48,30,8,"United Kingdom",2011-10-13 11:58:00,2011-10-13 11:58:00,"2","Not_High_Value"
"17280",438.836111111111,1,118.86,118.86,74,30,6,"United Kingdom",2010-09-27 16:46:00,2010-09-27 16:46:00,"2","Not_High_Value"
"17281",374.78125,6,797.85,132.975,295,0.599576687755173,2,"United Kingdom",2010-02-04 13:00:00,2010-11-30 18:05:00,"2","Not_High_Value"
"17282",130.93125,5,2308.54,461.708,2332,0.357910992838466,168,"United Kingdom",2010-06-09 12:07:00,2011-08-01 14:29:00,"1","High_Value"
"17283",379.039583333333,1,188.46,188.46,179,30,15,"United Kingdom",2010-11-26 11:53:00,2010-11-26 11:53:00,"2","Not_High_Value"
"17284",60.925,8,2788.06,348.5075,2069,0.621873537985389,285,"United Kingdom",2010-09-20 16:18:00,2011-10-10 14:38:00,"1","High_Value"
"17285",628.966666666667,2,407.94,203.97,134,1.66769610870908,41,"United Kingdom",2010-02-14 14:10:00,2010-03-21 13:38:00,"2","Not_High_Value"
"17286",22.0020833333333,3,389.18,129.726666666667,368,0.236866345971079,89,"United Kingdom",2010-11-04 13:43:00,2011-11-18 12:47:00,"1","High_Value"
"17287",26.9743055555556,21,3826.86,182.231428571429,1955,0.886039602219787,279,"United Kingdom",2009-12-03 12:45:00,2011-11-13 13:27:00,"1","High_Value"
"17288",9.86180555555556,11,2468.43,224.402727272727,1699,0.854791563610199,233,"United Kingdom",2010-11-10 14:44:00,2011-11-30 16:09:00,"1","High_Value"
"17289",32.0340277777778,9,2041.8,226.866666666667,1237,0.441924143175239,202,"United Kingdom",2010-03-08 12:52:00,2011-11-08 12:01:00,"1","High_Value"
"17290",4.00833333333333,8,1487.96,185.995,1139,0.33150761143778,184,"United Kingdom",2009-12-13 13:28:00,2011-12-06 12:38:00,"1","High_Value"
"17291",308.990277777778,1,550.8,550.8,72,30,1,"United Kingdom",2011-02-04 13:04:00,2011-02-04 13:04:00,"2","Not_High_Value"
"17292",472.816666666667,2,271.75,135.875,131,0.555048759491719,14,"United Kingdom",2010-05-09 14:52:00,2010-08-24 17:14:00,"2","Not_High_Value"
"17293",8.92569444444444,17,3750.63,220.625294117647,2228,0.699609803682478,148,"United Kingdom",2009-12-03 15:09:00,2011-12-01 14:37:00,"1","High_Value"
"17294",669.859722222222,2,467.79,233.895,297,55.705996131528,17,"United Kingdom",2010-02-08 14:21:00,2010-02-08 16:12:00,"2","Not_High_Value"
"17295",29.0840277777778,3,547,182.333333333333,293,2.43668565626939,53,"United Kingdom",2011-10-06 12:22:00,2011-11-11 10:49:00,"1","High_Value"
"17296",730.950694444444,1,338.13,338.13,216,30,32,"United Kingdom",2009-12-09 14:01:00,2009-12-09 14:01:00,"2","Not_High_Value"
"17297",17.9215277777778,1,128.18,128.18,65,30,49,"United Kingdom",2011-11-22 14:43:00,2011-11-22 14:43:00,"2","Not_High_Value"
"17298",101.838194444444,5,954.26,190.852,852,0.277098217206516,61,"United Kingdom",2010-03-08 08:56:00,2011-08-30 16:43:00,"1","High_Value"
"17299",12.0340277777778,6,993.23,165.538333333333,919,0.382300321090972,96,"United Kingdom",2010-08-15 16:00:00,2011-11-28 12:01:00,"1","High_Value"
"17300",391.079166666667,2,393.64,196.82,467,0.652203451243263,37,"United Kingdom",2010-08-15 11:02:00,2010-11-14 10:56:00,"2","Not_High_Value"
"17301",21.9631944444444,2,294.39,147.195,216,0.0993346646937699,107,"United Kingdom",2010-03-25 13:16:00,2011-11-18 13:43:00,"1","High_Value"
"17302",15.1347222222222,5,1135.63,227.126,575,0.513745058771483,68,"United Kingdom",2011-02-07 10:14:00,2011-11-25 09:36:00,"1","High_Value"
"17303",361.970833333333,1,250.04,250.04,144,30,53,"United Kingdom",2010-12-13 13:32:00,2010-12-13 13:32:00,"2","Not_High_Value"
"17304",534.852083333333,1,111.5,111.5,73,30,5,"United Kingdom",2010-06-23 16:23:00,2010-06-23 16:23:00,"2","Not_High_Value"
"17305",649.002083333333,1,2135.46,2135.46,1006,30,9,"United Kingdom",2010-03-01 12:47:00,2010-03-01 12:47:00,"2","Not_High_Value"
"17306",11.025,21,9782.35,465.826190476191,13747,1.59888331958632,17,"United Kingdom",2010-11-01 11:38:00,2011-11-29 12:14:00,"1","High_Value"
"17307",395.965277777778,11,3999.89,363.626363636364,3667,1.11911299932646,22,"United Kingdom",2010-01-19 16:38:00,2010-11-09 13:40:00,"1","High_Value"
"17308",393.979861111111,2,4511.76,2255.88,5148,0.997414111562615,5,"United Kingdom",2010-09-13 09:35:00,2010-11-11 13:19:00,"1","High_Value"
"17309",95.8958333333333,3,320.39,106.796666666667,181,0.155445821254098,33,"United Kingdom",2010-02-04 15:49:00,2011-09-05 15:20:00,"2","Not_High_Value"
"17310",387.868055555556,2,1025.1,512.55,402,0.404907630446804,1,"United Kingdom",2010-06-23 11:38:00,2010-11-17 16:00:00,"2","Not_High_Value"
"17311",78.94375,6,3566.56,594.426666666667,2755,0.301474924195107,124,"United Kingdom",2010-02-03 12:38:00,2011-09-22 14:11:00,"1","High_Value"
"17312",139.040277777778,3,644.3,214.766666666667,372,4.10126582278481,11,"United Kingdom",2011-07-03 13:12:00,2011-07-24 11:52:00,"2","Not_High_Value"
"17313",31.8784722222222,1,2328.84,2328.84,1402,30,24,"United Kingdom",2011-11-08 15:45:00,2011-11-08 15:45:00,"1","High_Value"
"17314",25.13125,17,4904.43,288.495882352941,3663,0.715359978804149,200,"United Kingdom",2009-12-03 11:25:00,2011-11-15 09:41:00,"1","High_Value"
"17315",2.02430555555556,43,9599.58,223.246046511628,5088,2.94534557389526,385,"United Kingdom",2010-09-27 12:45:00,2011-12-08 12:15:00,"1","High_Value"
"17316",420.927083333333,1,124.45,124.45,44,30,35,"United Kingdom",2010-10-15 14:35:00,2010-10-15 14:35:00,"2","Not_High_Value"
"17317",46.8131944444444,3,2600.34,866.78,1146,2.0366470754628,8,"United Kingdom",2011-09-11 12:45:00,2011-10-24 17:19:00,"1","High_Value"
"17318",725.985416666667,1,157.33,157.33,59,30,17,"United Kingdom",2009-12-14 13:11:00,2009-12-14 13:11:00,"2","Not_High_Value"
"17319",669.877083333333,1,29.1,29.1,14,30,3,"United Kingdom",2010-02-08 15:47:00,2010-02-08 15:47:00,"2","Not_High_Value"
"17320",100.971527777778,6,2444.85,407.475,1182,0.306186816484002,86,"United Kingdom",2010-01-21 16:29:00,2011-08-31 13:31:00,"1","High_Value"
"17321",8.96458333333333,6,1665.21,277.535,790,0.31575446679279,241,"United Kingdom",2010-05-11 12:10:00,2011-12-01 13:41:00,"1","High_Value"
"17322",376.922916666667,5,922.59,184.518,631,0.415372633481727,115,"United Kingdom",2009-12-03 11:46:00,2010-11-28 14:41:00,"1","High_Value"
"17323",15.80625,12,1551.04,129.253333333333,1426,0.526138978230797,168,"United Kingdom",2010-01-10 11:58:00,2011-11-24 17:29:00,"1","High_Value"
"17324",18.0944444444444,12,2171.07,180.9225,1485,0.51078672388056,111,"United Kingdom",2009-12-18 15:29:00,2011-11-22 10:34:00,"1","High_Value"
"17325",280.986805555556,3,609.57,203.19,465,0.248572053289552,39,"United Kingdom",2010-03-08 11:31:00,2011-03-04 13:09:00,"2","Not_High_Value"
"17326",408.883333333333,2,312.35,156.175,136,0.49154306975474,82,"United Kingdom",2010-06-28 14:05:00,2010-10-27 15:38:00,"2","Not_High_Value"
"17327",410.122222222222,2,152.35,76.175,59,0.389761541723432,3,"United Kingdom",2010-05-26 11:20:00,2010-10-26 09:54:00,"2","Not_High_Value"
"17328",673.81875,1,104.7,104.7,86,30,6,"United Kingdom",2010-02-04 17:11:00,2010-02-04 17:11:00,"2","Not_High_Value"
"17329",14.9347222222222,5,998.53,199.706,430,0.207489805622397,80,"United Kingdom",2009-12-03 16:09:00,2011-11-25 14:24:00,"1","High_Value"
"17330",23.1625,4,423.8,105.95,122,0.191698394525946,7,"United Kingdom",2010-03-02 09:20:00,2011-11-17 08:56:00,"2","Not_High_Value"
"17331",124.038194444444,1,175.2,175.2,16,30,1,"United Kingdom",2011-08-08 11:55:00,2011-08-08 11:55:00,"2","Not_High_Value"
"17332",528.861111111111,5,838.27,167.654,794,1.16223385651793,82,"United Kingdom",2010-02-21 14:41:00,2010-06-29 16:10:00,"1","High_Value"
"17333",86.1104166666667,1,494.25,494.25,375,30,28,"United Kingdom",2011-09-15 10:11:00,2011-09-15 10:11:00,"2","Not_High_Value"
"17334",302.910416666667,3,635.15,211.716666666667,566,0.856219815939166,20,"United Kingdom",2010-10-29 12:16:00,2011-02-10 14:59:00,"2","Not_High_Value"
"17335",384.10625,2,497.04,248.52,210,0.198701997599018,34,"United Kingdom",2010-01-24 11:15:00,2010-11-21 10:17:00,"2","Not_High_Value"
"17336",472.884027777778,1,81.12,81.12,48,30,1,"United Kingdom",2010-08-24 15:37:00,2010-08-24 15:37:00,"2","Not_High_Value"
"17337",151.913194444444,4,1981.06,495.265,1247,0.750426674888934,421,"United Kingdom",2011-02-02 17:06:00,2011-07-11 14:55:00,"1","High_Value"
"17338",17.9354166666667,17,11889.33,699.372352941176,5780,0.818716318808848,590,"United Kingdom",2010-03-10 16:09:00,2011-11-22 14:23:00,"1","High_Value"
"17339",94.9729166666667,3,302.36,100.786666666667,172,0.216338569861834,10,"United Kingdom",2010-07-18 13:08:00,2011-09-06 13:29:00,"2","Not_High_Value"
"17340",30.0868055555556,18,19617.95,1089.88611111111,9497,0.850625334326605,322,"United Kingdom",2010-02-14 14:54:00,2011-11-10 10:45:00,"1","High_Value"
"17341",157.011805555556,5,1272.21,254.442,831,0.389852289299277,200,"United Kingdom",2010-06-17 18:17:00,2011-07-06 12:33:00,"1","High_Value"
"17342",380.071527777778,4,1227.54,306.885,521,0.412261929471718,31,"United Kingdom",2010-02-08 09:16:00,2010-11-25 11:07:00,"1","High_Value"
"17343",355.904861111111,6,1259.94,209.99,454,0.471378144566876,61,"United Kingdom",2009-12-03 18:30:00,2010-12-19 15:07:00,"1","High_Value"
"17344",46.9958333333333,2,457.36,228.68,200,0.0878454976640621,64,"United Kingdom",2009-12-11 12:31:00,2011-10-24 12:56:00,"1","High_Value"
"17345",15.9076388888889,10,1586.63,158.663,2008,0.414394054212718,174,"United Kingdom",2009-12-01 16:17:00,2011-11-24 15:03:00,"1","High_Value"
"17346",4.02222222222222,26,4998.61,192.254230769231,3439,1.30434782608696,517,"United Kingdom",2010-04-18 12:18:00,2011-12-06 12:18:00,"1","High_Value"
"17347",86.9847222222222,1,228.96,228.96,216,30,1,"United Kingdom",2011-09-14 13:12:00,2011-09-14 13:12:00,"2","Not_High_Value"
"17348",15.0590277777778,9,2442.29,271.365555555556,2766,0.431332871824911,326,"United Kingdom",2010-03-10 12:13:00,2011-11-25 11:25:00,"1","High_Value"
"17349",179.93125,5,772.41,154.482,772,0.331124304983881,74,"United Kingdom",2010-03-18 14:26:00,2011-06-13 14:29:00,"1","High_Value"
"17350",8.87708333333333,7,1893.701,270.528714285714,1178,0.313898412757728,124,"United Kingdom",2010-02-01 15:38:00,2011-12-01 15:47:00,"1","High_Value"
"17351",36.7534722222222,12,1988.23,165.685833333333,383,0.518730950346321,45,"United Kingdom",2009-12-10 18:43:00,2011-11-03 18:45:00,"1","High_Value"
"17352",696.859027777778,1,36.25,36.25,15,30,5,"United Kingdom",2010-01-12 16:13:00,2010-01-12 16:13:00,"2","Not_High_Value"
"17353",129.813194444444,4,3242,810.5,2168,0.241845076395333,7,"United Kingdom",2010-03-25 12:52:00,2011-08-02 17:19:00,"1","High_Value"
"17354",51.0944444444444,4,3133.96,783.49,2531,0.316720186512999,85,"United Kingdom",2010-10-07 13:22:00,2011-10-20 10:34:00,"1","High_Value"
"17355",386.980555555556,1,273.31,273.31,249,30,28,"United Kingdom",2010-11-18 13:18:00,2010-11-18 13:18:00,"2","Not_High_Value"
"17356",312.071527777778,5,946.47,189.294,925,0.396874247822244,73,"United Kingdom",2010-01-20 12:14:00,2011-02-01 11:07:00,"1","High_Value"
"17357",24.8472222222222,2,384.39,192.195,152,59.9583622484386,41,"United Kingdom",2011-11-15 16:29:00,2011-11-15 16:30:00,"2","Not_High_Value"
"17358",303.828472222222,5,861.01,172.202,430,0.427337745199869,126,"United Kingdom",2010-02-24 16:42:00,2011-02-09 16:57:00,"1","High_Value"
"17359",11.9256944444444,2,284.46,142.23,237,0.0940450131652134,36,"United Kingdom",2010-03-01 14:48:00,2011-11-28 14:37:00,"2","Not_High_Value"
"17360",17.9854166666667,6,1200.51,200.085,624,0.430576227939613,189,"United Kingdom",2010-10-01 12:07:00,2011-11-22 13:11:00,"1","High_Value"
"17361",49.8798611111111,5,871.79,174.358,380,0.238834223617388,51,"United Kingdom",2010-02-01 14:30:00,2011-10-21 15:43:00,"1","High_Value"
"17362",239.921527777778,7,1024.04,146.291428571429,549,0.452430467242179,99,"United Kingdom",2010-01-06 10:53:00,2011-04-14 14:43:00,"1","High_Value"
"17363",395.81875,3,920.46,306.82,499,11.2636885103424,34,"United Kingdom",2010-11-02 17:25:00,2010-11-09 17:11:00,"2","Not_High_Value"
"17364",1.15972222222222,28,11972.92,427.604285714286,7464,1.14639684892506,513,"United Kingdom",2009-12-07 15:28:00,2011-12-09 09:00:00,"1","High_Value"
"17365",13.0256944444444,15,8184.49,545.632666666667,8015,0.676679716421074,395,"United Kingdom",2010-02-01 11:56:00,2011-11-27 12:13:00,"1","High_Value"
"17366",432.865277777778,2,1077.24,538.62,504,2.41489183296998,120,"United Kingdom",2010-09-09 19:46:00,2010-10-03 16:04:00,"1","High_Value"
"17367",238.936805555556,1,167.55,167.55,149,30,33,"United Kingdom",2011-04-15 14:21:00,2011-04-15 14:21:00,"2","Not_High_Value"
"17368",23.8916666666667,14,2758.29,197.020714285714,2319,0.598372876928907,195,"United Kingdom",2009-12-15 17:45:00,2011-11-16 15:26:00,"1","High_Value"
"17369",456.125694444444,1,979.2,979.2,1152,30,1,"United Kingdom",2010-09-10 09:49:00,2010-09-10 09:49:00,"2","Not_High_Value"
"17370",73.1083333333333,4,446.18,111.545,540,1.22532334921715,31,"United Kingdom",2011-06-23 11:50:00,2011-09-28 10:14:00,"2","Not_High_Value"
"17371",17.9722222222222,6,655.37,109.228333333333,281,0.251732359553835,135,"United Kingdom",2009-12-08 12:25:00,2011-11-22 13:30:00,"1","High_Value"
"17372",41.0506944444444,28,4347.31,155.261071428571,1863,1.20567432439975,412,"United Kingdom",2009-12-03 18:41:00,2011-10-30 11:37:00,"1","High_Value"
"17373",40.8902777777778,7,1167.5,166.785714285714,738,0.344234471029778,65,"United Kingdom",2010-02-28 14:17:00,2011-10-30 15:28:00,"1","High_Value"
"17374",219.15625,3,727.11,242.37,155,0.506584424874233,34,"United Kingdom",2010-11-09 17:14:00,2011-05-05 09:05:00,"2","Not_High_Value"
"17375",199.878472222222,4,660.55,165.1375,480,0.514421974868343,77,"United Kingdom",2010-10-04 09:14:00,2011-05-24 15:45:00,"1","High_Value"
"17376",71.0097222222222,4,453.64,113.41,244,0.264866149094504,41,"United Kingdom",2010-07-05 11:11:00,2011-09-30 12:36:00,"2","Not_High_Value"
"17377",24.0645833333333,78,17644.27,226.20858974359,7335,3.27298794193011,505,"United Kingdom",2009-12-02 12:39:00,2011-11-16 11:17:00,"1","High_Value"
"17378",374.752777777778,1,10.95,10.95,1,30,1,"United Kingdom",2010-11-30 18:46:00,2010-11-30 18:46:00,"2","Not_High_Value"
"17379",11.9541666666667,1,389.72,389.72,623,30,71,"United Kingdom",2011-11-28 13:56:00,2011-11-28 13:56:00,"2","Not_High_Value"
"17380",434.838888888889,3,645,215,252,0.889145021199523,5,"United Kingdom",2010-06-23 11:24:00,2010-10-01 16:42:00,"2","Not_High_Value"
"17381",9.03541666666667,38,36398.65,957.859210526316,42879,2.10736035656702,50,"United Kingdom",2010-06-09 12:55:00,2011-12-01 11:59:00,"1","High_Value"
"17382",65.9895833333333,8,902.28,112.785,457,0.4751874075337,16,"United Kingdom",2010-05-19 11:33:00,2011-10-05 13:05:00,"1","High_Value"
"17383",4.80138888888889,2,304.09,152.045,160,0.133300008331251,51,"United Kingdom",2010-09-12 14:54:00,2011-12-05 17:36:00,"1","High_Value"
"17384",19.8763888888889,3,507.55,169.183333333333,121,0.200449464617421,15,"United Kingdom",2010-08-29 16:01:00,2011-11-20 15:48:00,"2","Not_High_Value"
"17385",15.075,1,256.11,256.11,197,30,42,"United Kingdom",2011-11-25 11:02:00,2011-11-25 11:02:00,"2","Not_High_Value"
"17386",8.05694444444444,7,2812.77,401.824285714286,1955,0.554223756845323,32,"United Kingdom",2010-11-19 13:40:00,2011-12-02 11:28:00,"1","High_Value"
"17387",20.0763888888889,2,746.81,373.405,522,4.00463499420626,71,"United Kingdom",2011-11-06 11:25:00,2011-11-20 11:00:00,"1","High_Value"
"17388",78.0965277777778,11,2675.37,243.215454545455,2555,0.505399650729703,41,"United Kingdom",2009-12-10 11:45:00,2011-09-23 10:31:00,"1","High_Value"
"17389",1.13333333333333,61,57215.33,937.956229508197,17880,2.48676030393737,63,"United Kingdom",2009-12-04 12:06:00,2011-12-09 09:38:00,"1","High_Value"
"17390",421.05625,1,149.3,149.3,49,30,12,"United Kingdom",2010-10-15 11:29:00,2010-10-15 11:29:00,"2","Not_High_Value"
"17391",164.119444444444,2,508.8,254.4,480,31.5674095725247,2,"United Kingdom",2011-06-28 12:21:00,2011-06-29 09:58:00,"2","Not_High_Value"
"17392",307.001388888889,3,585.92,195.306666666667,450,0.621311561860291,66,"United Kingdom",2010-09-15 16:17:00,2011-02-06 12:48:00,"1","High_Value"
"17393",411.069444444444,2,381.15,190.575,238,0.761387770208941,45,"United Kingdom",2010-08-08 15:53:00,2010-10-25 11:10:00,"2","Not_High_Value"
"17394",219.977777777778,1,203.87,203.87,241,30,4,"United Kingdom",2011-05-04 13:22:00,2011-05-04 13:22:00,"2","Not_High_Value"
"17395",508.886111111111,1,97.5,97.5,66,30,3,"United Kingdom",2010-07-19 15:34:00,2010-07-19 15:34:00,"2","Not_High_Value"
"17396",39.9430555555556,14,8409.6,600.685714285714,2313,1.04206151746763,29,"United Kingdom",2010-09-24 13:04:00,2011-10-31 14:12:00,"1","High_Value"
"17397",22.9458333333333,3,1198.28,399.426666666667,691,0.227828875200405,132,"United Kingdom",2010-10-19 13:20:00,2011-11-17 14:08:00,"1","High_Value"
"17398",115.126388888889,3,653.38,217.793333333333,310,0.634410918133579,30,"United Kingdom",2011-03-29 13:04:00,2011-08-17 09:48:00,"2","Not_High_Value"
"17400",126.883333333333,8,4623.28,577.91,2185,0.402011453138795,345,"United Kingdom",2009-12-17 15:41:00,2011-08-05 15:38:00,"1","High_Value"
"17401",541.830555555556,1,114.85,114.85,34,30,11,"United Kingdom",2010-06-16 16:54:00,2010-06-16 16:54:00,"2","Not_High_Value"
"17402",5.10763888888889,23,4635.56,201.546086956522,1450,0.958744831645527,105,"United Kingdom",2009-12-16 17:40:00,2011-12-05 10:15:00,"1","High_Value"
"17403",36.8972222222222,2,382.87,191.435,188,0.144537438375024,45,"United Kingdom",2010-09-15 12:29:00,2011-11-03 15:18:00,"2","Not_High_Value"
"17404",4.85,23,47781.12,2077.44,50679,0.988248633648792,126,"Sweden",2010-01-07 11:31:00,2011-12-05 16:26:00,"1","High_Value"
"17405",1.81805555555556,3,1031.41,343.803333333333,726,0.599514282410084,77,"United Kingdom",2011-07-12 14:17:00,2011-12-08 17:12:00,"1","High_Value"
"17406",333.904861111111,13,4186.95,322.073076923077,1847,0.97243048749658,155,"United Kingdom",2009-12-06 13:45:00,2011-01-10 15:07:00,"1","High_Value"
"17407",412.036805555556,1,552.9,552.9,426,30,23,"United Kingdom",2010-10-24 11:57:00,2010-10-24 11:57:00,"2","Not_High_Value"
"17408",163.997916666667,3,316.09,105.363333333333,163,0.255716628092129,7,"United Kingdom",2010-07-13 14:02:00,2011-06-29 12:53:00,"2","Not_High_Value"
"17409",185.093055555556,10,7793.51,779.351,4089,0.550529566113886,50,"United Kingdom",2009-12-11 12:17:00,2011-06-08 10:36:00,"1","High_Value"
"17410",16.8777777777778,5,1214.72,242.944,616,0.749934901484246,57,"United Kingdom",2011-05-08 15:21:00,2011-11-23 15:46:00,"1","High_Value"
"17411",12.9340277777778,5,1425.38,285.076,608,0.206868216326691,69,"United Kingdom",2009-12-03 12:02:00,2011-11-27 14:25:00,"1","High_Value"
"17412",3.05138888888889,16,4220.22,263.76375,2554,0.652256996050788,161,"United Kingdom",2009-12-02 13:51:00,2011-12-07 11:36:00,"1","High_Value"
"17413",405.011805555556,2,560.14,280.07,302,0.36132183571566,10,"United Kingdom",2010-05-19 11:11:00,2010-10-31 12:33:00,"2","Not_High_Value"
"17414",44.0256944444444,6,2249.52,374.92,6256,0.259437644882713,6,"United Kingdom",2009-12-03 16:49:00,2011-10-27 12:13:00,"1","High_Value"
"17415",80,1,507.84,507.84,114,30,14,"United Kingdom",2011-09-21 12:50:00,2011-09-21 12:50:00,"2","Not_High_Value"
"17416",30.0020833333333,22,17298.45,786.293181818182,8769,0.947124842295343,324,"United Kingdom",2009-12-14 16:29:00,2011-11-10 12:47:00,"1","High_Value"
"17417",549.118055555556,1,164.18,164.18,76,30,16,"United Kingdom",2010-06-09 10:00:00,2010-06-09 10:00:00,"2","Not_High_Value"
"17418",42.9930555555556,3,670.06,223.353333333333,521,0.260137535678586,40,"United Kingdom",2010-11-17 13:42:00,2011-10-28 13:00:00,"1","High_Value"
"17419",11.9604166666667,18,6126.25,340.347222222222,2884,0.802354232790038,203,"United Kingdom",2010-01-25 13:19:00,2011-11-28 13:47:00,"1","High_Value"
"17420",50.9152777777778,6,953.58,158.93,446,0.511259746382029,43,"United Kingdom",2010-11-03 13:09:00,2011-10-20 14:52:00,"1","High_Value"
"17421",386.828472222222,3,1059.41,353.136666666667,807,0.25710510758341,46,"United Kingdom",2009-12-04 15:43:00,2010-11-18 16:57:00,"1","High_Value"
"17422",16.9743055555556,11,3594.76,326.796363636364,3538,0.635678244072621,149,"United Kingdom",2010-06-23 10:19:00,2011-11-23 13:27:00,"1","High_Value"
"17423",46.9680555555556,3,1118.95,372.983333333333,790,0.258584568726431,39,"United Kingdom",2010-11-11 12:26:00,2011-10-24 13:36:00,"1","High_Value"
"17425",19.8888888888889,2,759.17,379.585,407,1.42308895953091,42,"United Kingdom",2011-10-10 11:37:00,2011-11-20 15:30:00,"1","High_Value"
"17426",8.77986111111111,13,8077.77,621.366923076923,5187,0.597073320093388,248,"United Kingdom",2010-02-17 13:39:00,2011-12-01 18:07:00,"1","High_Value"
"17427",72.05625,1,100.8,100.8,34,30,2,"United Kingdom",2011-09-29 11:29:00,2011-09-29 11:29:00,"2","Not_High_Value"
"17428",1.12847222222222,45,31466.76,699.261333333333,17356,1.82758811954908,422,"United Kingdom",2009-12-01 17:28:00,2011-12-09 09:45:00,"1","High_Value"
"17429",128.977777777778,5,1357.46,271.492,1286,0.496629358152539,80,"United Kingdom",2010-10-06 12:30:00,2011-08-03 13:22:00,"1","High_Value"
"17430",33.1430555555556,4,622.57,155.6425,455,0.267918607319387,30,"United Kingdom",2010-08-17 11:52:00,2011-11-07 09:24:00,"1","High_Value"
"17431",313.926388888889,1,403.3,403.3,292,30,41,"United Kingdom",2011-01-30 14:36:00,2011-01-30 14:36:00,"2","Not_High_Value"
"17432",18.8034722222222,9,1728.99,192.11,1008,0.375557830883063,213,"United Kingdom",2009-12-03 19:13:00,2011-11-21 17:33:00,"1","High_Value"
"17433",88.9347222222222,2,569.96,284.98,305,0.201320231984286,81,"United Kingdom",2010-11-19 13:37:00,2011-09-12 14:24:00,"1","High_Value"
"17434",2.98194444444444,7,2373.82,339.117142857143,1693,2.50078563040638,100,"United Kingdom",2011-09-15 13:54:00,2011-12-07 13:16:00,"1","High_Value"
"17435",411.954861111111,1,331.35,331.35,195,30,15,"United Kingdom",2010-10-24 13:55:00,2010-10-24 13:55:00,"2","Not_High_Value"
"17436",2.01388888888889,5,534.06,106.812,178,0.2049182271917,8,"United Kingdom",2009-12-07 12:31:00,2011-12-08 12:30:00,"1","High_Value"
"17437",530.06875,1,369.68,369.68,283,30,52,"United Kingdom",2010-06-28 11:11:00,2010-06-28 11:11:00,"2","Not_High_Value"
"17438",254.1,5,1422.77,284.554,553,0.38587070115922,49,"United Kingdom",2010-03-08 16:53:00,2011-03-31 10:26:00,"1","High_Value"
"17439",656.001388888889,1,325.74,325.74,370,30,8,"United Kingdom",2010-02-22 12:48:00,2010-02-22 12:48:00,"2","Not_High_Value"
"17440",157.038888888889,4,323.58,80.895,282,0.30465766563116,4,"United Kingdom",2010-06-08 14:40:00,2011-07-06 11:54:00,"2","Not_High_Value"
"17441",732.970833333333,1,293.35,293.35,245,30,21,"United Kingdom",2009-12-07 13:32:00,2009-12-07 13:32:00,"2","Not_High_Value"
"17442",37.1479166666667,15,4620.3,308.02,3134,0.718019065179067,188,"United Kingdom",2010-02-15 15:54:00,2011-11-03 09:17:00,"1","High_Value"
"17443",220.085416666667,1,534.24,534.24,504,30,1,"Canada",2011-05-04 10:47:00,2011-05-04 10:47:00,"2","Not_High_Value"
"17444",148.03125,3,2940.04,980.013333333333,2119,3.44488450599399,132,"Canada",2011-06-20 09:04:00,2011-07-15 12:05:00,"1","High_Value"
"17446",177.088888888889,2,120.9,60.45,198,0.444989235792792,6,"United Kingdom",2011-02-02 14:40:00,2011-06-16 10:42:00,"2","Not_High_Value"
"17447",40.9388888888889,2,541.53,270.765,443,1.86496287342428,33,"United Kingdom",2011-09-29 10:10:00,2011-10-30 14:18:00,"2","Not_High_Value"
"17448",497.946527777778,46,14523.67,315.731956521739,11534,9.27047276052212,569,"United Kingdom",2010-03-04 17:29:00,2010-07-30 14:07:00,"1","High_Value"
"17449",2.82916666666667,13,4868.15,374.473076923077,2483,0.534897896982627,292,"United Kingdom",2009-12-09 14:16:00,2011-12-07 16:56:00,"1","High_Value"
"17450",8.97291666666667,51,244784.25,4799.69117647059,83914,3.55108553744983,144,"United Kingdom",2010-09-27 16:59:00,2011-12-01 13:29:00,"1","High_Value"
"17451",1.90833333333333,7,1721.4,245.914285714286,1203,1.99751631569213,83,"United Kingdom",2011-08-26 11:54:00,2011-12-08 15:02:00,"1","High_Value"
"17453",18.1305555555556,2,486.72,243.36,219,1.25800815375655,19,"United Kingdom",2011-10-06 17:02:00,2011-11-22 09:42:00,"2","Not_High_Value"
"17454",192.952777777778,10,1547.94,154.794,727,0.59769389771133,98,"United Kingdom",2010-01-15 15:40:00,2011-05-31 13:58:00,"1","High_Value"
"17455",204.013194444444,1,131.7,131.7,66,30,8,"United Kingdom",2011-05-20 12:31:00,2011-05-20 12:31:00,"2","Not_High_Value"
"17456",365.89375,2,975.56,487.78,508,0.652198528024156,59,"United Kingdom",2010-09-09 15:28:00,2010-12-09 15:23:00,"1","High_Value"
"17457",127.001388888889,14,5984.81,427.486428571429,2695,0.692025685503618,30,"United Kingdom",2009-12-07 14:52:00,2011-08-05 12:48:00,"1","High_Value"
"17458",15.9923611111111,2,529.58,264.79,282,0.163463612318799,81,"United Kingdom",2010-11-23 11:43:00,2011-11-24 13:01:00,"1","High_Value"
"17459",43.9756944444444,2,657.3,328.65,537,3.36121377163976,88,"United Kingdom",2011-10-10 17:00:00,2011-10-27 13:25:00,"1","High_Value"
"17460",94.9069444444444,16,2157.97,134.873125,954,0.809349674890137,93,"United Kingdom",2010-01-22 13:25:00,2011-09-06 15:04:00,"1","High_Value"
"17461",23.1034722222222,3,735.82,245.273333333333,770,11.3485113835377,104,"United Kingdom",2011-11-10 12:01:00,2011-11-17 10:21:00,"1","High_Value"
"17462",60.9541666666667,2,675.69,337.845,227,0.26681901703133,25,"United Kingdom",2011-02-28 17:01:00,2011-10-10 13:56:00,"2","Not_High_Value"
"17463",16.9652777777778,7,2535.26,362.18,1480,0.365967447776421,234,"United Kingdom",2010-04-29 17:57:00,2011-11-23 13:40:00,"1","High_Value"
"17464",158.979861111111,3,907.14,302.38,608,0.194804023544832,35,"United Kingdom",2010-03-30 13:15:00,2011-07-04 13:19:00,"1","High_Value"
"17465",426.0375,7,2542.79,363.255714285714,1477,0.673210282485624,103,"United Kingdom",2009-12-03 13:25:00,2010-10-10 11:56:00,"1","High_Value"
"17466",10.9826388888889,2,763.28,381.64,306,0.867478589142461,41,"United Kingdom",2011-09-22 09:16:00,2011-11-29 13:15:00,"1","High_Value"
"17467",395.994444444444,1,102.6,102.6,20,30,4,"United Kingdom",2010-11-09 12:58:00,2010-11-09 12:58:00,"2","Not_High_Value"
"17468",10.8868055555556,3,194.8,64.9333333333333,184,0.245953906416057,8,"United Kingdom",2010-11-29 17:25:00,2011-11-29 15:33:00,"2","Not_High_Value"
"17469",16.9826388888889,17,5051.25,297.132352941176,2304,0.720417418327678,165,"United Kingdom",2009-12-16 15:06:00,2011-11-23 13:15:00,"1","High_Value"
"17470",45.0055555555556,11,2626.47,238.77,2731,0.709904300358836,111,"United Kingdom",2010-07-19 16:16:00,2011-10-26 12:42:00,"1","High_Value"
"17471",475.039583333333,1,321.65,321.65,153,30,19,"United Kingdom",2010-08-22 11:53:00,2010-08-22 11:53:00,"2","Not_High_Value"
"17472",191.911805555556,4,922.35,230.5875,551,0.27393351405336,183,"United Kingdom",2010-03-21 13:27:00,2011-06-01 14:57:00,"1","High_Value"
"17473",409.045138888889,2,607,303.5,270,1.23213827329511,33,"United Kingdom",2010-09-09 19:03:00,2010-10-27 11:45:00,"2","Not_High_Value"
"17474",600.088194444444,1,1047,1047,200,30,6,"United Kingdom",2010-04-19 10:43:00,2010-04-19 10:43:00,"2","Not_High_Value"
"17475",79.9131944444444,1,194.37,194.37,178,30,14,"United Kingdom",2011-09-21 14:55:00,2011-09-21 14:55:00,"2","Not_High_Value"
"17476",396.103472222222,2,489.86,244.93,224,0.174965371436903,29,"United Kingdom",2009-12-02 12:09:00,2010-11-09 10:21:00,"2","Not_High_Value"
"17477",613.113888888889,2,1144.3,572.15,225,1.67011385382638,44,"United Kingdom",2010-03-02 11:53:00,2010-04-06 10:06:00,"2","Not_High_Value"
"17478",408.909027777778,2,1272.8,636.4,516,0.265452467417553,40,"United Kingdom",2010-03-16 14:19:00,2010-10-27 15:01:00,"1","High_Value"
"17479",633.141666666667,1,389.26,389.26,266,30,18,"United Kingdom",2010-03-17 09:26:00,2010-03-17 09:26:00,"2","Not_High_Value"
"17480",78.0493055555555,2,882.23,441.115,581,0.163059478964572,50,"United Kingdom",2010-09-21 12:31:00,2011-09-23 11:39:00,"1","High_Value"
"17481",4.01527777777778,4,1255.59,313.8975,1061,1.31716352493692,69,"United Kingdom",2011-09-07 09:57:00,2011-12-06 12:28:00,"1","High_Value"
"17482",487.886805555556,2,775.64,387.82,240,0.651765575613105,50,"United Kingdom",2010-05-10 14:10:00,2010-08-09 15:33:00,"2","Not_High_Value"
"17483",65.9861111111111,4,591.73,147.9325,265,0.342838776494116,23,"United Kingdom",2010-10-21 12:43:00,2011-10-05 13:10:00,"2","Not_High_Value"
"17484",576.88125,2,209.57,104.785,339,1.22511485451761,14,"United Kingdom",2010-03-25 16:17:00,2010-05-12 15:41:00,"2","Not_High_Value"
"17486",261.951388888889,1,396.87,396.87,191,30,24,"United Kingdom",2011-03-23 14:00:00,2011-03-23 14:00:00,"2","Not_High_Value"
"17487",728.905555555556,1,160.55,160.55,37,30,8,"United Kingdom",2009-12-11 15:06:00,2009-12-11 15:06:00,"2","Not_High_Value"
"17488",641.946527777778,1,336.5,336.5,136,30,18,"United Kingdom",2010-03-08 14:07:00,2010-03-08 14:07:00,"2","Not_High_Value"
"17489",59.1625,2,376.64,188.32,428,0.387370988423705,28,"United Kingdom",2011-05-11 11:34:00,2011-10-12 08:56:00,"2","Not_High_Value"
"17490",1.15416666666667,9,2750.5,305.611111111111,1531,0.473806587471423,93,"United Kingdom",2010-05-19 12:40:00,2011-12-09 09:08:00,"1","High_Value"
"17491",1.85555555555556,17,5653.67,332.568823529412,3362,0.864141312520518,105,"United Kingdom",2010-04-28 11:57:00,2011-12-08 16:18:00,"1","High_Value"
"17492",248.895138888889,3,1122.42,374.14,450,0.332006332713383,32,"United Kingdom",2010-07-09 13:27:00,2011-04-05 15:21:00,"1","High_Value"
"17493",385.828472222222,1,100.91,100.91,62,30,8,"United Kingdom",2010-11-19 16:57:00,2010-11-19 16:57:00,"2","Not_High_Value"
"17494",502.113888888889,1,54.7,54.7,26,30,3,"United Kingdom",2010-07-26 10:06:00,2010-07-26 10:06:00,"2","Not_High_Value"
"17495",8.02916666666667,3,806.72,268.906666666667,367,0.234367370853813,38,"United Kingdom",2010-11-14 11:50:00,2011-12-02 12:08:00,"1","High_Value"
"17496",359.174305555556,4,1412.89,353.2225,675,0.356301148700058,54,"United Kingdom",2010-01-14 13:36:00,2010-12-16 08:39:00,"1","High_Value"
"17497",390.939583333333,2,287.25,143.625,59,0.271172822457127,7,"United Kingdom",2010-04-08 08:01:00,2010-11-14 14:17:00,"2","Not_High_Value"
"17498",76.0173611111111,1,272.22,272.22,394,30,17,"United Kingdom",2011-09-25 12:25:00,2011-09-25 12:25:00,"2","Not_High_Value"
"17499",290.15,2,1341.39,670.695,1086,0.219805380652547,66,"United Kingdom",2010-05-27 09:59:00,2011-02-23 09:14:00,"1","High_Value"
"17500",17.9340277777778,3,1138,379.333333333333,17,6.80779534590534,3,"United Kingdom",2011-11-10 09:08:00,2011-11-22 14:25:00,"2","Not_High_Value"
"17501",221.127083333333,2,288.6,144.3,160,59.9583622484386,18,"United Kingdom",2011-05-03 09:46:00,2011-05-03 09:47:00,"2","Not_High_Value"
"17502",9.98402777777778,4,689.1,172.275,376,5.75347939002464,25,"United Kingdom",2011-11-10 16:39:00,2011-11-30 13:13:00,"1","High_Value"
"17503",3.14722222222222,2,558.96,279.48,486,1.62509874731972,36,"United Kingdom",2011-11-01 11:12:00,2011-12-07 09:18:00,"1","High_Value"
"17504",206.99375,18,9490.17,527.231666666667,5420,1.1634152581552,244,"United Kingdom",2010-02-08 09:22:00,2011-05-17 12:59:00,"1","High_Value"
"17505",162,5,2435.48,487.096,1242,0.337195996734194,83,"United Kingdom",2010-04-13 16:33:00,2011-07-01 12:50:00,"1","High_Value"
"17506",76.0493055555555,1,302.2,302.2,139,30,14,"United Kingdom",2011-09-25 11:39:00,2011-09-25 11:39:00,"2","Not_High_Value"
"17507",262.043055555556,2,605.58,302.79,359,1.23111997720148,79,"United Kingdom",2011-02-03 18:08:00,2011-03-23 11:48:00,"2","Not_High_Value"
"17508",281.194444444444,8,4579.23,572.40375,2891,0.529976813514409,199,"Greece",2009-12-07 11:46:00,2011-03-04 08:10:00,"1","High_Value"
"17509",58.1,8,6083.64,760.455,3512,34.8668280871671,75,"United Kingdom",2011-10-07 13:14:00,2011-10-13 10:26:00,"1","High_Value"
"17510",25.1180555555556,2,514.56,257.28,422,0.15113878879054,28,"United Kingdom",2010-10-15 10:20:00,2011-11-15 10:00:00,"1","High_Value"
"17511",3.10972222222222,60,172132.87,2868.88116666667,117174,2.44574448009058,657,"United Kingdom",2009-12-02 10:52:00,2011-12-07 10:12:00,"1","High_Value"
"17512",29.0270833333333,18,5467.82,303.767777777778,5434,0.769568780209731,102,"United Kingdom",2009-12-10 19:35:00,2011-11-11 12:11:00,"1","High_Value"
"17513",72.8388888888889,3,1158.8,386.266666666667,440,0.220552948023703,18,"United Kingdom",2010-08-17 15:08:00,2011-09-28 16:42:00,"1","High_Value"
"17514",128.878472222222,2,522,261,284,0.11068621610715,72,"United Kingdom",2010-02-08 14:00:00,2011-08-03 15:45:00,"1","High_Value"
"17515",31.9486111111111,9,1602.51,178.056666666667,527,0.519206500764521,91,"United Kingdom",2010-06-07 13:29:00,2011-11-08 14:04:00,"1","High_Value"
"17516",15.8326388888889,6,947.5,157.916666666667,522,0.494278233641812,150,"United Kingdom",2010-11-26 12:50:00,2011-11-24 16:51:00,"1","High_Value"
"17517",309.043055555556,1,153.94,153.94,102,30,11,"United Kingdom",2011-02-04 11:48:00,2011-02-04 11:48:00,"2","Not_High_Value"
"17518",426.006944444444,2,329.42,164.71,267,0.304623293104725,71,"United Kingdom",2010-03-28 13:31:00,2010-10-10 12:40:00,"2","Not_High_Value"
"17519",17.8381944444444,15,4774.17,318.278,3230,0.623025403668543,142,"United Kingdom",2009-12-01 09:57:00,2011-11-22 16:43:00,"1","High_Value"
"17520",54.0319444444444,1,546.81,546.81,365,30,30,"United Kingdom",2011-10-17 12:04:00,2011-10-17 12:04:00,"2","Not_High_Value"
"17521",30.0611111111111,5,1278.06,255.612,806,0.369475191280385,65,"United Kingdom",2010-10-01 11:49:00,2011-11-10 11:22:00,"1","High_Value"
"17522",2.01319444444444,5,1070.71,214.142,1034,0.688599846977812,59,"United Kingdom",2011-05-05 16:31:00,2011-12-08 12:31:00,"1","High_Value"
"17523",11.9791666666667,4,652.74,163.185,872,13.3539412673879,25,"United Kingdom",2011-11-20 13:40:00,2011-11-28 13:20:00,"2","Not_High_Value"
"17524",361.929166666667,3,539.14,179.713333333333,362,1.15495668912416,37,"United Kingdom",2010-09-27 16:20:00,2010-12-13 14:32:00,"2","Not_High_Value"
"17525",360.03125,3,1161.9,387.3,338,1.28351143374962,19,"United Kingdom",2010-10-07 09:12:00,2010-12-15 12:05:00,"2","Not_High_Value"
"17526",5.07291666666667,12,3939.24,328.27,1442,0.500846821448688,67,"United Kingdom",2009-12-17 16:18:00,2011-12-05 11:05:00,"1","High_Value"
"17527",54.0125,4,939.37,234.8425,488,0.72310634433755,45,"United Kingdom",2011-05-05 13:43:00,2011-10-17 12:32:00,"1","High_Value"
"17528",1.97430555555556,8,3628.5,453.5625,2138,3.37952143003823,183,"United Kingdom",2011-09-29 13:04:00,2011-12-08 13:27:00,"1","High_Value"
"17529",610.790972222222,2,1240.25,620.125,790,0.680090048960186,78,"United Kingdom",2010-01-11 12:29:00,2010-04-08 17:51:00,"1","High_Value"
"17530",1.75555555555556,12,2791.69,232.640833333333,1741,0.491064873799927,359,"United Kingdom",2009-12-06 16:17:00,2011-12-08 18:42:00,"1","High_Value"
"17531",190.73125,3,1266.82,422.273333333333,472,0.209661241789886,54,"United Kingdom",2010-03-31 12:57:00,2011-06-02 19:17:00,"1","High_Value"
"17532",386.192361111111,1,65.34,65.34,30,30,4,"United Kingdom",2010-11-19 08:13:00,2010-11-19 08:13:00,"2","Not_High_Value"
"17533",435.15,1,34.8,34.8,24,30,1,"United Kingdom",2010-10-01 09:14:00,2010-10-01 09:14:00,"2","Not_High_Value"
"17534",54.0020833333333,5,1668.83,333.766,860,0.250071779862738,76,"United Kingdom",2010-02-25 16:55:00,2011-10-17 12:47:00,"1","High_Value"
"17535",280.895833333333,1,164.4,164.4,136,30,13,"United Kingdom",2011-03-04 15:20:00,2011-03-04 15:20:00,"2","Not_High_Value"
"17536",177.977083333333,3,364.83,121.61,201,0.177845354133189,16,"United Kingdom",2010-01-26 12:00:00,2011-06-15 13:23:00,"2","Not_High_Value"
"17537",30.0791666666667,2,887.67,443.835,699,0.218270559495148,74,"United Kingdom",2011-02-09 13:37:00,2011-11-10 10:56:00,"1","High_Value"
"17538",26.0263888888889,1,98.42,98.42,134,30,9,"United Kingdom",2011-11-14 12:12:00,2011-11-14 12:12:00,"2","Not_High_Value"
"17539",618.029861111111,4,1176.84,294.21,708,1.09110885199942,132,"United Kingdom",2009-12-13 12:36:00,2010-04-01 12:07:00,"1","High_Value"
"17540",25.0375,6,1590.6,265.1,588,0.312451405488874,41,"United Kingdom",2010-04-19 09:47:00,2011-11-15 11:56:00,"1","High_Value"
"17541",510.051388888889,1,119.86,119.86,44,30,31,"United Kingdom",2010-07-18 11:36:00,2010-07-18 11:36:00,"2","Not_High_Value"
"17542",270.045138888889,3,340.85,113.616666666667,323,0.241297195851029,57,"United Kingdom",2010-03-08 12:08:00,2011-03-15 11:45:00,"2","Not_High_Value"
"17543",550.00625,1,120.05,120.05,62,30,13,"United Kingdom",2010-06-08 12:41:00,2010-06-08 12:41:00,"2","Not_High_Value"
"17544",390.904166666667,3,944.82,314.94,410,88.7063655030801,80,"United Kingdom",2010-11-14 14:47:00,2010-11-14 15:08:00,"2","Not_High_Value"
"17545",43.9486111111111,6,1409.86,234.976666666667,682,0.336343818125195,204,"United Kingdom",2010-05-11 10:04:00,2011-10-27 14:04:00,"1","High_Value"
"17547",376.13125,2,727.85,363.925,223,0.206329836392858,22,"United Kingdom",2010-02-12 14:34:00,2010-11-29 09:41:00,"2","Not_High_Value"
"17548",234.034027777778,4,731.26,182.815,494,0.732507566701427,22,"United Kingdom",2010-11-08 16:19:00,2011-04-20 12:01:00,"2","Not_High_Value"
"17549",24.11875,2,148.86,74.43,210,2.06926282511855,5,"United Kingdom",2011-10-19 10:05:00,2011-11-16 09:59:00,"2","Not_High_Value"
"17550",197.945138888889,9,2506.64,278.515555555556,968,0.569668660311618,250,"United Kingdom",2010-02-07 15:07:00,2011-05-26 14:09:00,"1","High_Value"
"17551",359.943055555556,1,290.34,290.34,142,30,39,"United Kingdom",2010-12-15 14:12:00,2010-12-15 14:12:00,"2","Not_High_Value"
"17552",60.8263888888889,12,2786.77,232.230833333333,1951,0.63344579114129,78,"United Kingdom",2010-03-22 09:19:00,2011-10-10 17:00:00,"1","High_Value"
"17553",130.118055555556,4,3757.6,939.4,2288,0.248956916622484,2,"United Kingdom",2010-04-08 09:44:00,2011-08-02 10:00:00,"1","High_Value"
"17554",1.94097222222222,5,1952.45,390.49,1763,1.0151616268905,58,"United Kingdom",2011-07-14 20:01:00,2011-12-08 14:15:00,"1","High_Value"
"17555",20.0194444444444,5,1045.74,209.148,739,0.264155558273205,220,"United Kingdom",2010-05-02 16:02:00,2011-11-20 12:22:00,"1","High_Value"
"17556",206.084722222222,2,300.67,150.335,184,0.343364013543803,13,"United Kingdom",2010-11-25 17:00:00,2011-05-18 10:48:00,"2","Not_High_Value"
"17557",14.9951388888889,4,575.46,143.865,310,0.166872360027117,28,"United Kingdom",2009-12-07 10:15:00,2011-11-25 12:57:00,"1","High_Value"
"17558",393.926388888889,1,259.17,259.17,54,30,28,"United Kingdom",2010-11-11 14:36:00,2010-11-11 14:36:00,"2","Not_High_Value"
"17559",513.033333333333,1,167.62,167.62,270,30,12,"United Kingdom",2010-07-15 12:02:00,2010-07-15 12:02:00,"2","Not_High_Value"
"17560",95.1472222222222,8,1895.8,236.975,1588,0.423370129130339,37,"United Kingdom",2010-02-17 12:11:00,2011-09-06 09:18:00,"1","High_Value"
"17561",19.9979166666667,4,703.02,175.755,381,0.167838036294975,163,"United Kingdom",2009-12-06 13:29:00,2011-11-20 12:53:00,"1","High_Value"
"17562",14.9368055555556,7,1122.38,160.34,817,1.3120728929385,48,"United Kingdom",2011-06-19 13:06:00,2011-11-25 14:21:00,"1","High_Value"
"17563",578.913888888889,2,392.38,196.19,256,1.75424348249817,27,"United Kingdom",2010-04-07 10:02:00,2010-05-10 14:54:00,"2","Not_High_Value"
"17564",24.9743055555556,3,454.01,151.336666666667,146,1.5795824344583,38,"United Kingdom",2011-09-20 14:00:00,2011-11-15 13:27:00,"2","Not_High_Value"
"17565",587.038888888889,1,131.83,131.83,67,30,30,"United Kingdom",2010-05-02 11:54:00,2010-05-02 11:54:00,"2","Not_High_Value"
"17566",8.70555555555556,2,869.77,434.885,497,3.28617069831127,113,"United Kingdom",2011-11-14 13:42:00,2011-12-01 19:54:00,"1","High_Value"
"17567",7.87638888888889,9,4838.08,537.564444444444,2908,0.620392532312111,128,"United Kingdom",2010-09-24 10:48:00,2011-12-02 15:48:00,"1","High_Value"
"17568",633.836805555556,1,374.45,374.45,275,30,61,"United Kingdom",2010-03-16 16:45:00,2010-03-16 16:45:00,"2","Not_High_Value"
"17569",332.940972222222,1,344.14,344.14,159,30,29,"United Kingdom",2011-01-11 14:15:00,2011-01-11 14:15:00,"2","Not_High_Value"
"17570",382.0375,1,100,100,1,30,1,"United Kingdom",2010-11-23 11:56:00,2010-11-23 11:56:00,"2","Not_High_Value"
"17571",50.8701388888889,5,1630.91,326.182,991,0.304179510975107,290,"United Kingdom",2010-06-15 12:50:00,2011-10-20 15:57:00,"1","High_Value"
"17572",71.7895833333333,10,652.21,65.221,327,0.458485321571204,14,"United Kingdom",2009-12-15 10:00:00,2011-09-29 17:53:00,"2","Not_High_Value"
"17573",29.9923611111111,3,380.6,126.866666666667,308,1.38247373193237,24,"United Kingdom",2011-09-07 10:36:00,2011-11-10 13:01:00,"2","Not_High_Value"
"17574",243.127083333333,1,185.65,185.65,77,30,8,"United Kingdom",2011-04-11 09:47:00,2011-04-11 09:47:00,"2","Not_High_Value"
"17575",667.959722222222,1,171.7,171.7,72,30,5,"United Kingdom",2010-02-10 13:48:00,2010-02-10 13:48:00,"2","Not_High_Value"
"17576",8.7875,41,8711.95,212.486585365854,4583,1.68714315379179,417,"United Kingdom",2009-12-03 16:54:00,2011-12-01 17:56:00,"1","High_Value"
"17577",645.992361111111,2,348.75,174.375,179,2.48769111168697,20,"United Kingdom",2010-02-09 10:10:00,2010-03-04 13:01:00,"2","Not_High_Value"
"17578",218.758333333333,7,1047.33,149.618571428571,529,0.672473720376354,57,"United Kingdom",2010-06-28 11:55:00,2011-05-05 18:38:00,"1","High_Value"
"17579",5.01527777777778,4,753.28,188.32,375,0.208725902304682,89,"United Kingdom",2010-05-10 14:28:00,2011-12-05 12:28:00,"1","High_Value"
"17580",253.00625,5,541.02,108.204,223,0.877574319575189,78,"United Kingdom",2010-10-13 14:28:00,2011-04-01 12:41:00,"2","Not_High_Value"
"17581",1.02013888888889,43,17951.17,417.469069767442,9519,1.75036065382227,387,"United Kingdom",2009-12-03 12:34:00,2011-12-09 12:21:00,"1","High_Value"
"17582",236.980555555556,5,1446.95,289.39,603,0.386559885463738,92,"United Kingdom",2010-03-26 12:23:00,2011-04-17 13:18:00,"1","High_Value"
"17583",560.934722222222,1,135.95,135.95,55,30,7,"United Kingdom",2010-05-28 14:24:00,2010-05-28 14:24:00,"2","Not_High_Value"
"17584",7.81805555555556,6,5309.42,884.903333333333,2464,0.265733046959499,85,"United Kingdom",2010-01-25 08:17:00,2011-12-02 17:12:00,"1","High_Value"
"17585",109.972222222222,7,2064.71,294.958571428571,2510,0.56776897210159,295,"United Kingdom",2010-08-18 16:39:00,2011-08-22 13:30:00,"1","High_Value"
"17586",619.984722222222,1,167.4,167.4,68,30,8,"United Kingdom",2010-03-30 13:12:00,2010-03-30 13:12:00,"2","Not_High_Value"
"17587",628.940277777778,1,176.71,176.71,67,30,42,"United Kingdom",2010-03-21 14:16:00,2010-03-21 14:16:00,"2","Not_High_Value"
"17588",100.967361111111,7,2939.55,419.935714285714,1379,0.390302833180387,35,"United Kingdom",2010-03-12 12:34:00,2011-08-31 13:37:00,"1","High_Value"
"17589",60.8277777777778,18,13837.94,768.774444444444,8704,0.926033987924402,601,"United Kingdom",2010-03-07 13:48:00,2011-10-10 16:58:00,"1","High_Value"
"17590",2.99652777777778,3,1468.02,489.34,822,2.31057229452665,162,"United Kingdom",2011-10-30 14:05:00,2011-12-07 12:55:00,"1","High_Value"
"17591",73.9638888888889,8,2339.32,292.415,1028,0.387786084808009,93,"United Kingdom",2010-01-17 16:09:00,2011-09-27 13:42:00,"1","High_Value"
"17592",739.084027777778,1,148.3,148.3,38,30,13,"United Kingdom",2009-12-01 10:49:00,2009-12-01 10:49:00,"2","Not_High_Value"
"17593",4.09722222222222,11,8092.32,735.665454545455,5595,0.45030916111914,311,"United Kingdom",2009-12-04 14:35:00,2011-12-06 10:30:00,"1","High_Value"
"17594",85.8444444444444,4,2497.88,624.47,1368,0.230627244711789,70,"United Kingdom",2010-04-14 08:53:00,2011-09-15 16:34:00,"1","High_Value"
"17595",12.8625,2,386.69,193.345,228,2.30837051484143,68,"United Kingdom",2011-11-02 16:19:00,2011-11-27 16:08:00,"2","Not_High_Value"
"17596",23.94375,13,4491.46,345.496923076923,7010,0.555528078106298,274,"United Kingdom",2009-12-15 13:21:00,2011-11-16 14:11:00,"1","High_Value"
"17597",214.038888888889,5,3484.09,696.818,2215,0.404478475565568,109,"United Kingdom",2010-05-05 15:33:00,2011-05-10 11:54:00,"1","High_Value"
"17598",381.796527777778,1,409.98,409.98,126,30,10,"United Kingdom",2010-11-23 17:43:00,2010-11-23 17:43:00,"2","Not_High_Value"
"17599",478,1,52.05,52.05,11,30,3,"United Kingdom",2010-08-19 12:50:00,2010-08-19 12:50:00,"2","Not_High_Value"
"17600",18.1298611111111,1,161.67,161.67,144,30,13,"United Kingdom",2011-11-22 09:43:00,2011-11-22 09:43:00,"2","Not_High_Value"
"17601",239.783333333333,2,413.08,206.54,295,0.422095528425496,69,"United Kingdom",2010-11-24 14:29:00,2011-04-14 18:02:00,"2","Not_High_Value"
"17602",2.95625,14,7354.43,525.316428571429,5880,0.67977358863807,450,"United Kingdom",2010-03-30 17:25:00,2011-12-07 13:53:00,"1","High_Value"
"17603",78.9388888888889,4,1788.38,447.095,638,0.183995383078813,104,"United Kingdom",2009-12-10 09:44:00,2011-09-22 14:18:00,"1","High_Value"
"17604",217.963194444444,6,942.38,157.063333333333,614,0.387048219757378,142,"United Kingdom",2010-01-27 12:19:00,2011-05-06 13:43:00,"1","High_Value"
"17605",590.920138888889,1,160.75,160.75,71,30,13,"United Kingdom",2010-04-28 14:45:00,2010-04-28 14:45:00,"2","Not_High_Value"
"17606",737.970833333333,1,87.3,87.3,42,30,6,"United Kingdom",2009-12-02 13:32:00,2009-12-02 13:32:00,"2","Not_High_Value"
"17607",376.985416666667,1,333.81,333.81,269,30,22,"United Kingdom",2010-11-28 13:11:00,2010-11-28 13:11:00,"2","Not_High_Value"
"17608",33.9888888888889,4,488.06,122.015,528,0.20870346595102,134,"United Kingdom",2010-04-11 13:37:00,2011-11-06 13:06:00,"1","High_Value"
"17609",41.0152777777778,11,1887.9,171.627272727273,1321,0.579135051076494,317,"United Kingdom",2010-04-09 16:54:00,2011-10-30 12:28:00,"1","High_Value"
"17610",540.844444444444,5,1511.94,302.388,893,0.773121154527591,114,"United Kingdom",2009-12-06 16:07:00,2010-06-17 16:34:00,"1","High_Value"
"17611",7.97291666666667,28,8337.53,297.768928571429,5341,1.14754098360656,722,"United Kingdom",2009-12-01 13:29:00,2011-12-02 13:29:00,"1","High_Value"
"17612",53.9104166666667,18,5394.86,299.714444444444,3521,0.805819809736989,213,"United Kingdom",2009-12-17 11:59:00,2011-10-17 14:59:00,"1","High_Value"
"17613",23.0826388888889,14,4544.55,324.610714285714,2490,1.4789781161125,211,"United Kingdom",2011-02-07 11:20:00,2011-11-17 10:51:00,"1","High_Value"
"17614",57.8673611111111,1,386.32,386.32,235,30,97,"United Kingdom",2011-10-13 16:01:00,2011-10-13 16:01:00,"2","Not_High_Value"
"17615",130.947222222222,6,721.8,120.3,378,0.505546973739643,47,"United Kingdom",2010-08-11 12:54:00,2011-08-01 14:06:00,"1","High_Value"
"17616",174.110416666667,4,734.4,183.6,288,0.430141787478095,1,"United Kingdom",2010-09-14 10:43:00,2011-06-19 10:11:00,"2","Not_High_Value"
"17617",559.001388888889,1,385.19,385.19,249,30,18,"United Kingdom",2010-05-30 12:48:00,2010-05-30 12:48:00,"2","Not_High_Value"
"17618",6.04166666666667,11,4001.64,363.785454545455,1798,0.485270825440364,202,"United Kingdom",2010-01-24 11:03:00,2011-12-04 11:50:00,"1","High_Value"
"17619",312.938888888889,1,214.37,214.37,124,30,71,"United Kingdom",2011-01-31 14:18:00,2011-01-31 14:18:00,"2","Not_High_Value"
"17620",60.0291666666667,1,81.44,81.44,60,30,4,"United Kingdom",2011-10-11 12:08:00,2011-10-11 12:08:00,"2","Not_High_Value"
"17621",21.81875,6,3175.12,529.186666666667,1110,0.437620506032477,61,"United Kingdom",2010-10-04 09:37:00,2011-11-18 17:11:00,"1","High_Value"
"17622",598.009722222222,2,1130.21,565.105,379,30.6600425833925,19,"United Kingdom",2010-04-20 13:38:00,2010-04-21 12:36:00,"2","Not_High_Value"
"17623",33.0541666666667,7,2365.77,337.967142857143,799,0.302649383091668,130,"United Kingdom",2009-12-14 14:36:00,2011-11-07 11:32:00,"1","High_Value"
"17624",15.0819444444444,4,1568.63,392.1575,958,0.169988893665454,91,"United Kingdom",2009-12-20 12:35:00,2011-11-25 10:52:00,"1","High_Value"
"17625",18.9680555555556,8,5978.9,747.3625,3505,0.339426843988383,429,"United Kingdom",2009-12-15 11:49:00,2011-11-21 13:36:00,"1","High_Value"
"17626",603.024305555556,1,254,254,202,30,18,"United Kingdom",2010-04-16 12:15:00,2010-04-16 12:15:00,"2","Not_High_Value"
"17627",479.057638888889,1,296.36,296.36,676,30,10,"United Kingdom",2010-08-18 11:27:00,2010-08-18 11:27:00,"2","Not_High_Value"
"17628",81.8951388888889,1,75.75,75.75,79,30,5,"United Kingdom",2011-09-19 15:21:00,2011-09-19 15:21:00,"2","Not_High_Value"
"17629",6.07916666666667,10,2455.52,245.552,1903,0.719615005971805,129,"United Kingdom",2010-10-14 13:35:00,2011-12-04 10:56:00,"1","High_Value"
"17630",170.036111111111,2,503.6,251.8,158,0.938773292769055,24,"United Kingdom",2011-04-21 14:03:00,2011-06-23 11:58:00,"2","Not_High_Value"
"17631",2.12708333333333,7,998.49,142.641428571429,591,0.28774459241892,66,"United Kingdom",2009-12-09 14:15:00,2011-12-08 09:47:00,"1","High_Value"
"17633",31.9756944444444,7,2057.39,293.912857142857,899,0.585060073132509,84,"United Kingdom",2010-11-15 14:55:00,2011-11-08 13:25:00,"1","High_Value"
"17634",36.9868055555556,9,2358.59,262.065555555556,838,0.893990397880912,209,"United Kingdom",2011-01-06 12:45:00,2011-11-03 13:09:00,"1","High_Value"
"17635",424.901388888889,3,1265.58,421.86,770,0.538337881789973,60,"United Kingdom",2010-04-28 10:51:00,2010-10-11 15:12:00,"1","High_Value"
"17636",19.9236111111111,1,285.56,285.56,182,30,20,"United Kingdom",2011-11-20 14:40:00,2011-11-20 14:40:00,"2","Not_High_Value"
"17637",31.9993055555556,2,547.06,273.53,280,0.706078485853914,35,"United Kingdom",2011-08-16 13:25:00,2011-11-08 12:51:00,"1","High_Value"
"17638",647.929166666667,2,842.4,421.2,432,0.797975506585145,2,"United Kingdom",2009-12-18 09:58:00,2010-03-02 14:32:00,"2","Not_High_Value"
"17639",276.894444444444,6,615.17,102.528333333333,576,0.864798497279154,59,"United Kingdom",2010-08-13 11:59:00,2011-03-08 15:22:00,"1","High_Value"
"17640",87.1506944444444,6,3168.94,528.156666666667,1692,0.332718044562653,48,"United Kingdom",2010-03-23 09:15:00,2011-09-14 09:13:00,"1","High_Value"
"17642",120.152083333333,5,1824.49,364.898,1475,0.243619097030328,88,"United Kingdom",2009-12-05 16:01:00,2011-08-12 09:11:00,"1","High_Value"
"17643",373.925,2,439.7,219.85,226,0.450913569680238,30,"United Kingdom",2010-07-22 13:07:00,2010-12-01 14:38:00,"2","Not_High_Value"
"17644",1.96319444444444,20,6028.6,301.43,3469,0.907430532726839,160,"United Kingdom",2010-02-16 08:44:00,2011-12-08 13:43:00,"1","High_Value"
"17646",219.98125,12,3898.79,324.899166666667,1308,0.712655687223337,124,"United Kingdom",2009-12-16 09:37:00,2011-05-04 13:17:00,"1","High_Value"
"17647",65.8833333333333,3,331.66,110.553333333333,82,0.148750256812268,12,"United Kingdom",2010-02-08 14:39:00,2011-10-05 15:38:00,"2","Not_High_Value"
"17648",61.13125,5,2216.37,443.274,954,0.460534731994371,114,"United Kingdom",2010-11-19 16:41:00,2011-10-10 09:41:00,"1","High_Value"
"17649",138.872916666667,3,1578.89,526.296666666667,723,0.268560960851438,88,"United Kingdom",2010-08-24 13:01:00,2011-07-24 15:53:00,"1","High_Value"
"17650",21.9152777777778,1,166.08,166.08,150,30,8,"United Kingdom",2011-11-18 14:52:00,2011-11-18 14:52:00,"2","Not_High_Value"
"17651",12.0979166666667,16,5703.52,356.47,4086,0.930367786015409,198,"United Kingdom",2010-07-01 12:17:00,2011-11-28 10:29:00,"1","High_Value"
"17652",25.9965277777778,12,4867.72,405.643333333333,2509,1.40104321504824,118,"United Kingdom",2011-03-03 14:05:00,2011-11-14 12:55:00,"1","High_Value"
"17653",37.0027777777778,4,1207.56,301.89,1409,1.41358943734559,44,"United Kingdom",2011-08-11 15:24:00,2011-11-03 12:46:00,"1","High_Value"
"17654",277.98125,1,117.55,117.55,41,30,22,"United Kingdom",2011-03-07 13:17:00,2011-03-07 13:17:00,"2","Not_High_Value"
"17655",11.0527777777778,9,2976.38,330.708888888889,1268,0.663306912517871,75,"United Kingdom",2010-10-19 10:20:00,2011-11-29 11:34:00,"1","High_Value"
"17656",73.9902777777778,5,1674.69,334.938,1399,2.6739622921799,67,"United Kingdom",2011-08-03 10:45:00,2011-09-27 13:04:00,"1","High_Value"
"17657",430.915277777778,1,126,126,60,30,7,"United Kingdom",2010-10-05 14:52:00,2010-10-05 14:52:00,"2","Not_High_Value"
"17658",26.0298611111111,2,595.42,297.71,616,0.32108932526646,17,"United Kingdom",2011-05-12 15:23:00,2011-11-14 12:07:00,"1","High_Value"
"17659",17.9729166666667,14,3586.99,256.213571428571,1752,1.13524380149001,150,"United Kingdom",2010-11-18 14:20:00,2011-11-22 13:29:00,"1","High_Value"
"17660",141.967361111111,2,342.22,171.11,259,0.100519466921068,75,"United Kingdom",2009-12-02 16:02:00,2011-07-21 13:37:00,"2","Not_High_Value"
"17662",662.133333333333,2,412.92,206.46,184,0.967915397024556,14,"United Kingdom",2009-12-17 09:54:00,2010-02-16 09:38:00,"2","Not_High_Value"
"17663",26.1625,17,5175.83,304.460588235294,2297,0.821408518757955,153,"United Kingdom",2010-03-04 11:42:00,2011-11-14 08:56:00,"1","High_Value"
"17664",19.05625,4,1166.23,291.5575,1058,0.199084763102957,68,"United Kingdom",2010-03-29 17:17:00,2011-11-21 11:29:00,"1","High_Value"
"17665",493.984722222222,1,563.1,563.1,690,30,19,"United Kingdom",2010-08-03 13:12:00,2010-08-03 13:12:00,"2","Not_High_Value"
"17666",4.15555555555556,5,2047.8,409.56,1552,0.285781194803545,30,"United Kingdom",2010-06-30 12:03:00,2011-12-06 09:06:00,"1","High_Value"
"17667",66.9291666666667,9,3950.7,438.966666666667,2192,0.45825549393884,140,"United Kingdom",2010-02-23 09:57:00,2011-10-04 14:32:00,"1","High_Value"
"17668",1.97569444444444,2,347.75,173.875,93,1.58125915080527,14,"United Kingdom",2011-11-01 14:45:00,2011-12-08 13:25:00,"2","Not_High_Value"
"17669",43.1645833333333,10,6142.35,614.235,3505,0.521207222098221,85,"United Kingdom",2010-04-01 18:48:00,2011-10-28 08:53:00,"1","High_Value"
"17670",228.151388888889,1,205.7,205.7,110,30,11,"United Kingdom",2011-04-26 09:12:00,2011-04-26 09:12:00,"2","Not_High_Value"
"17671",16.0201388888889,5,2009.16,401.832,987,0.415490085944894,54,"United Kingdom",2010-11-29 11:53:00,2011-11-24 12:21:00,"1","High_Value"
"17672",50.9388888888889,7,5778.63,825.518571428571,2758,0.331819807799082,179,"United Kingdom",2010-01-26 17:20:00,2011-10-20 14:18:00,"1","High_Value"
"17673",2,13,4173.88,321.067692307692,3284,0.619096753710612,195,"United Kingdom",2010-03-19 14:02:00,2011-12-08 12:50:00,"1","High_Value"
"17674",74.96875,2,551.04,275.52,672,0.203296509370698,19,"United Kingdom",2010-12-06 10:20:00,2011-09-26 13:35:00,"1","High_Value"
"17675",1.78263888888889,70,37642.48,537.749714285714,16180,2.88034838499514,345,"United Kingdom",2009-12-10 16:10:00,2011-12-08 18:03:00,"1","High_Value"
"17676",4.89861111111111,10,2448.64,244.864,1764,0.486866439687729,85,"United Kingdom",2010-03-30 10:49:00,2011-12-05 15:16:00,"1","High_Value"
"17677",2.12083333333333,54,35058.46,649.230740740741,20921,2.24085115457435,346,"United Kingdom",2009-12-16 11:23:00,2011-12-08 09:56:00,"1","High_Value"
"17678",264.040277777778,2,599.76,299.88,368,0.175996805983891,27,"United Kingdom",2010-04-15 13:54:00,2011-03-21 11:52:00,"2","Not_High_Value"
"17679",53.2131944444444,7,3577.61,511.087142857143,1755,0.306752511384028,70,"United Kingdom",2009-12-03 17:32:00,2011-10-18 07:43:00,"1","High_Value"
"17680",24.0055555555556,3,497.45,165.816666666667,155,0.184102677017707,20,"United Kingdom",2010-07-16 16:07:00,2011-11-16 12:42:00,"2","Not_High_Value"
"17681",597.811111111111,5,731.2,146.24,450,1.54275796555936,12,"United Kingdom",2010-01-15 11:53:00,2010-04-21 17:22:00,"2","Not_High_Value"
"17682",10.86875,11,4065.28,369.570909090909,2281,0.521939700148278,85,"United Kingdom",2010-03-08 09:49:00,2011-11-29 15:59:00,"1","High_Value"
"17683",386.110416666667,3,819.01,273.003333333333,781,0.530330310668806,41,"United Kingdom",2010-06-03 17:15:00,2010-11-19 10:11:00,"1","High_Value"
"17684",44.0694444444444,1,239.41,239.41,145,30,15,"United Kingdom",2011-10-27 11:10:00,2011-10-27 11:10:00,"2","Not_High_Value"
"17685",17.0513888888889,12,5454.95,454.579166666667,3474,0.553070909152982,124,"United Kingdom",2010-02-11 13:44:00,2011-11-23 11:36:00,"1","High_Value"
"17686",7.88263888888889,9,8296.81,921.867777777778,3583,0.512097783280429,283,"United Kingdom",2010-06-24 09:49:00,2011-12-02 15:39:00,"1","High_Value"
"17687",421.013888888889,1,432.68,432.68,210,30,26,"United Kingdom",2010-10-15 12:30:00,2010-10-15 12:30:00,"2","Not_High_Value"
"17688",394.089583333333,1,304.2,304.2,114,30,19,"United Kingdom",2010-11-11 10:41:00,2010-11-11 10:41:00,"2","Not_High_Value"
"17689",388.977777777778,2,317.08,158.54,300,0.689831374552887,17,"United Kingdom",2010-08-22 13:54:00,2010-11-16 13:22:00,"2","Not_High_Value"
"17690",30.8979166666667,20,6963.8,348.19,2939,0.93018148228295,237,"United Kingdom",2010-02-03 14:26:00,2011-11-09 15:17:00,"1","High_Value"
"17691",358.8125,4,637.55,159.3875,315,0.634151711989431,37,"United Kingdom",2010-06-11 11:50:00,2010-12-16 17:20:00,"2","Not_High_Value"
"17692",127.950694444444,12,2975.8,247.983333333333,2338,0.86932169765917,90,"United Kingdom",2010-06-17 11:14:00,2011-08-04 14:01:00,"1","High_Value"
"17693",137.876388888889,1,200.47,200.47,231,30,16,"United Kingdom",2011-07-25 15:48:00,2011-07-25 15:48:00,"2","Not_High_Value"
"17694",142.034722222222,3,1695.97,565.323333333333,1493,0.21319541432456,54,"United Kingdom",2010-05-26 08:27:00,2011-07-21 12:00:00,"1","High_Value"
"17695",132.090277777778,5,1746.04,349.208,1809,0.272702137303001,46,"United Kingdom",2010-01-28 09:27:00,2011-07-31 10:40:00,"1","High_Value"
"17696",38.9631944444444,27,7679.59,284.429259259259,5891,1.17076226018144,191,"United Kingdom",2009-12-10 17:09:00,2011-11-01 13:43:00,"1","High_Value"
"17697",236.881944444444,1,338.95,338.95,93,30,19,"United Kingdom",2011-04-17 15:40:00,2011-04-17 15:40:00,"2","Not_High_Value"
"17698",261.052777777778,1,154.95,154.95,93,30,8,"United Kingdom",2011-03-24 11:34:00,2011-03-24 11:34:00,"2","Not_High_Value"
"17699",477.132638888889,2,442,221,208,0.698430148901428,17,"United Kingdom",2010-05-27 11:53:00,2010-08-20 09:39:00,"2","Not_High_Value"
"17700",17.0409722222222,14,6679.97,477.140714285714,3469,0.58090505160719,259,"United Kingdom",2009-12-01 11:37:00,2011-11-23 11:51:00,"1","High_Value"
"17701",253.017361111111,1,417.95,417.95,109,30,24,"United Kingdom",2011-04-01 12:25:00,2011-04-01 12:25:00,"2","Not_High_Value"
"17702",30.8659722222222,6,3144.04,524.006666666667,2153,0.484962785841781,120,"United Kingdom",2010-11-04 12:09:00,2011-11-09 16:03:00,"1","High_Value"
"17703",35.8743055555556,4,1094.84,273.71,897,0.312514129147187,63,"United Kingdom",2010-10-17 16:16:00,2011-11-04 15:51:00,"1","High_Value"
"17704",169.131944444444,2,885.19,442.595,343,0.833236893878023,27,"United Kingdom",2011-04-14 09:28:00,2011-06-24 09:40:00,"2","Not_High_Value"
"17705",3.96180555555556,11,2083.9,189.445454545455,1301,0.574747399001933,74,"United Kingdom",2010-05-12 09:47:00,2011-12-06 13:45:00,"1","High_Value"
"17706",4.96944444444444,31,20272.15,653.940322580645,7824,1.35557397808124,408,"United Kingdom",2010-01-19 12:13:00,2011-12-05 13:34:00,"1","High_Value"
"17707",185.907638888889,8,609.3,76.1625,546,0.437865204413114,9,"United Kingdom",2009-12-07 12:19:00,2011-06-07 15:03:00,"2","Not_High_Value"
"17708",188.109722222222,4,884.18,221.045,387,0.506508695359056,57,"United Kingdom",2010-10-12 12:13:00,2011-06-05 10:12:00,"1","High_Value"
"17709",170.038194444444,5,671.01,134.202,295,0.344922847465855,37,"United Kingdom",2010-04-15 14:48:00,2011-06-23 11:55:00,"2","Not_High_Value"
"17710",424.209027777778,1,293.5,293.5,158,30,20,"United Kingdom",2010-10-12 07:49:00,2010-10-12 07:49:00,"2","Not_High_Value"
"17711",11.0486111111111,2,385.1,192.55,246,0.214281462669391,22,"United Kingdom",2011-02-23 11:32:00,2011-11-29 11:40:00,"2","Not_High_Value"
"17712",45.0152777777778,1,522.91,522.91,215,30,29,"United Kingdom",2011-10-26 12:28:00,2011-10-26 12:28:00,"2","Not_High_Value"
"17713",382.833333333333,4,1198.09,299.5225,989,0.717259471104156,55,"United Kingdom",2010-06-09 09:33:00,2010-11-22 16:50:00,"1","High_Value"
"17714",321.095833333333,5,1410.18,282.036,608,0.77322078675215,69,"United Kingdom",2010-07-14 10:41:00,2011-01-23 10:32:00,"1","High_Value"
"17715",201.0125,2,489.6,244.8,576,0.152667709189218,1,"United Kingdom",2010-04-26 12:17:00,2011-05-23 12:32:00,"2","Not_High_Value"
"17716",23.0347222222222,24,15956.97,664.87375,8819,1.00589683736255,334,"United Kingdom",2009-12-02 17:18:00,2011-11-17 12:00:00,"1","High_Value"
"17717",421.997222222222,1,376.92,376.92,344,30,26,"United Kingdom",2010-10-14 12:54:00,2010-10-14 12:54:00,"2","Not_High_Value"
"17718",232.965972222222,2,439.18,219.59,274,0.145195930480726,22,"United Kingdom",2010-03-05 08:01:00,2011-04-21 13:39:00,"2","Not_High_Value"
"17719",38.0930555555556,15,5396.04,359.736,2466,2.05513991126109,111,"United Kingdom",2011-03-29 11:29:00,2011-11-02 10:36:00,"1","High_Value"
"17720",26.9069444444444,10,2666.91,266.691,1589,0.542287095826649,81,"United Kingdom",2010-05-10 09:58:00,2011-11-13 15:04:00,"1","High_Value"
"17721",659.897222222222,1,307.21,307.21,107,30,11,"United Kingdom",2010-02-18 15:18:00,2010-02-18 15:18:00,"2","Not_High_Value"
"17722",96.8944444444444,5,3520.22,704.044,2412,0.535265575980453,163,"United Kingdom",2010-11-29 09:44:00,2011-09-04 15:22:00,"1","High_Value"
"17723",127.759027777778,7,3378.4,482.628571428571,912,0.842241297675481,6,"United Kingdom",2010-11-29 10:35:00,2011-08-04 18:37:00,"1","High_Value"
"17724",71.8916666666667,3,1033,344.333333333333,300,1.3219094247246,38,"United Kingdom",2011-07-24 13:26:00,2011-09-29 15:26:00,"1","High_Value"
"17725",16.8444444444444,11,3439.08,312.643636363636,2162,1.3102206585844,115,"United Kingdom",2011-03-17 19:47:00,2011-11-23 16:34:00,"1","High_Value"
"17726",395.967361111111,7,1092.06,156.008571428571,444,0.729309109852185,52,"United Kingdom",2010-01-26 14:58:00,2010-11-09 13:37:00,"1","High_Value"
"17727",15.8222222222222,1,1060.25,1060.25,645,30,66,"United Kingdom",2011-11-24 17:06:00,2011-11-24 17:06:00,"1","High_Value"
"17728",4.16527777777778,5,4238.76,847.752,2146,0.332781778348848,196,"United Kingdom",2010-09-12 14:58:00,2011-12-06 08:52:00,"1","High_Value"
"17729",596.907638888889,1,438.65,438.65,247,30,23,"United Kingdom",2010-04-22 15:03:00,2010-04-22 15:03:00,"2","Not_High_Value"
"17730",3.87986111111111,20,7773.8,388.69,5300,1.0218624152144,177,"United Kingdom",2010-04-29 11:48:00,2011-12-06 15:43:00,"1","High_Value"
"17731",79.9083333333333,6,1708.99,284.831666666667,707,0.305032686276471,82,"United Kingdom",2010-02-09 12:37:00,2011-09-21 15:02:00,"1","High_Value"
"17732",373.139583333333,8,2166.42,270.8025,1058,2.0683711577133,90,"United Kingdom",2010-08-09 08:41:00,2010-12-02 09:29:00,"1","High_Value"
"17733",39.1902777777778,2,692.19,346.095,463,0.26793854779788,33,"United Kingdom",2011-03-23 09:54:00,2011-11-01 08:16:00,"1","High_Value"
"17734",54.0118055555556,6,1442.32,240.386666666667,741,0.305114194166574,76,"United Kingdom",2010-03-07 13:55:00,2011-10-17 12:33:00,"1","High_Value"
"17735",2.83541666666667,26,16790.33,645.781923076923,10683,1.57213601663956,391,"United Kingdom",2010-07-30 13:25:00,2011-12-07 16:47:00,"1","High_Value"
"17736",9.88472222222222,3,377.44,125.813333333333,238,0.85678586303326,24,"United Kingdom",2011-08-18 14:33:00,2011-11-30 15:36:00,"2","Not_High_Value"
"17737",9.89861111111111,2,168.24,84.12,108,1.19943360079962,8,"United Kingdom",2011-10-12 14:42:00,2011-11-30 15:16:00,"2","Not_High_Value"
"17738",19.90625,13,4183.56,321.812307692308,2776,0.6370394905499,173,"United Kingdom",2010-03-19 10:07:00,2011-11-20 15:05:00,"1","High_Value"
"17739",12.1513888888889,18,7730.59,429.477222222222,2335,0.747991504294025,56,"United Kingdom",2009-12-07 10:48:00,2011-11-28 09:12:00,"1","High_Value"
"17740",389.845138888889,6,426.9,71.15,222,0.582259941324731,5,"United Kingdom",2010-01-11 13:11:00,2010-11-15 16:33:00,"2","Not_High_Value"
"17741",407.035416666667,2,101.1,50.55,114,0.387117586967041,6,"United Kingdom",2010-05-28 12:11:00,2010-10-29 11:59:00,"2","Not_High_Value"
"17742",113.890277777778,11,2098.48,190.770909090909,653,0.527079368037162,52,"United Kingdom",2009-12-01 13:16:00,2011-08-18 15:28:00,"1","High_Value"
"17743",448.913888888889,1,229.2,229.2,96,30,3,"United Kingdom",2010-09-17 14:54:00,2010-09-17 14:54:00,"2","Not_High_Value"
"17744",4.02708333333333,7,2649.14,378.448571428571,3826,0.5553953610529,121,"United Kingdom",2010-11-24 09:34:00,2011-12-06 12:11:00,"1","High_Value"
"17745",478.013888888889,2,600.34,300.17,164,0.758114190950012,27,"United Kingdom",2010-06-02 09:03:00,2010-08-19 12:30:00,"2","Not_High_Value"
"17746",240.929861111111,4,904.18,226.045,688,0.323391417775673,32,"United Kingdom",2010-04-08 12:54:00,2011-04-13 14:31:00,"1","High_Value"
"17747",113.192361111111,1,71.4,71.4,12,30,1,"United Kingdom",2011-08-19 08:13:00,2011-08-19 08:13:00,"2","Not_High_Value"
"17748",527.959027777778,1,358.15,358.15,111,30,17,"United Kingdom",2010-06-30 13:49:00,2010-06-30 13:49:00,"2","Not_High_Value"
"17749",178.878472222222,3,1026.18,342.06,446,0.24387994934222,52,"United Kingdom",2010-06-11 14:56:00,2011-06-14 15:45:00,"1","High_Value"
"17750",5.94513888888889,9,1710.45,190.05,3747,1.68819608779662,101,"United Kingdom",2011-06-28 15:44:00,2011-12-04 14:09:00,"1","High_Value"
"17751",421.953472222222,1,157.86,157.86,147,30,31,"United Kingdom",2010-10-14 13:57:00,2010-10-14 13:57:00,"2","Not_High_Value"
"17752",359.854861111111,1,80.64,80.64,192,30,1,"United Kingdom",2010-12-15 16:19:00,2010-12-15 16:19:00,"2","Not_High_Value"
"17753",464.875694444444,4,382.06,95.515,124,0.501962242446601,63,"United Kingdom",2010-01-06 14:20:00,2010-09-01 15:49:00,"2","Not_High_Value"
"17754",1.0625,13,4451.22,342.401538461539,4366,0.53511807662403,185,"United Kingdom",2009-12-11 15:52:00,2011-12-09 11:20:00,"1","High_Value"
"17756",376.020833333333,3,728.75,242.916666666667,399,4.50531877911423,54,"United Kingdom",2010-11-10 12:54:00,2010-11-29 12:20:00,"2","Not_High_Value"
"17757",1.88819444444444,56,9074.05,162.036607142857,5011,2.41732657190677,362,"United Kingdom",2010-01-13 15:56:00,2011-12-08 15:31:00,"1","High_Value"
"17758",19.9201388888889,12,4964.03,413.669166666667,3199,0.654473561616338,403,"United Kingdom",2010-05-20 13:18:00,2011-11-20 14:45:00,"1","High_Value"
"17759",17.8666666666667,5,1261.88,252.376,965,0.2644654003345,114,"United Kingdom",2010-05-05 11:40:00,2011-11-22 16:02:00,"1","High_Value"
"17760",22.0791666666667,6,746.39,124.398333333333,531,0.286193483135894,58,"United Kingdom",2010-02-28 12:15:00,2011-11-18 10:56:00,"1","High_Value"
"17761",33.1020833333333,1,712.78,712.78,398,30,19,"United Kingdom",2011-11-07 10:23:00,2011-11-07 10:23:00,"2","Not_High_Value"
"17762",456.798611111111,1,129.75,129.75,129,30,16,"United Kingdom",2010-09-09 17:40:00,2010-09-09 17:40:00,"2","Not_High_Value"
"17763",263.934027777778,4,86.15,21.5375,41,0.30227070370649,11,"United Kingdom",2010-02-18 14:32:00,2011-03-21 14:25:00,"2","Not_High_Value"
"17764",51.0743055555556,5,1513.57,302.714,674,0.218385865581478,126,"United Kingdom",2009-12-03 14:28:00,2011-10-20 11:03:00,"1","High_Value"
"17765",159.00625,4,524,131,195,0.412375070399679,71,"United Kingdom",2010-09-17 12:45:00,2011-07-04 12:41:00,"2","Not_High_Value"
"17766",381.93125,2,299.61,149.805,155,59.504132231405,21,"United Kingdom",2010-11-23 14:17:00,2010-11-23 14:29:00,"2","Not_High_Value"
"17767",15.9222222222222,2,413.05,206.525,198,0.151541726593468,35,"United Kingdom",2010-10-25 16:22:00,2011-11-24 14:42:00,"2","Not_High_Value"
"17768",8.97777777777778,7,3292.73,470.39,2339,0.287655908741543,134,"United Kingdom",2009-12-02 12:26:00,2011-12-01 13:22:00,"1","High_Value"
"17769",13.0638888888889,17,7053.38,414.904705882353,3157,0.752223946410189,330,"United Kingdom",2010-01-19 11:33:00,2011-11-27 11:18:00,"1","High_Value"
"17770",199.011111111111,5,1143.27,228.654,365,1.76558579030399,33,"United Kingdom",2011-03-02 13:35:00,2011-05-25 12:34:00,"1","High_Value"
"17771",57.0465277777778,4,387.41,96.8525,373,0.224747744068506,63,"United Kingdom",2010-04-29 13:21:00,2011-10-14 11:43:00,"1","High_Value"
"17772",11.0729166666667,3,360.75,120.25,113,0.234998023550574,94,"United Kingdom",2010-11-12 11:31:00,2011-11-29 11:05:00,"1","High_Value"
"17773",514.946527777778,2,575.37,287.685,254,0.339016303388201,48,"United Kingdom",2010-01-18 14:32:00,2010-07-13 14:07:00,"2","Not_High_Value"
"17774",97.0006944444444,9,3273.83,363.758888888889,1585,0.470495411822649,286,"United Kingdom",2010-02-08 16:06:00,2011-09-04 12:49:00,"1","High_Value"
"17775",255.083333333333,1,56.4,56.4,72,30,3,"United Kingdom",2011-03-30 10:50:00,2011-03-30 10:50:00,"2","Not_High_Value"
"17776",387.025,2,330.56,165.28,273,0.177574991522027,74,"United Kingdom",2009-12-16 14:59:00,2010-11-18 12:14:00,"2","Not_High_Value"
"17777",25.0333333333333,3,647.56,215.853333333333,501,1.17044623262619,141,"United Kingdom",2011-08-31 14:35:00,2011-11-15 12:02:00,"1","High_Value"
"17778",662.004166666667,1,197.7,197.7,214,30,10,"United Kingdom",2010-02-16 12:44:00,2010-02-16 12:44:00,"2","Not_High_Value"
"17779",21.9409722222222,3,650.32,216.773333333333,396,0.731228418605701,73,"United Kingdom",2011-07-19 12:19:00,2011-11-18 14:15:00,"1","High_Value"
"17780",667.963194444444,3,346.56,115.52,156,4.97275727112271,76,"United Kingdom",2010-01-24 11:21:00,2010-02-10 13:43:00,"2","Not_High_Value"
"17781",159.868055555556,2,188.02,94.01,34,0.632661130881771,12,"United Kingdom",2011-03-31 19:54:00,2011-07-03 16:00:00,"2","Not_High_Value"
"17782",383.065972222222,2,679.02,339.51,538,57.1428571428571,29,"United Kingdom",2010-11-22 10:03:00,2010-11-22 11:15:00,"2","Not_High_Value"
"17783",72.8631944444444,3,376.96,125.653333333333,438,0.204018342760261,91,"United Kingdom",2010-07-15 12:50:00,2011-09-28 16:07:00,"1","High_Value"
"17784",550.8625,1,112.86,112.86,72,30,19,"United Kingdom",2010-06-07 16:08:00,2010-06-07 16:08:00,"2","Not_High_Value"
"17785",53.9631944444444,3,403.38,134.46,227,0.175428622479229,48,"United Kingdom",2010-05-23 13:01:00,2011-10-17 13:43:00,"2","Not_High_Value"
"17786",85.9993055555556,2,266.85,133.425,195,0.257590574093067,57,"United Kingdom",2011-01-26 14:35:00,2011-09-15 12:51:00,"2","Not_High_Value"
"17787",153.059722222222,4,1817.54,454.385,896,0.545693975576405,94,"United Kingdom",2010-12-03 13:43:00,2011-07-10 11:24:00,"1","High_Value"
"17788",74.1118055555555,2,1117.9,558.95,211,1.05300361969994,3,"United Kingdom",2011-08-02 10:38:00,2011-09-27 10:09:00,"2","Not_High_Value"
"17789",281.983333333333,2,397.15,198.575,199,0.157480889037945,27,"United Kingdom",2010-02-16 13:16:00,2011-03-03 13:14:00,"2","Not_High_Value"
"17790",27.0555555555556,20,2779.41,138.9705,1387,1.15625501846796,188,"United Kingdom",2010-06-13 13:30:00,2011-11-13 11:30:00,"1","High_Value"
"17791",30.0284722222222,1,106.1,106.1,46,30,10,"United Kingdom",2011-11-10 12:09:00,2011-11-10 12:09:00,"2","Not_High_Value"
"17792",467.930555555556,2,368.35,184.175,149,4.9763852090773,45,"United Kingdom",2010-08-18 13:08:00,2010-08-29 14:30:00,"2","Not_High_Value"
"17793",25.9347222222222,1,300.34,300.34,226,30,49,"United Kingdom",2011-11-14 14:24:00,2011-11-14 14:24:00,"2","Not_High_Value"
"17794",687.105555555556,2,147.3,73.65,46,20.5665317781481,7,"United Kingdom",2010-01-20 12:17:00,2010-01-22 10:18:00,"2","Not_High_Value"
"17795",180.009722222222,2,342.83,171.415,305,0.697482926199202,43,"United Kingdom",2011-03-20 12:02:00,2011-06-13 12:36:00,"2","Not_High_Value"
"17796",40.8833333333333,7,1236.39,176.627142857143,347,0.549617321669717,149,"United Kingdom",2010-10-14 13:37:00,2011-10-30 15:38:00,"1","High_Value"
"17797",22.9784722222222,8,1971.87,246.48375,1086,0.341417296698151,222,"United Kingdom",2009-12-15 14:30:00,2011-11-17 13:21:00,"1","High_Value"
"17798",582.047222222222,1,178.07,178.07,138,30,43,"United Kingdom",2010-05-07 11:42:00,2010-05-07 11:42:00,"2","Not_High_Value"
"17799",22.8986111111111,20,6246.93,312.3465,3674,0.851103232714674,478,"United Kingdom",2009-12-13 16:03:00,2011-11-17 15:16:00,"1","High_Value"
"17800",37.9951388888889,9,1187.21,131.912222222222,732,0.90615218602223,51,"United Kingdom",2011-01-09 13:50:00,2011-11-02 12:57:00,"1","High_Value"
"17801",451.929166666667,3,770.03,256.676666666667,820,0.373249313837585,66,"United Kingdom",2010-01-17 11:31:00,2010-09-14 14:32:00,"1","High_Value"
"17802",82.9125,10,4946.22,494.622,2705,0.465077722884731,283,"United Kingdom",2009-12-13 13:39:00,2011-09-18 14:56:00,"1","High_Value"
"17803",392.95625,1,184.66,184.66,98,30,27,"United Kingdom",2010-11-12 13:53:00,2010-11-12 13:53:00,"2","Not_High_Value"
"17804",376.950694444444,3,383.78,127.926666666667,194,0.247886936014185,82,"United Kingdom",2009-12-01 12:22:00,2010-11-28 14:01:00,"2","Not_High_Value"
"17805",74.0423611111111,2,927.03,463.515,1126,0.111548209096085,10,"United Kingdom",2010-04-08 14:36:00,2011-09-27 11:49:00,"1","High_Value"
"17806",11.9430555555556,1,546.04,546.04,727,30,43,"United Kingdom",2011-11-28 14:12:00,2011-11-28 14:12:00,"2","Not_High_Value"
"17807",395.853472222222,3,437.87,145.956666666667,262,0.290230908248067,88,"United Kingdom",2010-01-04 14:00:00,2010-11-09 16:21:00,"2","Not_High_Value"
"17808",549.0875,4,262.64,65.66,143,3.55423917067753,29,"United Kingdom",2010-05-07 16:26:00,2010-06-09 10:44:00,"2","Not_High_Value"
"17809",16.99375,20,10085.89,504.2945,2995,0.831115262412139,59,"United Kingdom",2009-12-02 14:52:00,2011-11-23 12:59:00,"1","High_Value"
"17810",669.085416666667,2,373.16,186.58,118,3.74658514374919,51,"United Kingdom",2010-01-25 10:26:00,2010-02-09 10:47:00,"2","Not_High_Value"
"17811",4.96111111111111,47,9519.8,202.548936170213,5278,3.18933370194558,538,"United Kingdom",2010-09-20 11:24:00,2011-12-05 13:46:00,"1","High_Value"
"17812",13.04375,7,911.99,130.284285714286,444,0.404682216063368,162,"United Kingdom",2010-06-27 13:34:00,2011-11-27 11:47:00,"1","High_Value"
"17813",14.8590277777778,5,1698.07,339.614,752,2.58571154951159,297,"United Kingdom",2011-09-29 15:57:00,2011-11-25 16:13:00,"1","High_Value"
"17814",375.936805555556,2,1609.37,804.685,1435,1.24967456391565,112,"United Kingdom",2010-10-13 14:03:00,2010-11-29 14:21:00,"1","High_Value"
"17815",393.924305555556,1,591.96,591.96,612,30,13,"United Kingdom",2010-11-11 14:39:00,2010-11-11 14:39:00,"2","Not_High_Value"
"17816",37.0527777777778,6,96.11,16.0183333333333,80,0.261309552013404,41,"United Kingdom",2009-12-15 15:27:00,2011-11-03 11:34:00,"2","Not_High_Value"
"17817",4.92430555555556,6,788.15,131.358333333333,353,0.429614209092175,115,"United Kingdom",2010-10-13 15:07:00,2011-12-05 14:39:00,"1","High_Value"
"17818",738.052777777778,1,124.78,124.78,86,30,42,"United Kingdom",2009-12-02 11:34:00,2009-12-02 11:34:00,"2","Not_High_Value"
"17819",72.0819444444444,12,6021.05,501.754166666667,1610,0.548938549379056,66,"United Kingdom",2009-12-13 15:24:00,2011-09-29 10:52:00,"1","High_Value"
"17820",374.796527777778,1,180.61,180.61,111,30,39,"United Kingdom",2010-11-30 17:43:00,2010-11-30 17:43:00,"2","Not_High_Value"
"17821",406.979166666667,1,334.62,334.62,162,30,6,"United Kingdom",2010-10-29 13:20:00,2010-10-29 13:20:00,"2","Not_High_Value"
"17822",420.960416666667,5,2162.93,432.586,1375,1.06334797077762,152,"United Kingdom",2010-05-28 12:15:00,2010-10-15 13:47:00,"1","High_Value"
"17823",421.851388888889,2,449.25,224.625,252,59.5862068965517,88,"United Kingdom",2010-10-14 16:14:00,2010-10-14 16:24:00,"2","Not_High_Value"
"17824",51.9416666666667,1,298.4,298.4,408,30,13,"United Kingdom",2011-10-19 14:14:00,2011-10-19 14:14:00,"2","Not_High_Value"
"17825",599.034027777778,4,701.96,175.49,516,0.937540691870307,24,"United Kingdom",2009-12-14 12:09:00,2010-04-20 12:01:00,"2","Not_High_Value"
"17826",374.977083333333,1,133.34,133.34,84,30,33,"United Kingdom",2010-11-30 13:23:00,2010-11-30 13:23:00,"2","Not_High_Value"
"17827",5.90972222222222,6,2376.17,396.028333333333,1582,0.291681670867843,240,"United Kingdom",2010-03-28 12:20:00,2011-12-04 15:00:00,"1","High_Value"
"17828",23.1729166666667,4,1820.09,455.0225,667,0.736164955480765,54,"Malta",2011-06-08 08:31:00,2011-11-17 08:41:00,"1","High_Value"
"17829",299.002777777778,5,4756.74,951.348,3009,0.419135068216173,121,"United Arab Emirates",2010-02-22 15:39:00,2011-02-14 12:46:00,"1","High_Value"
"17830",2.01527777777778,3,398.7,132.9,92,0.312399813909987,18,"United Kingdom",2011-02-24 10:15:00,2011-12-08 12:28:00,"2","Not_High_Value"
"17831",33.9034722222222,1,35.4,35.4,12,30,2,"United Kingdom",2011-11-06 15:09:00,2011-11-06 15:09:00,"2","Not_High_Value"
"17832",50.0465277777778,1,155.37,155.37,208,30,61,"United Kingdom",2011-10-21 11:43:00,2011-10-21 11:43:00,"2","Not_High_Value"
"17833",723.965277777778,1,338.46,338.46,143,30,28,"United Kingdom",2009-12-16 13:40:00,2009-12-16 13:40:00,"2","Not_High_Value"
"17834",415.028472222222,2,689.67,344.835,639,1.88329664101838,54,"United Kingdom",2010-09-20 15:32:00,2010-10-21 12:09:00,"2","Not_High_Value"
"17835",3.04305555555556,3,342.24,114.08,344,4.12765144276706,45,"United Kingdom",2011-11-16 16:30:00,2011-12-07 11:48:00,"2","Not_High_Value"
"17836",47.8590277777778,1,110.21,110.21,88,30,23,"United Kingdom",2011-10-23 16:13:00,2011-10-23 16:13:00,"2","Not_High_Value"
"17837",42.8590277777778,8,1541.23,192.65375,510,1.9675603049263,110,"United Kingdom",2011-06-29 16:44:00,2011-10-28 16:13:00,"1","High_Value"
"17838",27.0625,13,5604.64,431.126153846154,3491,0.644563731583279,141,"United Kingdom",2010-03-19 09:53:00,2011-11-13 11:20:00,"1","High_Value"
"17839",42.8076388888889,1,318.15,318.15,257,30,50,"United Kingdom",2011-10-28 17:27:00,2011-10-28 17:27:00,"2","Not_High_Value"
"17840",444.018055555556,1,175.9,175.9,128,30,44,"United Kingdom",2010-09-22 12:24:00,2010-09-22 12:24:00,"2","Not_High_Value"
"17841",2.02986111111111,211,68545.25,324.859004739337,36584,8.59060605089599,2116,"United Kingdom",2009-12-02 15:41:00,2011-12-08 12:07:00,"1","High_Value"
"17842",602.935416666667,1,430.69,430.69,89,30,18,"United Kingdom",2010-04-16 14:23:00,2010-04-16 14:23:00,"2","Not_High_Value"
"17843",303.886805555556,2,320.4,160.2,251,0.549488987960849,58,"United Kingdom",2010-10-24 10:56:00,2011-02-09 15:33:00,"2","Not_High_Value"
"17844",107.057638888889,1,51.56,51.56,52,30,5,"Canada",2011-08-25 11:27:00,2011-08-25 11:27:00,"2","Not_High_Value"
"17845",555.895833333333,4,596.09,149.0225,195,5.43122957002766,42,"United Kingdom",2010-05-12 13:04:00,2010-06-02 15:20:00,"2","Not_High_Value"
"17846",85.8958333333333,1,2033.1,2033.1,1,30,1,"United Kingdom",2011-09-15 15:20:00,2011-09-15 15:20:00,"2","Not_High_Value"
"17847",516.118055555556,2,129.69,64.845,29,0.458445424300791,9,"United Kingdom",2010-03-04 12:57:00,2010-07-12 10:00:00,"2","Not_High_Value"
"17848",81.8340277777778,30,3559.11,118.637,1404,1.37794647698638,105,"United Kingdom",2009-12-06 13:19:00,2011-09-19 16:49:00,"1","High_Value"
"17849",218.961111111111,8,1063.76,132.97,224,0.57424949611933,24,"United Kingdom",2010-03-14 15:17:00,2011-05-05 13:46:00,"1","High_Value"
"17850",372.890972222222,155,51208.87,330.379806451613,21052,12.8055322347145,100,"United Kingdom",2009-12-05 12:28:00,2010-12-02 15:27:00,"1","High_Value"
"17851",422.900694444444,6,1552.35,258.725,933,0.571621380227458,185,"United Kingdom",2009-12-03 17:46:00,2010-10-13 15:13:00,"1","High_Value"
"17852",12.0097222222222,5,657.81,131.562,372,0.208047388571841,82,"United Kingdom",2009-12-08 12:51:00,2011-11-28 12:36:00,"1","High_Value"
"17853",407.889583333333,3,1596.29,532.096666666667,625,0.272715794789782,84,"United Kingdom",2009-12-03 15:09:00,2010-10-28 15:29:00,"1","High_Value"
"17854",185.853472222222,6,1068.5,178.083333333333,607,0.32893901937593,113,"United Kingdom",2009-12-08 11:13:00,2011-06-07 16:21:00,"1","High_Value"
"17855",373.129166666667,1,208.97,208.97,197,30,17,"United Kingdom",2010-12-02 09:44:00,2010-12-02 09:44:00,"2","Not_High_Value"
"17856",2.13194444444444,4,1418.03,354.5075,842,0.427172945713438,12,"United Kingdom",2011-03-03 11:40:00,2011-12-08 09:40:00,"1","High_Value"
"17857",4.98402777777778,24,27347.04,1139.46,19906,1.12844803566453,21,"United Kingdom",2010-03-08 12:09:00,2011-12-05 13:13:00,"1","High_Value"
"17858",6.0375,30,12518.65,417.288333333333,5383,1.234832568709,173,"United Kingdom",2009-12-06 15:41:00,2011-12-04 11:56:00,"1","High_Value"
"17859",305.095833333333,1,141.92,141.92,102,30,23,"United Kingdom",2011-02-08 10:32:00,2011-02-08 10:32:00,"2","Not_High_Value"
"17860",369.00625,4,717.39,179.3475,696,0.33256799071581,127,"United Kingdom",2009-12-11 16:48:00,2010-12-06 12:41:00,"1","High_Value"
"17861",3.85347222222222,18,5088.29,282.682777777778,4541,0.742570002692962,329,"United Kingdom",2009-12-10 11:27:00,2011-12-06 16:21:00,"1","High_Value"
"17862",324.01875,4,1254.89,313.7225,440,0.498354679717714,90,"United Kingdom",2010-05-25 17:22:00,2011-01-20 12:23:00,"1","High_Value"
"17863",59.9618055555556,12,5360.48,446.706666666667,4676,0.605986926393162,154,"United Kingdom",2010-02-25 12:01:00,2011-10-11 13:45:00,"1","High_Value"
"17864",13.0659722222222,5,876.57,175.314,1015,0.360597389675562,93,"United Kingdom",2010-10-08 11:49:00,2011-11-27 11:15:00,"1","High_Value"
"17865",31.0291666666667,46,26312.19,572.004130434783,12950,1.94625278760165,391,"United Kingdom",2009-12-01 10:49:00,2011-11-09 12:08:00,"1","High_Value"
"17866",143.071527777778,3,1134.95,378.316666666667,535,0.154163484665729,20,"United Kingdom",2009-12-14 16:01:00,2011-07-20 11:07:00,"1","High_Value"
"17867",30.9409722222222,15,1582.05,105.47,638,0.635570777868013,119,"United Kingdom",2009-12-02 13:39:00,2011-11-09 14:15:00,"1","High_Value"
"17868",386.746527777778,1,227.15,227.15,85,30,18,"United Kingdom",2010-11-18 18:55:00,2010-11-18 18:55:00,"2","Not_High_Value"
"17869",107.856944444444,7,813.64,116.234285714286,491,0.476078773404451,72,"United Kingdom",2010-06-10 13:47:00,2011-08-24 16:16:00,"1","High_Value"
"17870",2.90486111111111,13,2753.29,211.791538461538,1699,1.02592581767165,215,"United Kingdom",2010-11-23 11:39:00,2011-12-07 15:07:00,"1","High_Value"
"17871",205.054166666667,5,1068.95,213.79,665,0.30620750662032,64,"United Kingdom",2010-01-15 14:48:00,2011-05-19 11:32:00,"1","High_Value"
"17872",382.033333333333,1,235.87,235.87,176,30,15,"United Kingdom",2010-11-23 12:02:00,2010-11-23 12:02:00,"2","Not_High_Value"
"17873",80.8395833333333,18,6265.33,348.073888888889,4159,0.838427947598253,65,"United Kingdom",2009-12-16 15:11:00,2011-09-20 16:41:00,"1","High_Value"
"17874",185.997222222222,6,683.46,113.91,221,2.53300628365371,37,"United Kingdom",2011-03-29 11:25:00,2011-06-07 12:54:00,"2","Not_High_Value"
"17875",688.888888888889,1,167.1,167.1,98,30,25,"United Kingdom",2010-01-20 15:30:00,2010-01-20 15:30:00,"2","Not_High_Value"
"17876",400.081944444444,3,3424.02,1141.34,1958,0.325014043816708,3,"United Kingdom",2010-02-02 13:00:00,2010-11-05 10:52:00,"1","High_Value"
"17877",170.993055555556,1,237.61,237.61,98,30,12,"United Kingdom",2011-06-22 13:00:00,2011-06-22 13:00:00,"2","Not_High_Value"
"17878",44.0597222222222,3,1378.93,459.643333333333,1014,0.255030757181595,82,"United Kingdom",2010-11-09 13:50:00,2011-10-27 11:24:00,"1","High_Value"
"17879",174.009722222222,1,178.52,178.52,45,30,6,"United Kingdom",2011-06-19 12:36:00,2011-06-19 12:36:00,"2","Not_High_Value"
"17880",365.103472222222,3,824.92,274.973333333333,466,0.245395055744062,43,"United Kingdom",2009-12-09 16:13:00,2010-12-10 10:21:00,"1","High_Value"
"17881",304.815277777778,1,133.35,133.35,32,30,8,"United Kingdom",2011-02-08 17:16:00,2011-02-08 17:16:00,"2","Not_High_Value"
"17882",379.923611111111,2,291.56,145.78,130,59.7923875432526,47,"United Kingdom",2010-11-25 14:35:00,2010-11-25 14:40:00,"2","Not_High_Value"
"17883",3.79236111111111,7,988.42,141.202857142857,476,0.323124563236887,155,"United Kingdom",2010-02-25 20:07:00,2011-12-06 17:49:00,"1","High_Value"
"17884",4.05347222222222,20,2698.47,134.9235,2749,0.818778844422543,305,"United Kingdom",2009-12-04 16:23:00,2011-12-06 11:33:00,"1","High_Value"
"17885",12.9236111111111,1,156.34,156.34,110,30,50,"United Kingdom",2011-11-27 14:40:00,2011-11-27 14:40:00,"2","Not_High_Value"
"17886",32.1118055555556,6,1572.55,262.091666666667,711,0.32202798115043,138,"United Kingdom",2010-04-29 11:10:00,2011-11-08 10:09:00,"1","High_Value"
"17887",129.80625,1,111.35,111.35,30,30,10,"United Kingdom",2011-08-02 17:29:00,2011-08-02 17:29:00,"2","Not_High_Value"
"17888",21.9618055555556,25,1807.44,72.2976,1536,1.07467926296904,145,"United Kingdom",2009-12-21 16:34:00,2011-11-18 13:45:00,"1","High_Value"
"17889",212.85,7,746.42,106.631428571429,403,0.515678396758593,97,"United Kingdom",2010-03-31 10:54:00,2011-05-11 16:26:00,"1","High_Value"
"17890",323.063194444444,2,586.89,293.445,402,1.50609235274635,88,"United Kingdom",2010-12-13 15:12:00,2011-01-21 11:19:00,"2","Not_High_Value"
"17891",162.695833333333,1,203.86,203.86,393,30,34,"United Kingdom",2011-06-30 20:08:00,2011-06-30 20:08:00,"2","Not_High_Value"
"17892",56.8340277777778,3,244.1,81.3666666666667,109,0.898546102486948,27,"United Kingdom",2011-07-07 12:56:00,2011-10-14 16:49:00,"2","Not_High_Value"
"17893",225.958333333333,1,107.21,107.21,149,30,15,"United Kingdom",2011-04-28 13:50:00,2011-04-28 13:50:00,"2","Not_High_Value"
"17894",72.14375,18,2304.58,128.032222222222,938,1.35406690232817,215,"United Kingdom",2010-08-27 14:13:00,2011-09-29 09:23:00,"1","High_Value"
"17895",44.8263888888889,1,95.45,95.45,127,30,15,"United Kingdom",2011-10-26 17:00:00,2011-10-26 17:00:00,"2","Not_High_Value"
"17896",23.9520833333333,1,256.32,256.32,288,30,2,"United Kingdom",2011-11-16 13:59:00,2011-11-16 13:59:00,"2","Not_High_Value"
"17897",173.060416666667,9,2099.89,233.321111111111,864,0.666986893570301,211,"United Kingdom",2010-05-12 16:03:00,2011-06-20 11:23:00,"1","High_Value"
"17898",85.9125,4,299.18,74.795,251,0.248499368685053,48,"United Kingdom",2010-05-21 17:22:00,2011-09-15 14:56:00,"2","Not_High_Value"
"17899",159.911111111111,1,154.55,154.55,170,30,29,"United Kingdom",2011-07-03 14:58:00,2011-07-03 14:58:00,"2","Not_High_Value"
"17900",190.925,2,112.2,56.1,73,59.5862068965517,4,"United Kingdom",2011-06-02 14:28:00,2011-06-02 14:38:00,"2","Not_High_Value"
"17901",29.80625,3,260.08,86.6933333333333,38,0.182454263249403,22,"United Kingdom",2010-07-06 10:54:00,2011-11-10 17:29:00,"2","Not_High_Value"
"17902",547.017361111111,1,216.4,216.4,526,30,24,"United Kingdom",2010-06-11 12:25:00,2010-06-11 12:25:00,"2","Not_High_Value"
"17903",394.882638888889,1,381.09,381.09,142,30,44,"United Kingdom",2010-11-10 15:39:00,2010-11-10 15:39:00,"2","Not_High_Value"
"17904",21.9951388888889,1,181.07,181.07,59,30,33,"United Kingdom",2011-11-18 12:57:00,2011-11-18 12:57:00,"2","Not_High_Value"
"17905",71.8034722222222,13,2178.87,167.605384615385,1299,0.639359547530166,129,"United Kingdom",2010-01-28 17:54:00,2011-09-29 17:33:00,"1","High_Value"
"17906",247.809027777778,1,72.9,72.9,26,30,12,"United Kingdom",2011-04-06 17:25:00,2011-04-06 17:25:00,"2","Not_High_Value"
"17907",641.011805555556,1,291.76,291.76,1046,30,13,"United Kingdom",2010-03-09 12:33:00,2010-03-09 12:33:00,"2","Not_High_Value"
"17908",374.045138888889,5,1142.47,228.494,670,0.424961782950769,178,"United Kingdom",2009-12-14 12:24:00,2010-12-01 11:45:00,"1","High_Value"
"17909",737.986111111111,1,110.05,110.05,35,30,8,"United Kingdom",2009-12-02 13:10:00,2009-12-02 13:10:00,"2","Not_High_Value"
"17910",726.865277777778,1,261.7,261.7,121,30,25,"United Kingdom",2009-12-13 16:04:00,2009-12-13 16:04:00,"2","Not_High_Value"
"17911",9.91527777777778,1,366.23,366.23,223,30,39,"United Kingdom",2011-11-30 14:52:00,2011-11-30 14:52:00,"2","Not_High_Value"
"17912",310.934027777778,6,374.55,62.425,215,2.72635476270616,48,"United Kingdom",2010-11-29 13:53:00,2011-02-02 14:25:00,"2","Not_High_Value"
"17913",59.0868055555556,14,3429.29,244.949285714286,1725,0.618643382980965,224,"United Kingdom",2009-12-03 13:02:00,2011-10-12 10:45:00,"1","High_Value"
"17914",4.03611111111111,1,329.36,329.36,457,30,72,"United Kingdom",2011-12-06 11:58:00,2011-12-06 11:58:00,"2","Not_High_Value"
"17915",551.977777777778,1,225.78,225.78,184,30,27,"United Kingdom",2010-06-06 13:22:00,2010-06-06 13:22:00,"2","Not_High_Value"
"17916",629.016666666667,2,43.87,21.935,90,0.566423663921959,15,"United Kingdom",2009-12-06 14:10:00,2010-03-21 12:26:00,"2","Not_High_Value"
"17917",45.9791666666667,3,335.03,111.676666666667,184,0.282974375098255,77,"United Kingdom",2010-12-12 12:08:00,2011-10-25 13:20:00,"2","Not_High_Value"
"17918",501.040972222222,3,396.39,132.13,352,15.2632198798728,34,"United Kingdom",2010-07-22 14:20:00,2010-07-27 11:51:00,"2","Not_High_Value"
"17919",88.9645833333333,2,1840.32,920.16,1452,0.17087897852344,37,"United Kingdom",2010-09-27 10:40:00,2011-09-12 13:41:00,"1","High_Value"
"17920",4.93125,54,23581.78,436.69962962963,12265,2.21868841732038,715,"United Kingdom",2009-12-06 10:37:00,2011-12-05 14:29:00,"1","High_Value"
"17921",64.7458333333333,10,2394.36,239.436,991,0.668222759481571,230,"United Kingdom",2010-07-15 20:05:00,2011-10-06 18:56:00,"1","High_Value"
"17922",543.845833333333,1,170.4,170.4,49,30,8,"United Kingdom",2010-06-14 16:32:00,2010-06-14 16:32:00,"2","Not_High_Value"
"17923",282.899305555556,3,497,165.666666666667,140,0.342135761370866,2,"United Kingdom",2010-06-13 13:58:00,2011-03-02 15:15:00,"2","Not_High_Value"
"17924",12.1520833333333,8,3257.7,407.2125,1208,0.594249399044662,27,"United Kingdom",2010-10-21 12:17:00,2011-11-28 09:11:00,"1","High_Value"
"17925",373.111111111111,1,244.08,244.08,72,30,1,"United Kingdom",2010-12-02 10:10:00,2010-12-02 10:10:00,"2","Not_High_Value"
"17926",133.924305555556,5,1035.49,207.098,572,0.335553788029429,27,"United Kingdom",2010-05-09 14:07:00,2011-07-29 14:39:00,"1","High_Value"
"17927",722.074305555556,1,294,294,108,30,10,"United Kingdom",2009-12-18 11:03:00,2009-12-18 11:03:00,"2","Not_High_Value"
"17928",45.9569444444444,3,341.24,113.746666666667,222,0.170800045335814,27,"United Kingdom",2010-05-17 15:30:00,2011-10-25 13:52:00,"2","Not_High_Value"
"17929",11.8673611111111,12,3082.1,256.841666666667,434,0.499874163622005,6,"United Kingdom",2009-12-09 11:40:00,2011-11-28 16:01:00,"1","High_Value"
"17930",36.1020833333333,13,4275.22,328.863076923077,3795,0.638310931074695,39,"United Kingdom",2010-03-04 10:41:00,2011-11-04 10:23:00,"1","High_Value"
"17931",134.761805555556,14,3402.24,243.017142857143,1919,0.795280912469132,274,"United Kingdom",2010-02-16 15:47:00,2011-07-28 18:33:00,"1","High_Value"
"17932",29.7090277777778,3,1331.57,443.856666666667,789,0.491149084211603,84,"United Kingdom",2011-05-12 13:58:00,2011-11-10 19:49:00,"1","High_Value"
"17933",632.902083333333,1,114.69,114.69,63,30,12,"United Kingdom",2010-03-17 15:11:00,2010-03-17 15:11:00,"2","Not_High_Value"
"17934",52.0652777777778,3,1049.15,349.716666666667,628,0.25284203420781,36,"United Kingdom",2010-10-29 12:23:00,2011-10-19 11:16:00,"1","High_Value"
"17935",138.980555555556,7,686.14,98.02,244,0.351201156733969,60,"United Kingdom",2009-12-04 14:33:00,2011-07-24 13:18:00,"1","High_Value"
"17936",5.97083333333333,1,380.13,380.13,257,30,68,"United Kingdom",2011-12-04 13:32:00,2011-12-04 13:32:00,"2","Not_High_Value"
"17937",9.04513888888889,7,4301.22,614.46,1754,0.591755345171049,19,"United Kingdom",2010-12-12 14:43:00,2011-12-01 11:45:00,"1","High_Value"
"17938",420.932638888889,1,144.29,144.29,53,30,29,"United Kingdom",2010-10-15 14:27:00,2010-10-15 14:27:00,"2","Not_High_Value"
"17939",160.015972222222,1,99.14,99.14,40,30,12,"United Kingdom",2011-07-03 12:27:00,2011-07-03 12:27:00,"2","Not_High_Value"
"17940",49.9743055555556,16,30306.79,1894.174375,85148,0.697634985102586,11,"United Kingdom",2009-12-03 12:31:00,2011-10-21 13:27:00,"1","High_Value"
"17941",131.180555555556,4,1433.28,358.32,1108,0.209532516948731,5,"United Kingdom",2010-01-06 15:37:00,2011-08-01 08:30:00,"1","High_Value"
"17942",8.08680555555556,1,77.5,77.5,38,30,2,"United Kingdom",2011-12-02 10:45:00,2011-12-02 10:45:00,"2","Not_High_Value"
"17944",423.850694444444,1,74.99,74.99,84,30,24,"United Kingdom",2010-10-12 16:25:00,2010-10-12 16:25:00,"2","Not_High_Value"
"17945",697.048611111111,3,360.35,120.116666666667,244,89.5646164478231,66,"United Kingdom",2010-01-12 11:33:00,2010-01-12 11:40:00,"2","Not_High_Value"
"17946",233.826388888889,2,149.58,74.79,75,2.2139086762671,18,"United Kingdom",2011-03-25 14:34:00,2011-04-20 17:00:00,"2","Not_High_Value"
"17947",37.9895833333333,1,176.68,176.68,168,30,9,"United Kingdom",2011-11-02 13:05:00,2011-11-02 13:05:00,"2","Not_High_Value"
"17948",147.994444444444,1,358.56,358.56,144,30,1,"United Kingdom",2011-07-15 12:58:00,2011-07-15 12:58:00,"2","Not_High_Value"
"17949",1.75277777777778,118,117314.08,994.187118644068,60538,4.80117995100491,58,"United Kingdom",2009-12-02 11:07:00,2011-12-08 18:46:00,"1","High_Value"
"17950",72.8972222222222,7,1166.29,166.612857142857,659,0.331804880296781,133,"United Kingdom",2010-01-04 17:39:00,2011-09-28 15:18:00,"1","High_Value"
"17951",40.0138888888889,4,1340.58,335.145,780,0.32797153024911,24,"United Kingdom",2010-10-31 15:15:00,2011-10-31 12:30:00,"1","High_Value"
"17952",378.955555555556,4,788.46,197.115,477,0.731335703402742,85,"United Kingdom",2010-06-16 11:54:00,2010-11-26 13:54:00,"1","High_Value"
"17953",540.904166666667,1,159.17,159.17,98,30,20,"United Kingdom",2010-06-17 15:08:00,2010-06-17 15:08:00,"2","Not_High_Value"
"17954",5.94097222222222,19,3804.38,200.230526315789,3180,0.785084166034588,479,"United Kingdom",2009-12-09 13:22:00,2011-12-04 14:15:00,"1","High_Value"
"17955",199.034722222222,6,949.9,158.316666666667,681,0.384767825571919,16,"United Kingdom",2010-02-12 16:27:00,2011-05-25 12:00:00,"1","High_Value"
"17956",249.960416666667,1,12.75,12.75,1,30,1,"United Kingdom",2011-04-04 13:47:00,2011-04-04 13:47:00,"2","Not_High_Value"
"17957",66.9111111111111,1,111.68,111.68,287,30,31,"United Kingdom",2011-10-04 14:58:00,2011-10-04 14:58:00,"2","Not_High_Value"
"17958",117.021527777778,2,973.88,486.94,284,0.0979012421220094,35,"United Kingdom",2009-12-11 15:37:00,2011-08-15 12:19:00,"1","High_Value"
"17959",592.943055555556,1,140.75,140.75,49,30,2,"United Kingdom",2010-04-26 14:12:00,2010-04-26 14:12:00,"2","Not_High_Value"
"17960",171.940972222222,3,135.08,45.0266666666667,60,0.191050971986562,37,"United Kingdom",2010-03-08 12:22:00,2011-06-21 14:15:00,"2","Not_High_Value"
"17961",21.8298611111111,100,2866.74,28.6674,1491,4.17775981169134,486,"United Kingdom",2009-12-01 14:48:00,2011-11-18 16:55:00,"1","High_Value"
"17962",142.940277777778,4,666.96,166.74,633,0.216624963018308,146,"United Kingdom",2010-01-13 15:24:00,2011-07-20 14:16:00,"1","High_Value"
"17963",471.869444444444,4,643.16,160.79,341,0.548096411681305,98,"United Kingdom",2010-01-19 17:25:00,2010-08-25 15:58:00,"1","High_Value"
"17964",32.0875,2,463.21,231.605,294,0.175498464388437,84,"United Kingdom",2010-12-02 13:32:00,2011-11-08 10:44:00,"1","High_Value"
"17965",38.1381944444444,29,7006.65,241.608620689655,4383,1.26298980172028,588,"United Kingdom",2009-12-14 13:19:00,2011-11-02 09:31:00,"1","High_Value"
"17966",38.1,10,1963.92,196.392,3918,0.458802313553148,82,"United Kingdom",2010-01-18 13:24:00,2011-11-02 10:26:00,"1","High_Value"
"17967",372.063194444444,2,223.42,111.71,111,1.30671506352087,59,"United Kingdom",2010-10-19 13:19:00,2010-12-03 11:19:00,"2","Not_High_Value"
"17968",374.01875,4,590.44,147.61,352,0.857815152748682,106,"United Kingdom",2010-07-15 15:01:00,2010-12-01 12:23:00,"1","High_Value"
"17969",166.993055555556,20,2354.29,117.7145,1014,1.05640648173847,113,"United Kingdom",2009-12-06 13:53:00,2011-06-26 13:00:00,"1","High_Value"
"17970",211.699305555556,1,562.79,562.79,513,30,27,"United Kingdom",2011-05-12 20:03:00,2011-05-12 20:03:00,"2","Not_High_Value"
"17971",548.948611111111,1,161.94,161.94,62,30,21,"United Kingdom",2010-06-09 14:04:00,2010-06-09 14:04:00,"2","Not_High_Value"
"17972",242.023611111111,1,135.19,135.19,36,30,30,"United Kingdom",2011-04-12 12:16:00,2011-04-12 12:16:00,"2","Not_High_Value"
"17973",52.0944444444444,1,337.04,337.04,176,30,15,"United Kingdom",2011-10-19 10:34:00,2011-10-19 10:34:00,"2","Not_High_Value"
"17974",25.0506944444444,6,1739.09,289.848333333333,1189,0.469179334388022,279,"United Kingdom",2010-10-28 20:03:00,2011-11-15 11:37:00,"1","High_Value"
"17975",15.9743055555556,24,6696.33,279.01375,2179,1.51233365861343,243,"United Kingdom",2010-08-06 11:24:00,2011-11-24 13:27:00,"1","High_Value"
"17976",372.959027777778,1,321.79,321.79,93,30,56,"United Kingdom",2010-12-02 13:49:00,2010-12-02 13:49:00,"2","Not_High_Value"
"17977",29.9736111111111,2,1511.45,755.725,1948,0.161307787954938,94,"United Kingdom",2010-11-04 14:26:00,2011-11-10 13:28:00,"1","High_Value"
"17978",365.947916666667,4,1159.99,289.9975,1297,0.326951967577263,62,"United Kingdom",2009-12-08 13:27:00,2010-12-09 14:05:00,"1","High_Value"
"17979",36.03125,4,732.41,183.1025,383,0.533282309408668,116,"United Kingdom",2011-03-25 11:34:00,2011-11-04 12:05:00,"1","High_Value"
"17980",166.034027777778,4,1012.72,253.18,771,0.524273435295617,41,"United Kingdom",2010-11-11 14:42:00,2011-06-27 12:01:00,"1","High_Value"
"17981",411.090277777778,1,239.12,239.12,260,30,17,"United Kingdom",2010-10-25 10:40:00,2010-10-25 10:40:00,"2","Not_High_Value"
"17982",681.133333333333,1,138.18,138.18,117,30,13,"United Kingdom",2010-01-28 09:38:00,2010-01-28 09:38:00,"2","Not_High_Value"
"17983",395.976388888889,1,171.71,171.71,108,29.9791811242193,23,"United Kingdom",2010-11-09 13:23:00,2010-11-09 13:24:00,"2","Not_High_Value"
"17984",145.86875,5,1152.19,230.438,939,0.252452057484269,209,"United Kingdom",2009-12-01 11:51:00,2011-07-17 15:59:00,"1","High_Value"
"17985",22.9347222222222,1,631.35,631.35,171,30,20,"United Kingdom",2011-11-17 14:24:00,2011-11-17 14:24:00,"2","Not_High_Value"
"17986",56.9361111111111,1,20.8,20.8,10,30,1,"United Kingdom",2011-10-14 14:22:00,2011-10-14 14:22:00,"2","Not_High_Value"
"17987",185.936111111111,5,965.44,193.088,981,0.409696919117103,139,"United Kingdom",2010-06-07 11:23:00,2011-06-07 14:22:00,"1","High_Value"
"17988",12.0763888888889,14,489.54,34.9671428571429,186,0.581804189413434,115,"United Kingdom",2009-12-07 13:35:00,2011-11-28 11:00:00,"1","High_Value"
"17989",379.959027777778,1,207.33,207.33,300,30,26,"United Kingdom",2010-11-25 13:49:00,2010-11-25 13:49:00,"2","Not_High_Value"
"17990",237.045833333333,6,1527.61,254.601666666667,777,0.362281872628291,40,"United Kingdom",2009-12-07 15:19:00,2011-04-17 11:44:00,"1","High_Value"
"17991",225.869444444444,3,300.3,100.1,93,0.245142545850735,37,"United Kingdom",2010-04-27 12:46:00,2011-04-28 15:58:00,"2","Not_High_Value"
"17992",389.990277777778,1,252.88,252.88,130,30,49,"United Kingdom",2010-11-15 13:04:00,2010-11-15 13:04:00,"2","Not_High_Value"
"17993",617.935416666667,1,225.99,225.99,108,30,60,"United Kingdom",2010-04-01 14:23:00,2010-04-01 14:23:00,"2","Not_High_Value"
"17994",122.047916666667,11,2270.03,206.366363636364,2181,0.659941338547685,227,"United Kingdom",2010-03-29 10:37:00,2011-08-10 11:41:00,"1","High_Value"
"17995",282.013888888889,3,495.48,165.16,263,0.842603488742531,28,"United Kingdom",2010-11-17 17:01:00,2011-03-03 12:30:00,"2","Not_High_Value"
"17996",380.076388888889,3,482.33,160.776666666667,587,0.535820599325263,63,"United Kingdom",2010-06-11 11:48:00,2010-11-25 11:00:00,"2","Not_High_Value"
"17997",74.8590277777778,8,1962.46,245.3075,2273,2.63887298133089,133,"United Kingdom",2011-06-28 17:28:00,2011-09-26 16:13:00,"1","High_Value"
"17998",380.888194444444,3,639.24,213.08,561,0.25062656641604,57,"United Kingdom",2009-12-01 13:07:00,2010-11-24 15:31:00,"1","High_Value"
"17999",37.8708333333333,3,528.46,176.153333333333,286,0.263072426112374,125,"United Kingdom",2010-11-26 13:16:00,2011-11-02 15:56:00,"1","High_Value"
"18000",564.802777777778,1,124.25,124.25,109,30,6,"United Kingdom",2010-05-24 17:34:00,2010-05-24 17:34:00,"2","Not_High_Value"
"18001",12.8666666666667,6,924.14,154.023333333333,874,0.247928192649388,120,"United Kingdom",2009-12-02 15:38:00,2011-11-27 16:02:00,"1","High_Value"
"18002",376.078472222222,4,244.37,61.0925,71,0.336140992471842,52,"United Kingdom",2009-12-08 11:07:00,2010-11-29 10:57:00,"2","Not_High_Value"
"18003",376.903472222222,1,353.51,353.51,297,30,23,"United Kingdom",2010-11-28 15:09:00,2010-11-28 15:09:00,"2","Not_High_Value"
"18004",362.960416666667,1,157.92,157.92,75,30,32,"United Kingdom",2010-12-12 13:47:00,2010-12-12 13:47:00,"2","Not_High_Value"
"18005",4.04097222222222,2,226.47,113.235,86,1.3368197923597,52,"United Kingdom",2011-10-23 14:40:00,2011-12-06 11:51:00,"2","Not_High_Value"
"18006",23.8319444444444,4,969.51,242.3775,395,0.171383515246488,57,"United Kingdom",2009-12-17 12:27:00,2011-11-16 16:52:00,"1","High_Value"
"18007",393.070833333333,1,215.22,215.22,246,30,46,"United Kingdom",2010-11-12 11:08:00,2010-11-12 11:08:00,"2","Not_High_Value"
"18008",70.8979166666667,23,19759.08,859.090434782609,7825,1.08985369898715,77,"United Kingdom",2010-01-06 12:35:00,2011-09-30 15:17:00,"1","High_Value"
"18009",235.968055555556,8,2144.23,268.02875,651,0.574060631832127,145,"United Kingdom",2010-02-25 11:49:00,2011-04-18 13:36:00,"1","High_Value"
"18010",257.015972222222,1,174.8,174.8,60,30,14,"United Kingdom",2011-03-28 12:27:00,2011-03-28 12:27:00,"2","Not_High_Value"
"18011",373.802083333333,2,410.79,205.395,125,0.307421890288813,63,"United Kingdom",2010-05-21 13:28:00,2010-12-01 17:35:00,"2","Not_High_Value"
"18012",723.981944444444,1,115.3,115.3,63,30,13,"United Kingdom",2009-12-16 13:16:00,2009-12-16 13:16:00,"2","Not_High_Value"
"18013",155.94375,2,187.29,93.645,285,59.8752598752599,31,"United Kingdom",2011-07-07 14:08:00,2011-07-07 14:11:00,"2","Not_High_Value"
"18014",28.8902777777778,1,162.22,162.22,66,30,29,"United Kingdom",2011-11-11 15:28:00,2011-11-11 15:28:00,"2","Not_High_Value"
"18015",4.91736111111111,1,120.03,120.03,157,30,46,"United Kingdom",2011-12-05 14:49:00,2011-12-05 14:49:00,"2","Not_High_Value"
"18016",32.9756944444444,7,1954.56,279.222857142857,1207,0.323130432924256,115,"United Kingdom",2010-01-27 16:00:00,2011-11-07 13:25:00,"1","High_Value"
"18017",81.8576388888889,4,688,172,400,0.341837057669178,1,"United Kingdom",2010-10-04 15:11:00,2011-09-19 16:15:00,"2","Not_High_Value"
"18018",108.800694444444,4,297.99,74.4975,186,0.38305343240703,43,"United Kingdom",2010-10-15 11:05:00,2011-08-23 17:37:00,"2","Not_High_Value"
"18019",52.0277777777778,1,38.45,38.45,7,30,5,"United Kingdom",2011-10-19 12:10:00,2011-10-19 12:10:00,"2","Not_High_Value"
"18020",544.013194444444,1,190.48,190.48,67,30,12,"United Kingdom",2010-06-14 12:31:00,2010-06-14 12:31:00,"2","Not_High_Value"
"18021",510.081944444444,2,216.41,108.205,168,16.3481551561022,32,"United Kingdom",2010-07-15 18:47:00,2010-07-18 10:52:00,"2","Not_High_Value"
"18022",36.0034722222222,5,1507.25,301.45,1311,0.292998157909729,306,"United Kingdom",2010-06-11 13:59:00,2011-11-04 12:45:00,"1","High_Value"
"18024",153.006944444444,2,389.78,194.89,184,59.504132231405,21,"United Kingdom",2011-07-10 12:28:00,2011-07-10 12:40:00,"2","Not_High_Value"
"18025",380.009027777778,6,1177.72,196.286666666667,1053,0.747525551992248,83,"United Kingdom",2010-03-30 17:33:00,2010-11-25 12:37:00,"1","High_Value"
"18026",501.092361111111,2,2074.07,1037.035,530,10.4146576663452,12,"United Kingdom",2010-07-22 16:21:00,2010-07-27 10:37:00,"2","Not_High_Value"
"18027",99.0916666666667,1,115.31,115.31,78,30,21,"United Kingdom",2011-09-02 10:38:00,2011-09-02 10:38:00,"2","Not_High_Value"
"18028",583.973611111111,1,192.05,192.05,133,30,4,"United Kingdom",2010-05-05 13:28:00,2010-05-05 13:28:00,"2","Not_High_Value"
"18029",642.888888888889,1,433.77,433.77,253,30,18,"United Kingdom",2010-03-07 15:30:00,2010-03-07 15:30:00,"2","Not_High_Value"
"18030",4.84236111111111,2,230.65,115.325,67,1.53403643336529,8,"United Kingdom",2011-10-28 13:55:00,2011-12-05 16:37:00,"2","Not_High_Value"
"18031",379.076388888889,1,451.3,451.3,298,30,49,"United Kingdom",2010-11-26 11:00:00,2010-11-26 11:00:00,"2","Not_High_Value"
"18032",334.8875,1,73.5,73.5,42,30,5,"United Kingdom",2011-01-09 15:32:00,2011-01-09 15:32:00,"2","Not_High_Value"
"18033",65.8069444444444,1,93.82,93.82,252,30,32,"United Kingdom",2011-10-05 17:28:00,2011-10-05 17:28:00,"2","Not_High_Value"
"18034",22.0194444444444,3,754.2,251.4,951,0.253528070017567,182,"United Kingdom",2010-11-29 12:36:00,2011-11-18 12:22:00,"1","High_Value"
"18035",36.0076388888889,5,1260.23,252.046,1134,0.427403700603708,52,"United Kingdom",2010-11-19 13:42:00,2011-11-04 12:39:00,"1","High_Value"
"18036",32.9236111111111,11,1545.49,140.499090909091,741,0.478185792085784,221,"United Kingdom",2009-12-18 12:04:00,2011-11-07 14:40:00,"1","High_Value"
"18037",154.965972222222,15,167.42,11.1613333333333,37,0.769238987596021,31,"United Kingdom",2009-12-01 13:48:00,2011-07-08 13:39:00,"2","Not_High_Value"
"18038",556.86875,1,141.48,141.48,80,30,25,"United Kingdom",2010-06-01 15:59:00,2010-06-01 15:59:00,"2","Not_High_Value"
"18039",374.988194444444,4,548.22,137.055,555,0.44931199101376,137,"United Kingdom",2010-03-09 11:19:00,2010-11-30 13:07:00,"1","High_Value"
"18040",19.9375,2,357.2,178.6,148,0.264032050557248,18,"United Kingdom",2011-04-08 08:27:00,2011-11-20 14:20:00,"2","Not_High_Value"
"18041",12.0493055555556,38,8018.77,211.020263157895,7316,1.6665059311409,464,"United Kingdom",2010-01-14 10:04:00,2011-11-28 11:39:00,"1","High_Value"
"18042",54.0423611111111,2,281.15,140.575,69,0.122689629318277,13,"United Kingdom",2010-06-16 10:53:00,2011-10-17 11:49:00,"2","Not_High_Value"
"18043",25.0013888888889,3,529.29,176.43,265,0.262383764599652,106,"United Kingdom",2010-12-08 12:35:00,2011-11-15 12:48:00,"1","High_Value"
"18044",4.93333333333333,18,3505.61,194.756111111111,1598,0.969557925973953,128,"United Kingdom",2010-05-28 15:31:00,2011-12-05 14:26:00,"1","High_Value"
"18045",45.9881944444444,1,178.34,178.34,138,30,43,"United Kingdom",2011-10-25 13:07:00,2011-10-25 13:07:00,"2","Not_High_Value"
"18046",650.051388888889,1,189.63,189.63,44,30,26,"United Kingdom",2010-02-28 11:36:00,2010-02-28 11:36:00,"2","Not_High_Value"
"18047",381.985416666667,2,326.09,163.045,130,59.4222833562586,74,"United Kingdom",2010-11-23 12:57:00,2010-11-23 13:11:00,"2","Not_High_Value"
"18048",203.911111111111,3,394.93,131.643333333333,256,0.309193496439265,56,"United Kingdom",2010-08-03 13:03:00,2011-05-20 14:58:00,"2","Not_High_Value"
"18049",437.933333333333,2,500.92,250.46,402,0.38950149218743,82,"United Kingdom",2010-04-28 13:24:00,2010-09-28 14:26:00,"2","Not_High_Value"
"18050",359.934027777778,2,412.06,206.03,250,1.71721588424693,22,"United Kingdom",2010-11-11 15:51:00,2010-12-15 14:25:00,"2","Not_High_Value"
"18051",634.952777777778,7,2282.28,326.04,1661,2.1633841509218,41,"United Kingdom",2009-12-09 12:17:00,2010-03-15 13:58:00,"1","High_Value"
"18052",565.06875,1,10877.18,10877.18,17766,30,16,"United Kingdom",2010-05-24 11:11:00,2010-05-24 11:11:00,"1","High_Value"
"18053",71.15625,3,571.07,190.356666666667,409,0.196569438609211,29,"United Kingdom",2010-06-30 12:36:00,2011-09-30 09:05:00,"1","High_Value"
"18054",393.188888888889,1,176.5,176.5,96,30,11,"United Kingdom",2010-11-12 08:18:00,2010-11-12 08:18:00,"2","Not_High_Value"
"18055",7.93402777777778,14,10142.64,724.474285714286,3534,1.03183891847995,320,"United Kingdom",2010-10-22 13:27:00,2011-12-02 14:25:00,"1","High_Value"
"18056",288.932638888889,2,554.6,277.3,334,0.181224017216282,28,"United Kingdom",2010-03-31 12:29:00,2011-02-24 14:27:00,"2","Not_High_Value"
"18057",393.829861111111,3,1188.46,396.153333333333,970,0.301835467064767,121,"United Kingdom",2010-01-18 12:42:00,2010-11-11 16:55:00,"1","High_Value"
"18058",10.175,3,774.06,258.02,394,0.136579196964907,12,"United Kingdom",2010-02-10 09:38:00,2011-11-30 08:38:00,"1","High_Value"
"18059",23.8340277777778,3,306.46,102.153333333333,258,1.98654179248609,17,"United Kingdom",2011-10-03 09:30:00,2011-11-16 16:49:00,"2","Not_High_Value"
"18060",408.839583333333,2,1185.46,592.73,902,0.381344149854127,74,"United Kingdom",2010-05-24 08:34:00,2010-10-27 16:41:00,"1","High_Value"
"18061",22.0625,28,6083.81,217.278928571429,3359,1.17484343191036,30,"United Kingdom",2009-12-04 11:36:00,2011-11-18 11:20:00,"1","High_Value"
"18062",173.91875,6,1632.67,272.111666666667,831,0.423285953177257,46,"United Kingdom",2010-04-21 08:55:00,2011-06-19 14:47:00,"1","High_Value"
"18063",391.086111111111,2,186.6,93.3,48,0.245998957921081,2,"United Kingdom",2010-03-16 13:05:00,2010-11-14 10:46:00,"2","Not_High_Value"
"18064",133.840972222222,11,4481.83,407.439090909091,2685,0.606541767395317,53,"United Kingdom",2010-02-01 15:01:00,2011-07-29 16:39:00,"1","High_Value"
"18065",6.09722222222222,29,5866.63,202.297586206897,2265,1.19872549301031,193,"United Kingdom",2009-12-09 16:00:00,2011-12-04 10:30:00,"1","High_Value"
"18066",75.8888888888889,3,1440.4,480.133333333333,535,0.263807127677764,37,"United Kingdom",2010-10-20 11:42:00,2011-09-25 15:30:00,"1","High_Value"
"18067",40.8694444444444,1,396.33,396.33,189,30,36,"United Kingdom",2011-10-30 15:58:00,2011-10-30 15:58:00,"2","Not_High_Value"
"18068",289.916666666667,1,101.7,101.7,6,30,1,"United Kingdom",2011-02-23 14:50:00,2011-02-23 14:50:00,"2","Not_High_Value"
"18069",26.8659722222222,11,4464.92,405.901818181818,3168,0.528852627959076,602,"United Kingdom",2010-02-28 16:14:00,2011-11-13 16:03:00,"1","High_Value"
"18070",669.973611111111,1,314.1,314.1,86,30,9,"United Kingdom",2010-02-08 13:28:00,2010-02-08 13:28:00,"2","Not_High_Value"
"18071",258.035416666667,6,1169.68,194.946666666667,678,0.376520900396277,52,"United Kingdom",2009-12-05 10:31:00,2011-03-27 11:59:00,"1","High_Value"
"18072",186.0875,1,247.44,247.44,288,30,18,"United Kingdom",2011-06-07 10:44:00,2011-06-07 10:44:00,"2","Not_High_Value"
"18073",114.95,12,3859.82,321.651666666667,3102,4.29765220851572,23,"United Kingdom",2011-05-26 19:38:00,2011-08-17 14:02:00,"1","High_Value"
"18074",374.122916666667,2,1019.44,509.72,361,0.451217346800222,37,"United Kingdom",2010-07-22 10:31:00,2010-12-01 09:53:00,"1","High_Value"
"18075",23.8951388888889,20,5783.29,289.1645,3281,1.26011078473982,180,"United Kingdom",2010-07-29 11:47:00,2011-11-16 15:21:00,"1","High_Value"
"18076",380.95,1,151.49,151.49,164,30,8,"United Kingdom",2010-11-24 14:02:00,2010-11-24 14:02:00,"2","Not_High_Value"
"18077",8.97083333333333,18,4078.79,226.599444444444,3020,0.744747689902999,141,"United Kingdom",2009-12-07 11:40:00,2011-12-01 13:32:00,"1","High_Value"
"18078",217.929166666667,4,725.53,181.3825,370,0.291300433916271,65,"United Kingdom",2010-03-21 15:50:00,2011-05-06 14:32:00,"1","High_Value"
"18079",45.8909722222222,5,4203.93,840.786,8730,0.335472488149745,107,"United Kingdom",2010-08-05 12:19:00,2011-10-25 15:27:00,"1","High_Value"
"18080",19.2,2,1231.5,615.75,642,0.266772058097026,2,"United Kingdom",2011-04-11 10:10:00,2011-11-21 08:02:00,"1","High_Value"
"18081",36.8472222222222,3,343.45,114.483333333333,195,0.91658769113258,14,"United Kingdom",2011-07-29 11:56:00,2011-11-03 16:30:00,"2","Not_High_Value"
"18082",26.0034722222222,1,680.84,680.84,608,30,62,"United Kingdom",2011-11-14 12:45:00,2011-11-14 12:45:00,"2","Not_High_Value"
"18083",398.045833333333,1,463.53,463.53,268,30,36,"United Kingdom",2010-11-07 11:44:00,2010-11-07 11:44:00,"2","Not_High_Value"
"18084",16.9534722222222,3,795.23,265.076666666667,755,0.241130634754069,7,"United Kingdom",2010-11-16 08:09:00,2011-11-23 13:57:00,"1","High_Value"
"18085",330.897916666667,4,1341.85,335.4625,507,0.401151453245427,42,"United Kingdom",2010-03-21 11:57:00,2011-01-13 15:17:00,"1","High_Value"
"18086",274.969444444444,1,101.34,101.34,106,30,7,"United Kingdom",2011-03-10 13:34:00,2011-03-10 13:34:00,"2","Not_High_Value"
"18087",98.9013888888889,17,14761.52,868.324705882353,7775,0.795348338529884,44,"United Kingdom",2009-12-01 09:43:00,2011-09-02 15:12:00,"1","High_Value"
"18088",61.9645833333333,1,166.03,166.03,107,30,35,"United Kingdom",2011-10-09 13:41:00,2011-10-09 13:41:00,"2","Not_High_Value"
"18089",447.036805555556,1,428.45,428.45,95,30,9,"United Kingdom",2010-09-19 11:57:00,2010-09-19 11:57:00,"2","Not_High_Value"
"18090",422.0125,1,321.9,321.9,307,30,47,"United Kingdom",2010-10-14 12:32:00,2010-10-14 12:32:00,"2","Not_High_Value"
"18091",593.980555555556,1,360.85,360.85,539,30,25,"United Kingdom",2010-04-25 13:18:00,2010-04-25 13:18:00,"2","Not_High_Value"
"18092",2.98333333333333,18,14693.72,816.317777777778,8298,0.735669070016282,42,"United Kingdom",2009-12-04 12:37:00,2011-12-07 13:14:00,"1","High_Value"
"18093",93.8798611111111,8,4452.71,556.58875,3429,0.456083488616388,43,"United Kingdom",2010-03-31 10:27:00,2011-09-07 15:43:00,"1","High_Value"
"18094",82.1402777777778,13,6391.52,491.655384615385,4164,0.628095180577364,55,"United Kingdom",2010-01-07 11:16:00,2011-09-19 09:28:00,"1","High_Value"
"18095",313,5,2303.09,460.618,1623,0.520932565761707,37,"United Kingdom",2010-04-19 14:09:00,2011-01-31 12:50:00,"1","High_Value"
"18096",12.0041666666667,6,1657.87,276.311666666667,1409,0.357905260047445,299,"United Kingdom",2010-07-14 14:30:00,2011-11-28 12:44:00,"1","High_Value"
"18097",8.06527777777778,11,4627.92,420.72,2716,0.460889384607924,86,"United Kingdom",2009-12-17 11:06:00,2011-12-02 11:16:00,"1","High_Value"
"18098",396.846527777778,1,527.94,527.94,215,30,85,"United Kingdom",2010-11-08 16:31:00,2010-11-08 16:31:00,"2","Not_High_Value"
"18099",127.873611111111,1,168.31,168.31,149,30,19,"United Kingdom",2011-08-04 15:52:00,2011-08-04 15:52:00,"2","Not_High_Value"
"18100",550.938194444444,1,451.56,451.56,440,30,30,"United Kingdom",2010-06-07 14:19:00,2010-06-07 14:19:00,"2","Not_High_Value"
"18101",11.9673611111111,5,622.01,124.402,247,0.225907158433083,89,"United Kingdom",2010-02-03 13:52:00,2011-11-28 13:37:00,"1","High_Value"
"18102",1.04166666666667,145,580987.04,4006.80717241379,181645,5.88552540340842,382,"United Kingdom",2009-12-01 09:24:00,2011-12-09 11:50:00,"1","High_Value"
"18103",549.968055555556,1,105.8,105.8,23,30,10,"United Kingdom",2010-06-08 13:36:00,2010-06-08 13:36:00,"2","Not_High_Value"
"18104",37.9465277777778,1,754.64,754.64,362,30,38,"United Kingdom",2011-11-02 14:07:00,2011-11-02 14:07:00,"2","Not_High_Value"
"18105",38.0319444444444,1,113.48,113.48,46,30,18,"United Kingdom",2011-11-02 12:04:00,2011-11-02 12:04:00,"2","Not_High_Value"
"18106",330.01875,6,1441.06,240.176666666667,506,0.493106590544605,126,"United Kingdom",2010-01-15 11:36:00,2011-01-14 12:23:00,"1","High_Value"
"18107",442.990972222222,1,165.88,165.88,65,30,38,"United Kingdom",2010-09-23 13:03:00,2010-09-23 13:03:00,"2","Not_High_Value"
"18108",254.954166666667,3,848.81,282.936666666667,261,0.185932005698472,43,"United Kingdom",2009-12-02 12:47:00,2011-03-30 13:56:00,"1","High_Value"
"18109",2.05138888888889,38,9555.71,251.466052631579,4822,2.16740625532246,203,"United Kingdom",2010-07-01 12:13:00,2011-12-08 11:36:00,"1","High_Value"
"18110",20.0111111111111,2,392.28,196.14,169,0.152700627239035,58,"United Kingdom",2010-10-24 14:21:00,2011-11-20 12:34:00,"1","High_Value"
"18111",589.994444444444,1,405.85,405.85,232,30,27,"United Kingdom",2010-04-29 12:58:00,2010-04-29 12:58:00,"2","Not_High_Value"
"18112",12.9215277777778,4,773.36,193.34,443,0.222187076889844,59,"United Kingdom",2010-06-06 12:40:00,2011-11-27 14:43:00,"1","High_Value"
"18113",369.013194444444,1,76.32,76.32,72,30,1,"United Kingdom",2010-12-06 12:31:00,2010-12-06 12:31:00,"2","Not_High_Value"
"18114",290.979166666667,1,220.1,220.1,55,30,28,"United Kingdom",2011-02-22 13:20:00,2011-02-22 13:20:00,"2","Not_High_Value"
"18115",698.036805555556,1,9.7,9.7,3,30,3,"United Kingdom",2010-01-11 11:57:00,2010-01-11 11:57:00,"2","Not_High_Value"
"18116",68.0763888888889,13,2134.49,164.191538461538,1267,1.13104720551184,311,"United Kingdom",2010-10-24 15:29:00,2011-10-03 11:00:00,"1","High_Value"
"18117",26.0020833333333,1,315.65,315.65,605,30,68,"United Kingdom",2011-11-14 12:47:00,2011-11-14 12:47:00,"2","Not_High_Value"
"18118",11.0541666666667,29,6221.02,214.517931034483,3184,2.33925117074592,444,"United Kingdom",2010-11-23 13:36:00,2011-11-29 11:32:00,"1","High_Value"
"18119",368.035416666667,1,180.7,180.7,124,30,29,"United Kingdom",2010-12-07 11:59:00,2010-12-07 11:59:00,"2","Not_High_Value"
"18120",214.961805555556,1,111.15,111.15,31,30,17,"United Kingdom",2011-05-09 13:45:00,2011-05-09 13:45:00,"2","Not_High_Value"
"18121",149.997916666667,2,653.3,326.65,438,9.95506394745938,28,"United Kingdom",2011-07-08 12:14:00,2011-07-13 12:53:00,"2","Not_High_Value"
"18122",8.9875,6,1793.06,298.843333333333,1225,1.25818524253559,239,"United Kingdom",2011-07-12 11:37:00,2011-12-01 13:08:00,"1","High_Value"
"18123",24.9354166666667,3,666.64,222.213333333333,616,0.183648483199565,53,"United Kingdom",2010-07-14 12:47:00,2011-11-15 14:23:00,"1","High_Value"
"18124",472.811805555556,1,102.65,102.65,47,30,20,"United Kingdom",2010-08-24 17:21:00,2010-08-24 17:21:00,"2","Not_High_Value"
"18125",30.0145833333333,4,1131.75,282.9375,800,0.416820441569155,164,"United Kingdom",2011-01-27 15:02:00,2011-11-10 12:29:00,"1","High_Value"
"18126",61.0215277777778,1,200.92,200.92,135,30,52,"United Kingdom",2011-10-10 12:19:00,2011-10-10 12:19:00,"2","Not_High_Value"
"18127",19.9479166666667,4,556.13,139.0325,250,0.311683251895261,56,"United Kingdom",2010-11-01 13:56:00,2011-11-20 14:05:00,"1","High_Value"
"18128",537.979861111111,1,399.29,399.29,216,30,42,"United Kingdom",2010-06-20 13:19:00,2010-06-20 13:19:00,"2","Not_High_Value"
"18129",243.940277777778,1,112.55,112.55,48,30,13,"United Kingdom",2011-04-10 14:16:00,2011-04-10 14:16:00,"2","Not_High_Value"
"18130",15.9236111111111,3,1059.39,353.13,824,2.09566314155428,58,"United Kingdom",2011-10-13 15:58:00,2011-11-24 14:40:00,"1","High_Value"
"18131",632.168055555556,1,222.96,222.96,552,30,4,"United Kingdom",2010-03-18 08:48:00,2010-03-18 08:48:00,"2","Not_High_Value"
"18132",504.830555555556,1,220.13,220.13,212,30,60,"United Kingdom",2010-07-23 16:54:00,2010-07-23 16:54:00,"2","Not_High_Value"
"18133",212.941666666667,1,931.5,931.5,1350,30,1,"United Kingdom",2011-05-11 14:14:00,2011-05-11 14:14:00,"2","Not_High_Value"
"18134",598.95,2,445,222.5,128,0.618012489002382,27,"United Kingdom",2010-01-14 11:59:00,2010-04-20 14:02:00,"2","Not_High_Value"
"18135",29.7208333333333,10,1249.62,124.962,753,0.494858398331228,23,"United Kingdom",2010-03-15 13:55:00,2011-11-10 19:32:00,"1","High_Value"
"18136",63.8819444444444,5,1631.36,326.272,860,0.38561099705436,77,"United Kingdom",2010-09-14 15:50:00,2011-10-07 15:40:00,"1","High_Value"
"18137",551.938888888889,2,145.99,72.995,59,58.6558044806517,26,"United Kingdom",2010-06-06 13:45:00,2010-06-06 14:18:00,"2","Not_High_Value"
"18138",295.915972222222,1,152.65,152.65,38,30,8,"United Kingdom",2011-02-17 14:51:00,2011-02-17 14:51:00,"2","Not_High_Value"
"18139",18.0875,6,8438.34,1406.39,5557,96.7886482449589,35,"United Kingdom",2011-11-21 14:06:00,2011-11-22 10:44:00,"1","High_Value"
"18140",474.036111111111,1,536.41,536.41,395,30,49,"West Indies",2010-08-23 11:58:00,2010-08-23 11:58:00,"2","Not_High_Value"
"18141",402.045833333333,2,882.47,441.235,433,0.317726490446141,38,"United Kingdom",2010-04-29 15:32:00,2010-11-03 11:44:00,"1","High_Value"
"18142",157.979861111111,2,1019.52,509.76,1276,1.01637492941841,9,"United Kingdom",2011-05-08 12:31:00,2011-07-05 13:19:00,"1","High_Value"
"18143",117.029861111111,2,1000.16,500.08,570,2.30258774618234,59,"United Kingdom",2011-07-21 10:44:00,2011-08-15 12:07:00,"1","High_Value"
"18144",8.00277777777778,19,4892.95,257.523684210526,2144,0.795126171062561,51,"United Kingdom",2009-12-16 15:57:00,2011-12-02 12:46:00,"1","High_Value"
"18145",13.0611111111111,11,5609.74,509.976363636364,5104,0.458363395747406,250,"United Kingdom",2009-12-08 12:30:00,2011-11-27 11:22:00,"1","High_Value"
"18146",141.029166666667,2,160.35,80.175,153,0.742440256760589,10,"United Kingdom",2011-05-03 16:35:00,2011-07-22 12:08:00,"2","Not_High_Value"
"18147",46.0444444444444,2,179.34,89.67,203,0.937866354044549,7,"United Kingdom",2011-08-23 12:22:00,2011-10-25 11:46:00,"2","Not_High_Value"
"18148",647.048611111111,1,112.85,112.85,63,30,9,"United Kingdom",2010-03-03 11:40:00,2010-03-03 11:40:00,"2","Not_High_Value"
"18149",51.0319444444444,7,1553.96,221.994285714286,869,0.358377488584421,54,"United Kingdom",2010-03-14 12:41:00,2011-10-20 12:04:00,"1","High_Value"
"18150",32.8340277777778,3,566.58,188.86,332,0.528630048702491,29,"United Kingdom",2011-05-22 10:47:00,2011-11-07 16:49:00,"1","High_Value"
"18151",135.052083333333,6,1879.44,313.24,986,0.351539613306425,99,"United Kingdom",2010-03-04 10:47:00,2011-07-28 11:35:00,"1","High_Value"
"18152",646.891666666667,1,426.69,426.69,75,30,10,"United Kingdom",2010-03-03 15:26:00,2010-03-03 15:26:00,"2","Not_High_Value"
"18153",659.875,1,246.22,246.22,200,30,17,"United Kingdom",2010-02-18 15:50:00,2010-02-18 15:50:00,"2","Not_High_Value"
"18154",3.83958333333333,5,932.6,186.52,626,0.307183398443889,34,"United Kingdom",2010-08-06 09:18:00,2011-12-06 16:41:00,"1","High_Value"
"18155",75.9708333333333,3,371.62,123.873333333333,266,0.414513075072924,19,"United Kingdom",2011-02-21 10:36:00,2011-09-25 13:32:00,"2","Not_High_Value"
"18156",13.0180555555556,2,675.64,337.82,283,0.167599390900362,100,"United Kingdom",2010-12-05 12:29:00,2011-11-27 12:24:00,"1","High_Value"
"18157",571.945138888889,1,213.9,213.9,145,30,25,"United Kingdom",2010-05-17 14:09:00,2010-05-17 14:09:00,"2","Not_High_Value"
"18158",9.85486111111111,2,453.4,226.7,354,0.747172160918745,24,"United Kingdom",2011-09-12 09:03:00,2011-11-30 16:19:00,"1","High_Value"
"18159",301.933333333333,1,530.15,530.15,139,30,23,"United Kingdom",2011-02-11 14:26:00,2011-02-11 14:26:00,"2","Not_High_Value"
"18160",57.875,3,1003.88,334.626666666667,519,0.272751953564822,56,"United Kingdom",2010-11-18 16:33:00,2011-10-13 15:50:00,"1","High_Value"
"18161",15.8402777777778,6,1803.1,300.516666666667,965,0.493108466740861,57,"United Kingdom",2010-11-25 15:55:00,2011-11-24 16:40:00,"1","High_Value"
"18162",732.976388888889,1,371.51,371.51,332,30,45,"United Kingdom",2009-12-07 13:24:00,2009-12-07 13:24:00,"2","Not_High_Value"
"18163",584.915972222222,1,728.84,728.84,452,30,33,"United Kingdom",2010-05-04 14:51:00,2010-05-04 14:51:00,"2","Not_High_Value"
"18164",37.9958333333333,1,399.65,399.65,184,30,24,"United Kingdom",2011-11-02 12:56:00,2011-11-02 12:56:00,"2","Not_High_Value"
"18165",177.977083333333,1,302.46,302.46,254,30,10,"United Kingdom",2011-06-15 13:23:00,2011-06-15 13:23:00,"2","Not_High_Value"
"18166",624.016666666667,1,175.5,175.5,90,30,10,"United Kingdom",2010-03-26 12:26:00,2010-03-26 12:26:00,"2","Not_High_Value"
"18167",23.8708333333333,3,1384.86,461.62,382,1.08201977023778,24,"United Kingdom",2011-08-26 11:40:00,2011-11-16 15:56:00,"1","High_Value"
"18168",176.728472222222,16,3435.5,214.71875,1995,0.85549636612076,209,"United Kingdom",2009-12-03 17:29:00,2011-06-16 19:21:00,"1","High_Value"
"18169",61.0222222222222,1,202.65,202.65,61,30,9,"United Kingdom",2011-10-10 12:18:00,2011-10-10 12:18:00,"2","Not_High_Value"
"18170",33.9270833333333,9,2878,319.777777777778,1184,0.404181112225751,59,"United Kingdom",2010-01-08 14:10:00,2011-11-06 14:35:00,"1","High_Value"
"18171",59.1506944444444,9,2437.31,270.812222222222,991,0.417998445407016,76,"United Kingdom",2010-01-05 10:46:00,2011-10-12 09:13:00,"1","High_Value"
"18172",15.0680555555556,52,17467.24,335.908461538462,7407,2.18166138020383,176,"United Kingdom",2009-12-11 09:58:00,2011-11-25 11:12:00,"1","High_Value"
"18173",87.0583333333333,5,2696.36,539.272,1730,0.284613854106411,34,"United Kingdom",2010-04-06 10:43:00,2011-09-14 11:26:00,"1","High_Value"
"18174",7.82916666666667,2,162.5,81.25,80,0.100469906123431,1,"United Kingdom",2010-04-15 12:17:00,2011-12-02 16:56:00,"2","Not_High_Value"
"18175",676.100694444444,1,176.1,176.1,70,30,7,"United Kingdom",2010-02-02 10:25:00,2010-02-02 10:25:00,"2","Not_High_Value"
"18176",358.878472222222,1,476.35,476.35,283,30,30,"United Kingdom",2010-12-16 15:45:00,2010-12-16 15:45:00,"2","Not_High_Value"
"18177",31.9208333333333,9,2216.32,246.257777777778,1238,0.389147508725292,66,"United Kingdom",2009-12-15 18:57:00,2011-11-08 14:44:00,"1","High_Value"
"18178",129.138888888889,11,6103.74,554.885454545455,3850,0.620539707620285,204,"United Kingdom",2010-02-18 14:25:00,2011-08-03 09:30:00,"1","High_Value"
"18179",9.85208333333333,8,2547.55,318.44375,1811,0.366399782874203,101,"United Kingdom",2010-02-14 15:51:00,2011-11-30 16:23:00,"1","High_Value"
"18180",5.17430555555556,6,1843.75,307.291666666667,1721,1.29509343459578,108,"United Kingdom",2011-07-20 08:59:00,2011-12-05 08:39:00,"1","High_Value"
"18181",24.9041666666667,5,1188.34,237.668,510,0.210678677952281,139,"United Kingdom",2009-12-04 15:30:00,2011-11-15 15:08:00,"1","High_Value"
"18182",463.934027777778,1,291.13,291.13,167,30,10,"United Kingdom",2010-09-02 14:25:00,2010-09-02 14:25:00,"2","Not_High_Value"
"18183",227.891666666667,2,632.07,316.035,371,1.2442754687635,36,"United Kingdom",2011-03-10 10:08:00,2011-04-26 15:26:00,"2","Not_High_Value"
"18184",15.8902777777778,1,49.8,49.8,60,30,1,"United Kingdom",2011-11-24 15:28:00,2011-11-24 15:28:00,"2","Not_High_Value"
"18185",249.963888888889,1,304.25,304.25,183,30,17,"United Kingdom",2011-04-04 13:42:00,2011-04-04 13:42:00,"2","Not_High_Value"
"18186",723.102777777778,1,329.58,329.58,338,30,11,"United Kingdom",2009-12-17 10:22:00,2009-12-17 10:22:00,"2","Not_High_Value"
"18187",632.125694444444,1,724.89,724.89,310,30,48,"United Kingdom",2010-03-18 09:49:00,2010-03-18 09:49:00,"2","Not_High_Value"
"18188",15.8361111111111,6,3280.59,546.765,1888,0.295462395228829,95,"United Kingdom",2010-03-26 11:37:00,2011-11-24 16:46:00,"1","High_Value"
"18189",78.0069444444444,3,1403.73,467.91,836,0.163900632712088,79,"United Kingdom",2010-03-24 09:57:00,2011-09-23 12:40:00,"1","High_Value"
"18190",192.918055555556,5,745.62,149.124,490,0.285109747453482,34,"United Kingdom",2009-12-22 12:05:00,2011-05-31 14:48:00,"1","High_Value"
"18191",262.029166666667,2,529.4,264.7,332,0.276793551735406,15,"United Kingdom",2010-08-19 17:42:00,2011-03-23 12:08:00,"2","Not_High_Value"
"18192",72.1229166666667,1,957.97,957.97,339,30,45,"United Kingdom",2011-09-29 09:53:00,2011-09-29 09:53:00,"2","Not_High_Value"
"18193",165.952777777778,3,1207.35,402.45,926,0.32372079081792,66,"United Kingdom",2010-09-23 13:33:00,2011-06-27 13:58:00,"1","High_Value"
"18194",82.9729166666667,6,4162.04,693.673333333333,1774,0.300542994924858,23,"United Kingdom",2010-01-28 15:30:00,2011-09-18 13:29:00,"1","High_Value"
"18195",387.907638888889,1,101.16,101.16,60,30,5,"United Kingdom",2010-11-17 15:03:00,2010-11-17 15:03:00,"2","Not_High_Value"
"18196",95.8527777777778,4,1457.19,364.2975,1038,0.223023281926983,210,"United Kingdom",2010-03-17 14:55:00,2011-09-05 16:22:00,"1","High_Value"
"18197",576.086111111111,1,230.1,230.1,166,30,9,"United Kingdom",2010-05-13 10:46:00,2010-05-13 10:46:00,"2","Not_High_Value"
"18198",4.91736111111111,17,5425.56,319.150588235294,4074,1.53130799224337,81,"United Kingdom",2011-01-07 13:39:00,2011-12-05 14:49:00,"1","High_Value"
"18199",684.054166666667,1,344.75,344.75,99,30,20,"United Kingdom",2010-01-25 11:32:00,2010-01-25 11:32:00,"2","Not_High_Value"
"18200",106.753472222222,1,150.35,150.35,104,30,29,"United Kingdom",2011-08-25 18:45:00,2011-08-25 18:45:00,"2","Not_High_Value"
"18201",723.163194444444,1,447.53,447.53,191,30,27,"United Kingdom",2009-12-17 08:55:00,2009-12-17 08:55:00,"2","Not_High_Value"
"18202",200.026388888889,3,1396.99,465.663333333333,581,0.796871541356157,55,"United Kingdom",2011-02-01 13:36:00,2011-05-24 12:12:00,"1","High_Value"
"18203",157.988194444444,4,492.52,123.13,111,0.208698676792417,40,"United Kingdom",2009-12-08 13:19:00,2011-07-05 13:07:00,"2","Not_High_Value"
"18204",71.8375,3,1975.35,658.45,1190,0.73737753046803,159,"United Kingdom",2011-05-31 15:26:00,2011-09-29 16:44:00,"1","High_Value"
"18205",36.9777777777778,2,517.36,258.68,192,1.53627311522048,30,"United Kingdom",2011-09-26 12:02:00,2011-11-03 13:22:00,"2","Not_High_Value"
"18206",553.960416666667,1,314.66,314.66,246,30,19,"United Kingdom",2010-06-04 13:47:00,2010-06-04 13:47:00,"2","Not_High_Value"
"18207",499.933333333333,1,544.47,544.47,325,30,31,"United Kingdom",2010-07-28 14:26:00,2010-07-28 14:26:00,"2","Not_High_Value"
"18208",566.038888888889,1,360.08,360.08,82,30,17,"United Kingdom",2010-05-23 11:54:00,2010-05-23 11:54:00,"2","Not_High_Value"
"18209",29.0298611111111,1,139.1,139.1,58,30,8,"United Kingdom",2011-11-11 12:07:00,2011-11-11 12:07:00,"2","Not_High_Value"
"18210",2.075,7,2768.83,395.547142857143,1499,0.549655283979475,116,"United Kingdom",2010-11-22 09:39:00,2011-12-08 11:02:00,"1","High_Value"
"18211",26.1944444444444,5,600.07,120.014,359,0.590937319606808,37,"United Kingdom",2011-03-06 12:09:00,2011-11-14 08:10:00,"1","High_Value"
"18212",326.858333333333,2,514.37,257.185,158,0.170423613138398,40,"United Kingdom",2010-01-31 14:42:00,2011-01-17 16:14:00,"2","Not_High_Value"
"18213",237.103472222222,1,232.48,232.48,232,30,15,"United Kingdom",2011-04-17 10:21:00,2011-04-17 10:21:00,"2","Not_High_Value"
"18214",531.061805555556,4,1780.34,445.085,989,4.86842846678312,38,"United Kingdom",2010-06-03 19:47:00,2010-06-27 11:21:00,"1","High_Value"
"18215",89.8645833333333,5,2232.49,446.498,1131,0.280307611649377,53,"United Kingdom",2010-03-26 13:03:00,2011-09-11 16:05:00,"1","High_Value"
"18216",31.8298611111111,1,481.75,481.75,200,30,26,"United Kingdom",2011-11-08 16:55:00,2011-11-08 16:55:00,"2","Not_High_Value"
"18217",29.9805555555556,4,945.04,236.26,740,0.241011243007117,33,"United Kingdom",2010-07-01 15:39:00,2011-11-10 13:18:00,"1","High_Value"
"18218",211.997916666667,4,1121.84,280.46,1028,0.266723468886893,25,"United Kingdom",2010-02-17 15:11:00,2011-05-12 12:53:00,"1","High_Value"
"18219",3.04652777777778,17,3352.7,197.217647058824,1586,0.697736725995823,87,"United Kingdom",2009-12-07 13:17:00,2011-12-07 11:43:00,"1","High_Value"
"18220",227.157638888889,6,1921.76,320.293333333333,1352,0.360801279508241,17,"United Kingdom",2009-12-15 11:42:00,2011-04-27 09:03:00,"1","High_Value"
"18221",22.9236111111111,6,1424.94,237.49,1000,0.487865475612373,71,"United Kingdom",2010-11-14 15:46:00,2011-11-17 14:40:00,"1","High_Value"
"18222",93.0868055555556,1,443,443,335,30,19,"United Kingdom",2011-09-08 10:45:00,2011-09-08 10:45:00,"2","Not_High_Value"
"18223",5.15208333333333,26,14000.85,538.494230769231,6644,1.06576486562652,192,"United Kingdom",2009-12-04 12:20:00,2011-12-05 09:11:00,"1","High_Value"
"18224",264.097222222222,1,158.95,158.95,69,30,10,"United Kingdom",2011-03-21 10:30:00,2011-03-21 10:30:00,"2","Not_High_Value"
"18225",3.97430555555556,26,13014.8,500.569230769231,7282,1.06432676499434,266,"United Kingdom",2009-12-04 16:52:00,2011-12-06 13:27:00,"1","High_Value"
"18226",44.9680555555556,26,11878.88,456.88,7883,1.29752059432728,299,"United Kingdom",2010-03-05 10:05:00,2011-10-26 13:36:00,"1","High_Value"
"18227",218.01875,2,388.75,194.375,22,0.224032692178044,6,"United Kingdom",2010-08-12 16:45:00,2011-05-06 12:23:00,"2","Not_High_Value"
"18228",57.1451388888889,2,779.9,389.95,238,2.5063092855278,23,"United Kingdom",2011-09-21 10:48:00,2011-10-14 09:21:00,"2","Not_High_Value"
"18229",12.1263888888889,28,10150.51,362.518214285714,3071,1.15735026493906,73,"United Kingdom",2009-12-03 14:42:00,2011-11-28 09:48:00,"1","High_Value"
"18230",9.97777777777778,9,4291.06,476.784444444444,1996,0.522102752722307,42,"United Kingdom",2010-07-02 10:01:00,2011-11-30 13:22:00,"1","High_Value"
"18231",192.938888888889,28,6854.17,244.791785714286,2915,1.65652111393376,218,"United Kingdom",2010-01-10 12:13:00,2011-05-31 14:18:00,"1","High_Value"
"18232",82.0423611111111,4,592.97,148.2425,302,1.02735450270216,31,"United Kingdom",2011-05-26 16:30:00,2011-09-19 11:49:00,"2","Not_High_Value"
"18233",326.170833333333,1,440,440,4,30,1,"United Kingdom",2011-01-18 08:44:00,2011-01-18 08:44:00,"2","Not_High_Value"
"18234",552.061111111111,1,179.6,179.6,80,30,30,"United Kingdom",2010-06-06 11:22:00,2010-06-06 11:22:00,"2","Not_High_Value"
"18235",72.1826388888889,3,1796.48,598.826666666667,1578,0.613137028556289,100,"United Kingdom",2011-05-06 13:35:00,2011-09-29 08:27:00,"1","High_Value"
"18236",30.1972222222222,12,1795.35,149.6125,696,0.626338853669411,80,"United Kingdom",2010-04-15 13:39:00,2011-11-10 08:06:00,"1","High_Value"
"18237",3.00069444444444,5,987.1,197.42,622,1.12791377725792,40,"United Kingdom",2011-07-28 13:05:00,2011-12-07 12:49:00,"1","High_Value"
"18238",515.999305555556,1,270.92,270.92,114,30,14,"United Kingdom",2010-07-12 12:51:00,2010-07-12 12:51:00,"2","Not_High_Value"
"18239",219.008333333333,6,1712.26,285.376666666667,844,0.877611758372355,85,"United Kingdom",2010-10-13 10:11:00,2011-05-05 12:38:00,"1","High_Value"
"18240",46.9888888888889,1,422.58,422.58,126,30,6,"United Kingdom",2011-10-24 13:06:00,2011-10-24 13:06:00,"2","Not_High_Value"
"18241",10.0277777777778,21,2986.99,142.237619047619,1471,1.03446506456855,101,"United Kingdom",2010-04-01 11:55:00,2011-11-30 12:10:00,"1","High_Value"
"18242",72.9631944444444,8,3605.21,450.65125,2021,0.383261582684029,113,"United Kingdom",2010-01-11 08:49:00,2011-09-28 13:43:00,"1","High_Value"
"18243",414.93125,1,515.78,515.78,221,30,26,"United Kingdom",2010-10-21 14:29:00,2010-10-21 14:29:00,"2","Not_High_Value"
"18244",431.065972222222,2,568.64,284.32,856,0.821566110397946,19,"United Kingdom",2010-07-25 10:30:00,2010-10-05 11:15:00,"2","Not_High_Value"
"18245",7.91805555555556,20,6324.98,316.249,5098,0.944921158140868,336,"United Kingdom",2010-03-08 15:26:00,2011-12-02 14:48:00,"1","High_Value"
"18246",24.0423611111111,3,758.82,252.94,214,0.15330565314596,3,"United Kingdom",2010-04-09 10:19:00,2011-11-16 11:49:00,"2","Not_High_Value"
"18247",415.125694444444,3,839.73,279.91,335,0.413321979735742,28,"United Kingdom",2010-03-18 15:52:00,2010-10-21 09:49:00,"2","Not_High_Value"
"18248",123.104861111111,2,804.02,402.01,511,0.924845591462305,39,"United Kingdom",2011-06-06 13:18:00,2011-08-09 10:19:00,"1","High_Value"
"18249",17.9048611111111,1,95.34,95.34,128,30,8,"United Kingdom",2011-11-22 15:07:00,2011-11-22 15:07:00,"2","Not_High_Value"
"18250",310.981944444444,1,349.27,349.27,199,30,21,"United Kingdom",2011-02-02 13:16:00,2011-02-02 13:16:00,"2","Not_High_Value"
"18251",87.9076388888889,9,26278.86,2919.87333333333,39639,0.427806545176063,87,"United Kingdom",2009-12-22 12:01:00,2011-09-13 15:03:00,"1","High_Value"
"18252",51.0048611111111,7,1533.69,219.098571428571,932,0.312567831560669,125,"United Kingdom",2009-12-18 16:13:00,2011-10-20 12:43:00,"1","High_Value"
"18253",643.008333333333,1,317.88,317.88,128,30,7,"United Kingdom",2010-03-07 12:38:00,2010-03-07 12:38:00,"2","Not_High_Value"
"18254",581.925694444444,1,267.9,267.9,188,30,16,"United Kingdom",2010-05-07 14:37:00,2010-05-07 14:37:00,"2","Not_High_Value"
"18255",89.9819444444445,2,303.15,151.575,201,0.163103497097551,16,"United Kingdom",2010-09-09 16:31:00,2011-09-11 13:16:00,"2","Not_High_Value"
"18256",388.164583333333,1,110.7,110.7,180,30,10,"United Kingdom",2010-11-17 08:53:00,2010-11-17 08:53:00,"2","Not_High_Value"
"18257",39.9180555555556,12,4600.15,383.345833333333,2369,0.579769792025481,219,"United Kingdom",2010-02-18 16:20:00,2011-10-31 14:48:00,"1","High_Value"
"18258",464.9375,6,2059.67,343.278333333333,1981,1.64964200477327,30,"United Kingdom",2010-05-16 11:35:00,2010-09-01 14:20:00,"1","High_Value"
"18259",25.0111111111111,7,3941.9,563.128571428571,1274,0.296541525619854,51,"United Kingdom",2009-12-08 08:38:00,2011-11-15 12:34:00,"1","High_Value"
"18260",173.009027777778,23,9947.26,432.489565217391,5244,1.2478539950543,212,"United Kingdom",2009-12-15 13:50:00,2011-06-20 12:37:00,"1","High_Value"
"18261",43.8847222222222,2,324.24,162.12,146,1.12673117550403,19,"United Kingdom",2011-09-05 09:34:00,2011-10-27 15:36:00,"2","Not_High_Value"
"18262",140.865277777778,3,577.54,192.513333333333,552,0.194262365114317,40,"United Kingdom",2010-04-16 09:05:00,2011-07-22 16:04:00,"1","High_Value"
"18263",26.1597222222222,3,1213.16,404.386666666667,1468,0.394938930739413,59,"United Kingdom",2011-04-01 11:48:00,2011-11-14 09:00:00,"1","High_Value"
"18264",499.116666666667,1,603.25,603.25,241,30,36,"United Kingdom",2010-07-29 10:02:00,2010-07-29 10:02:00,"2","Not_High_Value"
"18265",72.9444444444444,2,801.51,400.755,311,0.69007379955912,44,"United Kingdom",2011-07-04 15:26:00,2011-09-28 14:10:00,"1","High_Value"
"18266",434.886805555556,1,251.1,251.1,138,30,14,"United Kingdom",2010-10-01 15:33:00,2010-10-01 15:33:00,"2","Not_High_Value"
"18267",673.171527777778,1,269.37,269.37,135,30,17,"United Kingdom",2010-02-05 08:43:00,2010-02-05 08:43:00,"2","Not_High_Value"
"18268",134.734027777778,6,1490.23,248.371666666667,711,0.302335401002652,36,"United Kingdom",2009-12-11 10:27:00,2011-07-28 19:13:00,"1","High_Value"
"18269",366.95625,1,168.6,168.6,76,30,7,"United Kingdom",2010-12-08 13:53:00,2010-12-08 13:53:00,"2","Not_High_Value"
"18270",38.9534722222222,3,444.55,148.183333333333,209,0.227772817704416,17,"United Kingdom",2010-10-03 10:49:00,2011-11-01 13:57:00,"2","Not_High_Value"
"18271",610.141666666667,2,680.85,340.425,319,0.48813835106413,19,"United Kingdom",2009-12-08 11:27:00,2010-04-09 09:26:00,"2","Not_High_Value"
"18272",3.00486111111111,9,4385.98,487.331111111111,2880,0.41925917938211,145,"United Kingdom",2010-03-04 12:53:00,2011-12-07 12:43:00,"1","High_Value"
"18273",2.98194444444444,4,357,89.25,140,0.2037226542421,1,"United Kingdom",2010-04-28 12:24:00,2011-12-07 13:16:00,"2","Not_High_Value"
"18274",30.8243055555556,1,175.92,175.92,88,30,11,"United Kingdom",2011-11-09 17:03:00,2011-11-09 17:03:00,"2","Not_High_Value"
"18275",578.877777777778,2,741.85,370.925,417,0.389675405799128,19,"United Kingdom",2009-12-08 16:23:00,2010-05-10 15:46:00,"2","Not_High_Value"
"18276",44.0805555555556,6,1656.52,276.086666666667,1246,0.262109414500961,81,"United Kingdom",2009-12-10 17:14:00,2011-10-27 10:54:00,"1","High_Value"
"18277",58.8944444444444,5,1180.05,236.01,449,0.343088046558319,53,"United Kingdom",2010-08-02 10:26:00,2011-10-12 15:22:00,"1","High_Value"
"18278",74.0361111111111,2,414.2,207.1,140,0.180728562015625,22,"United Kingdom",2010-10-31 12:13:00,2011-09-27 11:58:00,"2","Not_High_Value"
"18279",519.918055555556,1,231.34,231.34,630,30,13,"United Kingdom",2010-07-08 14:48:00,2010-07-08 14:48:00,"2","Not_High_Value"
"18280",278.123611111111,2,488.15,244.075,194,0.509551134989768,28,"United Kingdom",2010-11-10 15:51:00,2011-03-07 09:52:00,"2","Not_High_Value"
"18281",181.08125,2,201.14,100.57,146,0.150752716689582,17,"United Kingdom",2010-05-11 10:49:00,2011-06-12 10:53:00,"2","Not_High_Value"
"18282",8.04652777777778,2,178.05,89.025,103,0.500324284258316,12,"United Kingdom",2011-08-05 13:35:00,2011-12-02 11:43:00,"2","Not_High_Value"
"18283",4.03333333333333,22,2664.9,121.131818181818,1679,1.00643210077876,352,"United Kingdom",2010-02-19 17:16:00,2011-12-06 12:02:00,"1","High_Value"
"18284",432.053472222222,1,461.68,461.68,494,30,28,"United Kingdom",2010-10-04 11:33:00,2010-10-04 11:33:00,"2","Not_High_Value"
"18285",661.101388888889,1,427,427,145,30,12,"United Kingdom",2010-02-17 10:24:00,2010-02-17 10:24:00,"2","Not_High_Value"
"18286",477.036805555556,2,1296.43,648.215,608,0.241886716387825,67,"United Kingdom",2009-12-16 10:45:00,2010-08-20 11:57:00,"1","High_Value"
"18287",43.1395833333333,7,4182.99,597.57,3013,0.396302227627403,120,"United Kingdom",2010-05-17 11:55:00,2011-10-28 09:29:00,"1","High_Value"
